ISO-10303-21;
HEADER;
/* Generated by software containing ST-Developer
 * from STEP Tools, Inc. (www.steptools.com) 
 */
/* OPTION: using custom renumber hook */

FILE_DESCRIPTION(
/* description */ ('STEP AP242 Edition 2',
'CAx-IF Rec.Pracs.---Representation and Presentation of Product Manufa
cturing Information (PMI)---4.0---2014-10-13',
'CAx-IF Rec.Pracs.---3D Tessellated Geometry---0.4---2014-09-14','2;1',
'CAx-IF Rec.Pracs.---User Defined Attributes---1.5---2016-08-15'),
/* implementation_level */ '2;1');

FILE_NAME(
/* name */ 'Part Studio 1 - Part 2',
/* time_stamp */ '2026-05-31T13:08:09Z',
/* author */ (''),
/* organization */ (''),
/* preprocessor_version */ 'ST-DEVELOPER v20',
/* originating_system */ 'ONSHAPE BY PTC INC, 1.215',
/* authorisation */ '  ');

FILE_SCHEMA (('AP242_MANAGED_MODEL_BASED_3D_ENGINEERING_MIM_LF { 1 0 10303 442 3 1 4 }'));
ENDSEC;

DATA;
#10=SHAPE_REPRESENTATION_RELATIONSHIP('','',#3531,#11);
#11=ADVANCED_BREP_SHAPE_REPRESENTATION('',(#3529),#5525);
#12=CYLINDRICAL_SURFACE('',#3708,0.001);
#13=CYLINDRICAL_SURFACE('',#3709,0.001);
#14=CYLINDRICAL_SURFACE('',#3710,0.001);
#15=CYLINDRICAL_SURFACE('',#3711,0.001);
#16=CYLINDRICAL_SURFACE('',#3712,0.001);
#17=CYLINDRICAL_SURFACE('',#3713,0.001);
#18=CYLINDRICAL_SURFACE('',#3714,0.001);
#19=CYLINDRICAL_SURFACE('',#3715,0.001);
#20=CYLINDRICAL_SURFACE('',#3716,0.001);
#21=CYLINDRICAL_SURFACE('',#3717,0.001);
#22=CYLINDRICAL_SURFACE('',#3718,0.001);
#23=CYLINDRICAL_SURFACE('',#3719,0.001);
#24=CYLINDRICAL_SURFACE('',#3720,0.001);
#25=CYLINDRICAL_SURFACE('',#3721,0.001);
#26=CYLINDRICAL_SURFACE('',#3722,0.001);
#27=CYLINDRICAL_SURFACE('',#3723,0.001);
#28=CYLINDRICAL_SURFACE('',#3724,0.001);
#29=CYLINDRICAL_SURFACE('',#3725,0.001);
#30=CIRCLE('',#3535,0.001);
#31=CIRCLE('',#3536,0.001);
#32=CIRCLE('',#3537,0.001);
#33=CIRCLE('',#3538,0.001);
#34=CIRCLE('',#3539,0.001);
#35=CIRCLE('',#3540,0.001);
#36=CIRCLE('',#3541,0.001);
#37=CIRCLE('',#3542,0.001);
#38=CIRCLE('',#3543,0.001);
#39=CIRCLE('',#3544,0.001);
#40=CIRCLE('',#3545,0.001);
#41=CIRCLE('',#3546,0.001);
#42=CIRCLE('',#3547,0.001);
#43=CIRCLE('',#3548,0.001);
#44=CIRCLE('',#3549,0.001);
#45=CIRCLE('',#3550,0.001);
#46=CIRCLE('',#3551,0.001);
#47=CIRCLE('',#3552,0.001);
#48=CIRCLE('',#3554,0.001);
#49=CIRCLE('',#3555,0.001);
#50=CIRCLE('',#3556,0.001);
#51=CIRCLE('',#3557,0.001);
#52=CIRCLE('',#3558,0.001);
#53=CIRCLE('',#3559,0.001);
#54=CIRCLE('',#3560,0.001);
#55=CIRCLE('',#3561,0.001);
#56=CIRCLE('',#3562,0.001);
#57=CIRCLE('',#3563,0.001);
#58=CIRCLE('',#3564,0.001);
#59=CIRCLE('',#3565,0.001);
#60=CIRCLE('',#3566,0.001);
#61=CIRCLE('',#3567,0.001);
#62=CIRCLE('',#3568,0.001);
#63=CIRCLE('',#3569,0.001);
#64=CIRCLE('',#3570,0.001);
#65=CIRCLE('',#3571,0.001);
#66=ORIENTED_EDGE('',*,*,#1002,.T.);
#67=ORIENTED_EDGE('',*,*,#1003,.F.);
#68=ORIENTED_EDGE('',*,*,#1004,.F.);
#69=ORIENTED_EDGE('',*,*,#1005,.T.);
#70=ORIENTED_EDGE('',*,*,#1006,.F.);
#71=ORIENTED_EDGE('',*,*,#1007,.T.);
#72=ORIENTED_EDGE('',*,*,#1008,.T.);
#73=ORIENTED_EDGE('',*,*,#1009,.T.);
#74=ORIENTED_EDGE('',*,*,#1010,.F.);
#75=ORIENTED_EDGE('',*,*,#1011,.F.);
#76=ORIENTED_EDGE('',*,*,#1012,.T.);
#77=ORIENTED_EDGE('',*,*,#1013,.T.);
#78=ORIENTED_EDGE('',*,*,#1014,.F.);
#79=ORIENTED_EDGE('',*,*,#1015,.F.);
#80=ORIENTED_EDGE('',*,*,#1016,.T.);
#81=ORIENTED_EDGE('',*,*,#1017,.T.);
#82=ORIENTED_EDGE('',*,*,#1018,.F.);
#83=ORIENTED_EDGE('',*,*,#1019,.F.);
#84=ORIENTED_EDGE('',*,*,#1020,.T.);
#85=ORIENTED_EDGE('',*,*,#1021,.F.);
#86=ORIENTED_EDGE('',*,*,#1022,.F.);
#87=ORIENTED_EDGE('',*,*,#1023,.F.);
#88=ORIENTED_EDGE('',*,*,#1024,.T.);
#89=ORIENTED_EDGE('',*,*,#1025,.F.);
#90=ORIENTED_EDGE('',*,*,#1026,.F.);
#91=ORIENTED_EDGE('',*,*,#1027,.F.);
#92=ORIENTED_EDGE('',*,*,#1028,.T.);
#93=ORIENTED_EDGE('',*,*,#1029,.T.);
#94=ORIENTED_EDGE('',*,*,#1030,.F.);
#95=ORIENTED_EDGE('',*,*,#1031,.F.);
#96=ORIENTED_EDGE('',*,*,#1032,.T.);
#97=ORIENTED_EDGE('',*,*,#1033,.T.);
#98=ORIENTED_EDGE('',*,*,#1034,.F.);
#99=ORIENTED_EDGE('',*,*,#1035,.F.);
#100=ORIENTED_EDGE('',*,*,#1036,.T.);
#101=ORIENTED_EDGE('',*,*,#1037,.T.);
#102=ORIENTED_EDGE('',*,*,#1038,.F.);
#103=ORIENTED_EDGE('',*,*,#1039,.F.);
#104=ORIENTED_EDGE('',*,*,#1040,.T.);
#105=ORIENTED_EDGE('',*,*,#1041,.T.);
#106=ORIENTED_EDGE('',*,*,#1042,.F.);
#107=ORIENTED_EDGE('',*,*,#1043,.F.);
#108=ORIENTED_EDGE('',*,*,#1044,.T.);
#109=ORIENTED_EDGE('',*,*,#1045,.T.);
#110=ORIENTED_EDGE('',*,*,#1046,.F.);
#111=ORIENTED_EDGE('',*,*,#1047,.F.);
#112=ORIENTED_EDGE('',*,*,#1048,.T.);
#113=ORIENTED_EDGE('',*,*,#1049,.T.);
#114=ORIENTED_EDGE('',*,*,#1050,.F.);
#115=ORIENTED_EDGE('',*,*,#1051,.F.);
#116=ORIENTED_EDGE('',*,*,#1052,.T.);
#117=ORIENTED_EDGE('',*,*,#1053,.T.);
#118=ORIENTED_EDGE('',*,*,#1054,.F.);
#119=ORIENTED_EDGE('',*,*,#1055,.F.);
#120=ORIENTED_EDGE('',*,*,#1056,.T.);
#121=ORIENTED_EDGE('',*,*,#1057,.T.);
#122=ORIENTED_EDGE('',*,*,#1058,.F.);
#123=ORIENTED_EDGE('',*,*,#1059,.F.);
#124=ORIENTED_EDGE('',*,*,#1060,.T.);
#125=ORIENTED_EDGE('',*,*,#1061,.T.);
#126=ORIENTED_EDGE('',*,*,#1062,.F.);
#127=ORIENTED_EDGE('',*,*,#1063,.F.);
#128=ORIENTED_EDGE('',*,*,#1064,.T.);
#129=ORIENTED_EDGE('',*,*,#1065,.T.);
#130=ORIENTED_EDGE('',*,*,#1066,.F.);
#131=ORIENTED_EDGE('',*,*,#1067,.F.);
#132=ORIENTED_EDGE('',*,*,#1068,.T.);
#133=ORIENTED_EDGE('',*,*,#1069,.F.);
#134=ORIENTED_EDGE('',*,*,#1070,.F.);
#135=ORIENTED_EDGE('',*,*,#1071,.T.);
#136=ORIENTED_EDGE('',*,*,#1072,.T.);
#137=ORIENTED_EDGE('',*,*,#1073,.T.);
#138=ORIENTED_EDGE('',*,*,#1074,.F.);
#139=ORIENTED_EDGE('',*,*,#1075,.F.);
#140=ORIENTED_EDGE('',*,*,#1076,.T.);
#141=ORIENTED_EDGE('',*,*,#1077,.T.);
#142=ORIENTED_EDGE('',*,*,#1078,.F.);
#143=ORIENTED_EDGE('',*,*,#1079,.T.);
#144=ORIENTED_EDGE('',*,*,#1080,.T.);
#145=ORIENTED_EDGE('',*,*,#1081,.T.);
#146=ORIENTED_EDGE('',*,*,#1082,.F.);
#147=ORIENTED_EDGE('',*,*,#1083,.F.);
#148=ORIENTED_EDGE('',*,*,#1084,.T.);
#149=ORIENTED_EDGE('',*,*,#1085,.T.);
#150=ORIENTED_EDGE('',*,*,#1086,.F.);
#151=ORIENTED_EDGE('',*,*,#1087,.F.);
#152=ORIENTED_EDGE('',*,*,#1088,.T.);
#153=ORIENTED_EDGE('',*,*,#1089,.T.);
#154=ORIENTED_EDGE('',*,*,#1090,.T.);
#155=ORIENTED_EDGE('',*,*,#1091,.F.);
#156=ORIENTED_EDGE('',*,*,#1092,.T.);
#157=ORIENTED_EDGE('',*,*,#1093,.T.);
#158=ORIENTED_EDGE('',*,*,#1094,.T.);
#159=ORIENTED_EDGE('',*,*,#1095,.F.);
#160=ORIENTED_EDGE('',*,*,#1096,.T.);
#161=ORIENTED_EDGE('',*,*,#1097,.T.);
#162=ORIENTED_EDGE('',*,*,#1098,.F.);
#163=ORIENTED_EDGE('',*,*,#1099,.F.);
#164=ORIENTED_EDGE('',*,*,#1100,.T.);
#165=ORIENTED_EDGE('',*,*,#1101,.T.);
#166=ORIENTED_EDGE('',*,*,#1102,.F.);
#167=ORIENTED_EDGE('',*,*,#1103,.F.);
#168=ORIENTED_EDGE('',*,*,#1104,.T.);
#169=ORIENTED_EDGE('',*,*,#1105,.T.);
#170=ORIENTED_EDGE('',*,*,#1106,.F.);
#171=ORIENTED_EDGE('',*,*,#1107,.F.);
#172=ORIENTED_EDGE('',*,*,#1108,.T.);
#173=ORIENTED_EDGE('',*,*,#1109,.T.);
#174=ORIENTED_EDGE('',*,*,#1110,.F.);
#175=ORIENTED_EDGE('',*,*,#1111,.F.);
#176=ORIENTED_EDGE('',*,*,#1112,.T.);
#177=ORIENTED_EDGE('',*,*,#1113,.T.);
#178=ORIENTED_EDGE('',*,*,#1114,.F.);
#179=ORIENTED_EDGE('',*,*,#1115,.F.);
#180=ORIENTED_EDGE('',*,*,#1116,.T.);
#181=ORIENTED_EDGE('',*,*,#1117,.T.);
#182=ORIENTED_EDGE('',*,*,#1118,.F.);
#183=ORIENTED_EDGE('',*,*,#1119,.F.);
#184=ORIENTED_EDGE('',*,*,#1120,.T.);
#185=ORIENTED_EDGE('',*,*,#1121,.F.);
#186=ORIENTED_EDGE('',*,*,#1122,.F.);
#187=ORIENTED_EDGE('',*,*,#1123,.F.);
#188=ORIENTED_EDGE('',*,*,#1124,.T.);
#189=ORIENTED_EDGE('',*,*,#1125,.F.);
#190=ORIENTED_EDGE('',*,*,#1126,.F.);
#191=ORIENTED_EDGE('',*,*,#1127,.T.);
#192=ORIENTED_EDGE('',*,*,#1128,.T.);
#193=ORIENTED_EDGE('',*,*,#1129,.T.);
#194=ORIENTED_EDGE('',*,*,#1130,.F.);
#195=ORIENTED_EDGE('',*,*,#1131,.T.);
#196=ORIENTED_EDGE('',*,*,#1132,.T.);
#197=ORIENTED_EDGE('',*,*,#1133,.T.);
#198=ORIENTED_EDGE('',*,*,#1134,.F.);
#199=ORIENTED_EDGE('',*,*,#1135,.T.);
#200=ORIENTED_EDGE('',*,*,#1136,.T.);
#201=ORIENTED_EDGE('',*,*,#1137,.F.);
#202=ORIENTED_EDGE('',*,*,#1138,.F.);
#203=ORIENTED_EDGE('',*,*,#1139,.F.);
#204=ORIENTED_EDGE('',*,*,#1140,.T.);
#205=ORIENTED_EDGE('',*,*,#1141,.T.);
#206=ORIENTED_EDGE('',*,*,#1142,.T.);
#207=ORIENTED_EDGE('',*,*,#1143,.T.);
#208=ORIENTED_EDGE('',*,*,#1144,.T.);
#209=ORIENTED_EDGE('',*,*,#1145,.T.);
#210=ORIENTED_EDGE('',*,*,#1146,.T.);
#211=ORIENTED_EDGE('',*,*,#1147,.T.);
#212=ORIENTED_EDGE('',*,*,#1148,.T.);
#213=ORIENTED_EDGE('',*,*,#1149,.T.);
#214=ORIENTED_EDGE('',*,*,#1150,.T.);
#215=ORIENTED_EDGE('',*,*,#1151,.T.);
#216=ORIENTED_EDGE('',*,*,#1152,.T.);
#217=ORIENTED_EDGE('',*,*,#1153,.T.);
#218=ORIENTED_EDGE('',*,*,#1154,.T.);
#219=ORIENTED_EDGE('',*,*,#1155,.T.);
#220=ORIENTED_EDGE('',*,*,#1156,.T.);
#221=ORIENTED_EDGE('',*,*,#1157,.T.);
#222=ORIENTED_EDGE('',*,*,#1158,.F.);
#223=ORIENTED_EDGE('',*,*,#1159,.T.);
#224=ORIENTED_EDGE('',*,*,#1160,.T.);
#225=ORIENTED_EDGE('',*,*,#1161,.T.);
#226=ORIENTED_EDGE('',*,*,#1162,.T.);
#227=ORIENTED_EDGE('',*,*,#1003,.T.);
#228=ORIENTED_EDGE('',*,*,#1163,.T.);
#229=ORIENTED_EDGE('',*,*,#1164,.T.);
#230=ORIENTED_EDGE('',*,*,#1165,.F.);
#231=ORIENTED_EDGE('',*,*,#1166,.T.);
#232=ORIENTED_EDGE('',*,*,#1167,.T.);
#233=ORIENTED_EDGE('',*,*,#1168,.F.);
#234=ORIENTED_EDGE('',*,*,#1169,.F.);
#235=ORIENTED_EDGE('',*,*,#1170,.T.);
#236=ORIENTED_EDGE('',*,*,#1171,.T.);
#237=ORIENTED_EDGE('',*,*,#1172,.F.);
#238=ORIENTED_EDGE('',*,*,#1173,.F.);
#239=ORIENTED_EDGE('',*,*,#1174,.T.);
#240=ORIENTED_EDGE('',*,*,#1175,.T.);
#241=ORIENTED_EDGE('',*,*,#1176,.F.);
#242=ORIENTED_EDGE('',*,*,#1177,.F.);
#243=ORIENTED_EDGE('',*,*,#1178,.T.);
#244=ORIENTED_EDGE('',*,*,#1179,.T.);
#245=ORIENTED_EDGE('',*,*,#1180,.T.);
#246=ORIENTED_EDGE('',*,*,#1181,.F.);
#247=ORIENTED_EDGE('',*,*,#1182,.T.);
#248=ORIENTED_EDGE('',*,*,#1183,.T.);
#249=ORIENTED_EDGE('',*,*,#1184,.T.);
#250=ORIENTED_EDGE('',*,*,#1185,.F.);
#251=ORIENTED_EDGE('',*,*,#1186,.T.);
#252=ORIENTED_EDGE('',*,*,#1187,.T.);
#253=ORIENTED_EDGE('',*,*,#1188,.F.);
#254=ORIENTED_EDGE('',*,*,#1189,.F.);
#255=ORIENTED_EDGE('',*,*,#1190,.T.);
#256=ORIENTED_EDGE('',*,*,#1191,.T.);
#257=ORIENTED_EDGE('',*,*,#1192,.F.);
#258=ORIENTED_EDGE('',*,*,#1193,.F.);
#259=ORIENTED_EDGE('',*,*,#1194,.T.);
#260=ORIENTED_EDGE('',*,*,#1195,.T.);
#261=ORIENTED_EDGE('',*,*,#1196,.F.);
#262=ORIENTED_EDGE('',*,*,#1197,.F.);
#263=ORIENTED_EDGE('',*,*,#1198,.T.);
#264=ORIENTED_EDGE('',*,*,#1199,.T.);
#265=ORIENTED_EDGE('',*,*,#1200,.F.);
#266=ORIENTED_EDGE('',*,*,#1201,.F.);
#267=ORIENTED_EDGE('',*,*,#1202,.T.);
#268=ORIENTED_EDGE('',*,*,#1203,.T.);
#269=ORIENTED_EDGE('',*,*,#1204,.F.);
#270=ORIENTED_EDGE('',*,*,#1205,.F.);
#271=ORIENTED_EDGE('',*,*,#1206,.T.);
#272=ORIENTED_EDGE('',*,*,#1207,.T.);
#273=ORIENTED_EDGE('',*,*,#1208,.F.);
#274=ORIENTED_EDGE('',*,*,#1209,.F.);
#275=ORIENTED_EDGE('',*,*,#1210,.T.);
#276=ORIENTED_EDGE('',*,*,#1211,.T.);
#277=ORIENTED_EDGE('',*,*,#1212,.F.);
#278=ORIENTED_EDGE('',*,*,#1213,.F.);
#279=ORIENTED_EDGE('',*,*,#1214,.T.);
#280=ORIENTED_EDGE('',*,*,#1215,.T.);
#281=ORIENTED_EDGE('',*,*,#1216,.F.);
#282=ORIENTED_EDGE('',*,*,#1217,.F.);
#283=ORIENTED_EDGE('',*,*,#1218,.T.);
#284=ORIENTED_EDGE('',*,*,#1219,.T.);
#285=ORIENTED_EDGE('',*,*,#1220,.F.);
#286=ORIENTED_EDGE('',*,*,#1221,.F.);
#287=ORIENTED_EDGE('',*,*,#1222,.T.);
#288=ORIENTED_EDGE('',*,*,#1223,.T.);
#289=ORIENTED_EDGE('',*,*,#1224,.F.);
#290=ORIENTED_EDGE('',*,*,#1225,.F.);
#291=ORIENTED_EDGE('',*,*,#1226,.F.);
#292=ORIENTED_EDGE('',*,*,#1227,.T.);
#293=ORIENTED_EDGE('',*,*,#1228,.T.);
#294=ORIENTED_EDGE('',*,*,#1229,.F.);
#295=ORIENTED_EDGE('',*,*,#1230,.T.);
#296=ORIENTED_EDGE('',*,*,#1231,.T.);
#297=ORIENTED_EDGE('',*,*,#1232,.F.);
#298=ORIENTED_EDGE('',*,*,#1233,.F.);
#299=ORIENTED_EDGE('',*,*,#1234,.F.);
#300=ORIENTED_EDGE('',*,*,#1235,.T.);
#301=ORIENTED_EDGE('',*,*,#1236,.F.);
#302=ORIENTED_EDGE('',*,*,#1237,.F.);
#303=ORIENTED_EDGE('',*,*,#1238,.T.);
#304=ORIENTED_EDGE('',*,*,#1239,.T.);
#305=ORIENTED_EDGE('',*,*,#1240,.F.);
#306=ORIENTED_EDGE('',*,*,#1241,.F.);
#307=ORIENTED_EDGE('',*,*,#1242,.T.);
#308=ORIENTED_EDGE('',*,*,#1243,.T.);
#309=ORIENTED_EDGE('',*,*,#1244,.F.);
#310=ORIENTED_EDGE('',*,*,#1245,.F.);
#311=ORIENTED_EDGE('',*,*,#1246,.T.);
#312=ORIENTED_EDGE('',*,*,#1247,.F.);
#313=ORIENTED_EDGE('',*,*,#1248,.F.);
#314=ORIENTED_EDGE('',*,*,#1249,.F.);
#315=ORIENTED_EDGE('',*,*,#1250,.T.);
#316=ORIENTED_EDGE('',*,*,#1251,.F.);
#317=ORIENTED_EDGE('',*,*,#1252,.F.);
#318=ORIENTED_EDGE('',*,*,#1253,.F.);
#319=ORIENTED_EDGE('',*,*,#1254,.T.);
#320=ORIENTED_EDGE('',*,*,#1255,.T.);
#321=ORIENTED_EDGE('',*,*,#1256,.F.);
#322=ORIENTED_EDGE('',*,*,#1257,.F.);
#323=ORIENTED_EDGE('',*,*,#1258,.T.);
#324=ORIENTED_EDGE('',*,*,#1259,.T.);
#325=ORIENTED_EDGE('',*,*,#1260,.F.);
#326=ORIENTED_EDGE('',*,*,#1261,.F.);
#327=ORIENTED_EDGE('',*,*,#1262,.T.);
#328=ORIENTED_EDGE('',*,*,#1263,.T.);
#329=ORIENTED_EDGE('',*,*,#1264,.F.);
#330=ORIENTED_EDGE('',*,*,#1265,.F.);
#331=ORIENTED_EDGE('',*,*,#1266,.T.);
#332=ORIENTED_EDGE('',*,*,#1267,.T.);
#333=ORIENTED_EDGE('',*,*,#1268,.F.);
#334=ORIENTED_EDGE('',*,*,#1269,.F.);
#335=ORIENTED_EDGE('',*,*,#1270,.T.);
#336=ORIENTED_EDGE('',*,*,#1271,.T.);
#337=ORIENTED_EDGE('',*,*,#1272,.F.);
#338=ORIENTED_EDGE('',*,*,#1273,.F.);
#339=ORIENTED_EDGE('',*,*,#1274,.T.);
#340=ORIENTED_EDGE('',*,*,#1275,.T.);
#341=ORIENTED_EDGE('',*,*,#1276,.F.);
#342=ORIENTED_EDGE('',*,*,#1277,.F.);
#343=ORIENTED_EDGE('',*,*,#1278,.T.);
#344=ORIENTED_EDGE('',*,*,#1279,.T.);
#345=ORIENTED_EDGE('',*,*,#1280,.T.);
#346=ORIENTED_EDGE('',*,*,#1281,.F.);
#347=ORIENTED_EDGE('',*,*,#1282,.F.);
#348=ORIENTED_EDGE('',*,*,#1283,.T.);
#349=ORIENTED_EDGE('',*,*,#1284,.F.);
#350=ORIENTED_EDGE('',*,*,#1285,.F.);
#351=ORIENTED_EDGE('',*,*,#1286,.F.);
#352=ORIENTED_EDGE('',*,*,#1287,.T.);
#353=ORIENTED_EDGE('',*,*,#1288,.F.);
#354=ORIENTED_EDGE('',*,*,#1289,.F.);
#355=ORIENTED_EDGE('',*,*,#1290,.F.);
#356=ORIENTED_EDGE('',*,*,#1291,.T.);
#357=ORIENTED_EDGE('',*,*,#1292,.T.);
#358=ORIENTED_EDGE('',*,*,#1293,.F.);
#359=ORIENTED_EDGE('',*,*,#1294,.T.);
#360=ORIENTED_EDGE('',*,*,#1295,.T.);
#361=ORIENTED_EDGE('',*,*,#1296,.T.);
#362=ORIENTED_EDGE('',*,*,#1297,.F.);
#363=ORIENTED_EDGE('',*,*,#1298,.F.);
#364=ORIENTED_EDGE('',*,*,#1299,.F.);
#365=ORIENTED_EDGE('',*,*,#1300,.F.);
#366=ORIENTED_EDGE('',*,*,#1301,.F.);
#367=ORIENTED_EDGE('',*,*,#1302,.F.);
#368=ORIENTED_EDGE('',*,*,#1303,.F.);
#369=ORIENTED_EDGE('',*,*,#1304,.F.);
#370=ORIENTED_EDGE('',*,*,#1305,.F.);
#371=ORIENTED_EDGE('',*,*,#1306,.F.);
#372=ORIENTED_EDGE('',*,*,#1307,.F.);
#373=ORIENTED_EDGE('',*,*,#1308,.F.);
#374=ORIENTED_EDGE('',*,*,#1309,.F.);
#375=ORIENTED_EDGE('',*,*,#1310,.F.);
#376=ORIENTED_EDGE('',*,*,#1311,.F.);
#377=ORIENTED_EDGE('',*,*,#1312,.F.);
#378=ORIENTED_EDGE('',*,*,#1313,.F.);
#379=ORIENTED_EDGE('',*,*,#1314,.F.);
#380=ORIENTED_EDGE('',*,*,#1315,.F.);
#381=ORIENTED_EDGE('',*,*,#1316,.T.);
#382=ORIENTED_EDGE('',*,*,#1317,.T.);
#383=ORIENTED_EDGE('',*,*,#1318,.F.);
#384=ORIENTED_EDGE('',*,*,#1005,.F.);
#385=ORIENTED_EDGE('',*,*,#1319,.F.);
#386=ORIENTED_EDGE('',*,*,#1320,.F.);
#387=ORIENTED_EDGE('',*,*,#1321,.F.);
#388=ORIENTED_EDGE('',*,*,#1120,.F.);
#389=ORIENTED_EDGE('',*,*,#1322,.F.);
#390=ORIENTED_EDGE('',*,*,#1277,.T.);
#391=ORIENTED_EDGE('',*,*,#1323,.T.);
#392=ORIENTED_EDGE('',*,*,#1139,.T.);
#393=ORIENTED_EDGE('',*,*,#1324,.F.);
#394=ORIENTED_EDGE('',*,*,#1278,.F.);
#395=ORIENTED_EDGE('',*,*,#1322,.T.);
#396=ORIENTED_EDGE('',*,*,#1138,.T.);
#397=ORIENTED_EDGE('',*,*,#1325,.F.);
#398=ORIENTED_EDGE('',*,*,#1279,.F.);
#399=ORIENTED_EDGE('',*,*,#1324,.T.);
#400=ORIENTED_EDGE('',*,*,#1137,.T.);
#401=ORIENTED_EDGE('',*,*,#1326,.F.);
#402=ORIENTED_EDGE('',*,*,#1280,.F.);
#403=ORIENTED_EDGE('',*,*,#1325,.T.);
#404=ORIENTED_EDGE('',*,*,#1136,.F.);
#405=ORIENTED_EDGE('',*,*,#1327,.F.);
#406=ORIENTED_EDGE('',*,*,#1281,.T.);
#407=ORIENTED_EDGE('',*,*,#1326,.T.);
#408=ORIENTED_EDGE('',*,*,#1135,.F.);
#409=ORIENTED_EDGE('',*,*,#1328,.F.);
#410=ORIENTED_EDGE('',*,*,#1282,.T.);
#411=ORIENTED_EDGE('',*,*,#1327,.T.);
#412=ORIENTED_EDGE('',*,*,#1134,.T.);
#413=ORIENTED_EDGE('',*,*,#1329,.F.);
#414=ORIENTED_EDGE('',*,*,#1283,.F.);
#415=ORIENTED_EDGE('',*,*,#1328,.T.);
#416=ORIENTED_EDGE('',*,*,#1133,.F.);
#417=ORIENTED_EDGE('',*,*,#1330,.F.);
#418=ORIENTED_EDGE('',*,*,#1284,.T.);
#419=ORIENTED_EDGE('',*,*,#1329,.T.);
#420=ORIENTED_EDGE('',*,*,#1132,.F.);
#421=ORIENTED_EDGE('',*,*,#1331,.F.);
#422=ORIENTED_EDGE('',*,*,#1285,.T.);
#423=ORIENTED_EDGE('',*,*,#1330,.T.);
#424=ORIENTED_EDGE('',*,*,#1131,.F.);
#425=ORIENTED_EDGE('',*,*,#1332,.F.);
#426=ORIENTED_EDGE('',*,*,#1286,.T.);
#427=ORIENTED_EDGE('',*,*,#1331,.T.);
#428=ORIENTED_EDGE('',*,*,#1130,.T.);
#429=ORIENTED_EDGE('',*,*,#1333,.F.);
#430=ORIENTED_EDGE('',*,*,#1287,.F.);
#431=ORIENTED_EDGE('',*,*,#1332,.T.);
#432=ORIENTED_EDGE('',*,*,#1129,.F.);
#433=ORIENTED_EDGE('',*,*,#1334,.F.);
#434=ORIENTED_EDGE('',*,*,#1288,.T.);
#435=ORIENTED_EDGE('',*,*,#1333,.T.);
#436=ORIENTED_EDGE('',*,*,#1128,.F.);
#437=ORIENTED_EDGE('',*,*,#1335,.F.);
#438=ORIENTED_EDGE('',*,*,#1289,.T.);
#439=ORIENTED_EDGE('',*,*,#1334,.T.);
#440=ORIENTED_EDGE('',*,*,#1127,.F.);
#441=ORIENTED_EDGE('',*,*,#1336,.F.);
#442=ORIENTED_EDGE('',*,*,#1290,.T.);
#443=ORIENTED_EDGE('',*,*,#1335,.T.);
#444=ORIENTED_EDGE('',*,*,#1126,.T.);
#445=ORIENTED_EDGE('',*,*,#1337,.F.);
#446=ORIENTED_EDGE('',*,*,#1291,.F.);
#447=ORIENTED_EDGE('',*,*,#1336,.T.);
#448=ORIENTED_EDGE('',*,*,#1125,.T.);
#449=ORIENTED_EDGE('',*,*,#1338,.F.);
#450=ORIENTED_EDGE('',*,*,#1292,.F.);
#451=ORIENTED_EDGE('',*,*,#1337,.T.);
#452=ORIENTED_EDGE('',*,*,#1124,.F.);
#453=ORIENTED_EDGE('',*,*,#1339,.F.);
#454=ORIENTED_EDGE('',*,*,#1293,.T.);
#455=ORIENTED_EDGE('',*,*,#1338,.T.);
#456=ORIENTED_EDGE('',*,*,#1123,.T.);
#457=ORIENTED_EDGE('',*,*,#1340,.F.);
#458=ORIENTED_EDGE('',*,*,#1294,.F.);
#459=ORIENTED_EDGE('',*,*,#1339,.T.);
#460=ORIENTED_EDGE('',*,*,#1122,.T.);
#461=ORIENTED_EDGE('',*,*,#1341,.F.);
#462=ORIENTED_EDGE('',*,*,#1295,.F.);
#463=ORIENTED_EDGE('',*,*,#1340,.T.);
#464=ORIENTED_EDGE('',*,*,#1116,.F.);
#465=ORIENTED_EDGE('',*,*,#1342,.F.);
#466=ORIENTED_EDGE('',*,*,#1273,.T.);
#467=ORIENTED_EDGE('',*,*,#1343,.T.);
#468=ORIENTED_EDGE('',*,*,#1119,.T.);
#469=ORIENTED_EDGE('',*,*,#1344,.F.);
#470=ORIENTED_EDGE('',*,*,#1274,.F.);
#471=ORIENTED_EDGE('',*,*,#1342,.T.);
#472=ORIENTED_EDGE('',*,*,#1118,.T.);
#473=ORIENTED_EDGE('',*,*,#1345,.F.);
#474=ORIENTED_EDGE('',*,*,#1275,.F.);
#475=ORIENTED_EDGE('',*,*,#1344,.T.);
#476=ORIENTED_EDGE('',*,*,#1112,.F.);
#477=ORIENTED_EDGE('',*,*,#1346,.F.);
#478=ORIENTED_EDGE('',*,*,#1269,.T.);
#479=ORIENTED_EDGE('',*,*,#1347,.T.);
#480=ORIENTED_EDGE('',*,*,#1115,.T.);
#481=ORIENTED_EDGE('',*,*,#1348,.F.);
#482=ORIENTED_EDGE('',*,*,#1270,.F.);
#483=ORIENTED_EDGE('',*,*,#1346,.T.);
#484=ORIENTED_EDGE('',*,*,#1114,.T.);
#485=ORIENTED_EDGE('',*,*,#1349,.F.);
#486=ORIENTED_EDGE('',*,*,#1271,.F.);
#487=ORIENTED_EDGE('',*,*,#1348,.T.);
#488=ORIENTED_EDGE('',*,*,#1108,.F.);
#489=ORIENTED_EDGE('',*,*,#1350,.F.);
#490=ORIENTED_EDGE('',*,*,#1265,.T.);
#491=ORIENTED_EDGE('',*,*,#1351,.T.);
#492=ORIENTED_EDGE('',*,*,#1111,.T.);
#493=ORIENTED_EDGE('',*,*,#1352,.F.);
#494=ORIENTED_EDGE('',*,*,#1266,.F.);
#495=ORIENTED_EDGE('',*,*,#1350,.T.);
#496=ORIENTED_EDGE('',*,*,#1110,.T.);
#497=ORIENTED_EDGE('',*,*,#1353,.F.);
#498=ORIENTED_EDGE('',*,*,#1267,.F.);
#499=ORIENTED_EDGE('',*,*,#1352,.T.);
#500=ORIENTED_EDGE('',*,*,#1104,.F.);
#501=ORIENTED_EDGE('',*,*,#1354,.F.);
#502=ORIENTED_EDGE('',*,*,#1261,.T.);
#503=ORIENTED_EDGE('',*,*,#1355,.T.);
#504=ORIENTED_EDGE('',*,*,#1107,.T.);
#505=ORIENTED_EDGE('',*,*,#1356,.F.);
#506=ORIENTED_EDGE('',*,*,#1262,.F.);
#507=ORIENTED_EDGE('',*,*,#1354,.T.);
#508=ORIENTED_EDGE('',*,*,#1106,.T.);
#509=ORIENTED_EDGE('',*,*,#1357,.F.);
#510=ORIENTED_EDGE('',*,*,#1263,.F.);
#511=ORIENTED_EDGE('',*,*,#1356,.T.);
#512=ORIENTED_EDGE('',*,*,#1100,.F.);
#513=ORIENTED_EDGE('',*,*,#1358,.F.);
#514=ORIENTED_EDGE('',*,*,#1257,.T.);
#515=ORIENTED_EDGE('',*,*,#1359,.T.);
#516=ORIENTED_EDGE('',*,*,#1103,.T.);
#517=ORIENTED_EDGE('',*,*,#1360,.F.);
#518=ORIENTED_EDGE('',*,*,#1258,.F.);
#519=ORIENTED_EDGE('',*,*,#1358,.T.);
#520=ORIENTED_EDGE('',*,*,#1102,.T.);
#521=ORIENTED_EDGE('',*,*,#1361,.F.);
#522=ORIENTED_EDGE('',*,*,#1259,.F.);
#523=ORIENTED_EDGE('',*,*,#1360,.T.);
#524=ORIENTED_EDGE('',*,*,#1096,.F.);
#525=ORIENTED_EDGE('',*,*,#1362,.F.);
#526=ORIENTED_EDGE('',*,*,#1253,.T.);
#527=ORIENTED_EDGE('',*,*,#1363,.T.);
#528=ORIENTED_EDGE('',*,*,#1099,.T.);
#529=ORIENTED_EDGE('',*,*,#1364,.F.);
#530=ORIENTED_EDGE('',*,*,#1254,.F.);
#531=ORIENTED_EDGE('',*,*,#1362,.T.);
#532=ORIENTED_EDGE('',*,*,#1098,.T.);
#533=ORIENTED_EDGE('',*,*,#1365,.F.);
#534=ORIENTED_EDGE('',*,*,#1255,.F.);
#535=ORIENTED_EDGE('',*,*,#1364,.T.);
#536=ORIENTED_EDGE('',*,*,#1092,.F.);
#537=ORIENTED_EDGE('',*,*,#1366,.F.);
#538=ORIENTED_EDGE('',*,*,#1249,.T.);
#539=ORIENTED_EDGE('',*,*,#1367,.T.);
#540=ORIENTED_EDGE('',*,*,#1095,.T.);
#541=ORIENTED_EDGE('',*,*,#1368,.F.);
#542=ORIENTED_EDGE('',*,*,#1250,.F.);
#543=ORIENTED_EDGE('',*,*,#1366,.T.);
#544=ORIENTED_EDGE('',*,*,#1094,.F.);
#545=ORIENTED_EDGE('',*,*,#1369,.F.);
#546=ORIENTED_EDGE('',*,*,#1251,.T.);
#547=ORIENTED_EDGE('',*,*,#1368,.T.);
#548=ORIENTED_EDGE('',*,*,#1088,.F.);
#549=ORIENTED_EDGE('',*,*,#1370,.F.);
#550=ORIENTED_EDGE('',*,*,#1245,.T.);
#551=ORIENTED_EDGE('',*,*,#1371,.T.);
#552=ORIENTED_EDGE('',*,*,#1091,.T.);
#553=ORIENTED_EDGE('',*,*,#1372,.F.);
#554=ORIENTED_EDGE('',*,*,#1246,.F.);
#555=ORIENTED_EDGE('',*,*,#1370,.T.);
#556=ORIENTED_EDGE('',*,*,#1090,.F.);
#557=ORIENTED_EDGE('',*,*,#1373,.F.);
#558=ORIENTED_EDGE('',*,*,#1247,.T.);
#559=ORIENTED_EDGE('',*,*,#1372,.T.);
#560=ORIENTED_EDGE('',*,*,#1084,.F.);
#561=ORIENTED_EDGE('',*,*,#1374,.F.);
#562=ORIENTED_EDGE('',*,*,#1241,.T.);
#563=ORIENTED_EDGE('',*,*,#1375,.T.);
#564=ORIENTED_EDGE('',*,*,#1087,.T.);
#565=ORIENTED_EDGE('',*,*,#1376,.F.);
#566=ORIENTED_EDGE('',*,*,#1242,.F.);
#567=ORIENTED_EDGE('',*,*,#1374,.T.);
#568=ORIENTED_EDGE('',*,*,#1086,.T.);
#569=ORIENTED_EDGE('',*,*,#1377,.F.);
#570=ORIENTED_EDGE('',*,*,#1243,.F.);
#571=ORIENTED_EDGE('',*,*,#1376,.T.);
#572=ORIENTED_EDGE('',*,*,#1080,.F.);
#573=ORIENTED_EDGE('',*,*,#1378,.F.);
#574=ORIENTED_EDGE('',*,*,#1237,.T.);
#575=ORIENTED_EDGE('',*,*,#1379,.T.);
#576=ORIENTED_EDGE('',*,*,#1083,.T.);
#577=ORIENTED_EDGE('',*,*,#1380,.F.);
#578=ORIENTED_EDGE('',*,*,#1238,.F.);
#579=ORIENTED_EDGE('',*,*,#1378,.T.);
#580=ORIENTED_EDGE('',*,*,#1082,.T.);
#581=ORIENTED_EDGE('',*,*,#1381,.F.);
#582=ORIENTED_EDGE('',*,*,#1239,.F.);
#583=ORIENTED_EDGE('',*,*,#1380,.T.);
#584=ORIENTED_EDGE('',*,*,#1076,.F.);
#585=ORIENTED_EDGE('',*,*,#1382,.F.);
#586=ORIENTED_EDGE('',*,*,#1233,.T.);
#587=ORIENTED_EDGE('',*,*,#1383,.T.);
#588=ORIENTED_EDGE('',*,*,#1079,.F.);
#589=ORIENTED_EDGE('',*,*,#1384,.F.);
#590=ORIENTED_EDGE('',*,*,#1234,.T.);
#591=ORIENTED_EDGE('',*,*,#1382,.T.);
#592=ORIENTED_EDGE('',*,*,#1078,.T.);
#593=ORIENTED_EDGE('',*,*,#1385,.F.);
#594=ORIENTED_EDGE('',*,*,#1235,.F.);
#595=ORIENTED_EDGE('',*,*,#1384,.T.);
#596=ORIENTED_EDGE('',*,*,#1072,.F.);
#597=ORIENTED_EDGE('',*,*,#1386,.F.);
#598=ORIENTED_EDGE('',*,*,#1229,.T.);
#599=ORIENTED_EDGE('',*,*,#1387,.T.);
#600=ORIENTED_EDGE('',*,*,#1075,.T.);
#601=ORIENTED_EDGE('',*,*,#1388,.F.);
#602=ORIENTED_EDGE('',*,*,#1230,.F.);
#603=ORIENTED_EDGE('',*,*,#1386,.T.);
#604=ORIENTED_EDGE('',*,*,#1074,.T.);
#605=ORIENTED_EDGE('',*,*,#1389,.F.);
#606=ORIENTED_EDGE('',*,*,#1231,.F.);
#607=ORIENTED_EDGE('',*,*,#1388,.T.);
#608=ORIENTED_EDGE('',*,*,#1068,.F.);
#609=ORIENTED_EDGE('',*,*,#1390,.F.);
#610=ORIENTED_EDGE('',*,*,#1225,.T.);
#611=ORIENTED_EDGE('',*,*,#1391,.T.);
#612=ORIENTED_EDGE('',*,*,#1071,.F.);
#613=ORIENTED_EDGE('',*,*,#1392,.F.);
#614=ORIENTED_EDGE('',*,*,#1226,.T.);
#615=ORIENTED_EDGE('',*,*,#1390,.T.);
#616=ORIENTED_EDGE('',*,*,#1070,.T.);
#617=ORIENTED_EDGE('',*,*,#1393,.F.);
#618=ORIENTED_EDGE('',*,*,#1227,.F.);
#619=ORIENTED_EDGE('',*,*,#1392,.T.);
#620=ORIENTED_EDGE('',*,*,#1064,.F.);
#621=ORIENTED_EDGE('',*,*,#1394,.F.);
#622=ORIENTED_EDGE('',*,*,#1221,.T.);
#623=ORIENTED_EDGE('',*,*,#1395,.T.);
#624=ORIENTED_EDGE('',*,*,#1067,.T.);
#625=ORIENTED_EDGE('',*,*,#1396,.F.);
#626=ORIENTED_EDGE('',*,*,#1222,.F.);
#627=ORIENTED_EDGE('',*,*,#1394,.T.);
#628=ORIENTED_EDGE('',*,*,#1066,.T.);
#629=ORIENTED_EDGE('',*,*,#1397,.F.);
#630=ORIENTED_EDGE('',*,*,#1223,.F.);
#631=ORIENTED_EDGE('',*,*,#1396,.T.);
#632=ORIENTED_EDGE('',*,*,#1060,.F.);
#633=ORIENTED_EDGE('',*,*,#1398,.F.);
#634=ORIENTED_EDGE('',*,*,#1217,.T.);
#635=ORIENTED_EDGE('',*,*,#1399,.T.);
#636=ORIENTED_EDGE('',*,*,#1063,.T.);
#637=ORIENTED_EDGE('',*,*,#1400,.F.);
#638=ORIENTED_EDGE('',*,*,#1218,.F.);
#639=ORIENTED_EDGE('',*,*,#1398,.T.);
#640=ORIENTED_EDGE('',*,*,#1062,.T.);
#641=ORIENTED_EDGE('',*,*,#1401,.F.);
#642=ORIENTED_EDGE('',*,*,#1219,.F.);
#643=ORIENTED_EDGE('',*,*,#1400,.T.);
#644=ORIENTED_EDGE('',*,*,#1056,.F.);
#645=ORIENTED_EDGE('',*,*,#1402,.F.);
#646=ORIENTED_EDGE('',*,*,#1213,.T.);
#647=ORIENTED_EDGE('',*,*,#1403,.T.);
#648=ORIENTED_EDGE('',*,*,#1059,.T.);
#649=ORIENTED_EDGE('',*,*,#1404,.F.);
#650=ORIENTED_EDGE('',*,*,#1214,.F.);
#651=ORIENTED_EDGE('',*,*,#1402,.T.);
#652=ORIENTED_EDGE('',*,*,#1058,.T.);
#653=ORIENTED_EDGE('',*,*,#1405,.F.);
#654=ORIENTED_EDGE('',*,*,#1215,.F.);
#655=ORIENTED_EDGE('',*,*,#1404,.T.);
#656=ORIENTED_EDGE('',*,*,#1052,.F.);
#657=ORIENTED_EDGE('',*,*,#1406,.F.);
#658=ORIENTED_EDGE('',*,*,#1209,.T.);
#659=ORIENTED_EDGE('',*,*,#1407,.T.);
#660=ORIENTED_EDGE('',*,*,#1055,.T.);
#661=ORIENTED_EDGE('',*,*,#1408,.F.);
#662=ORIENTED_EDGE('',*,*,#1210,.F.);
#663=ORIENTED_EDGE('',*,*,#1406,.T.);
#664=ORIENTED_EDGE('',*,*,#1054,.T.);
#665=ORIENTED_EDGE('',*,*,#1409,.F.);
#666=ORIENTED_EDGE('',*,*,#1211,.F.);
#667=ORIENTED_EDGE('',*,*,#1408,.T.);
#668=ORIENTED_EDGE('',*,*,#1048,.F.);
#669=ORIENTED_EDGE('',*,*,#1410,.F.);
#670=ORIENTED_EDGE('',*,*,#1205,.T.);
#671=ORIENTED_EDGE('',*,*,#1411,.T.);
#672=ORIENTED_EDGE('',*,*,#1051,.T.);
#673=ORIENTED_EDGE('',*,*,#1412,.F.);
#674=ORIENTED_EDGE('',*,*,#1206,.F.);
#675=ORIENTED_EDGE('',*,*,#1410,.T.);
#676=ORIENTED_EDGE('',*,*,#1050,.T.);
#677=ORIENTED_EDGE('',*,*,#1413,.F.);
#678=ORIENTED_EDGE('',*,*,#1207,.F.);
#679=ORIENTED_EDGE('',*,*,#1412,.T.);
#680=ORIENTED_EDGE('',*,*,#1044,.F.);
#681=ORIENTED_EDGE('',*,*,#1414,.F.);
#682=ORIENTED_EDGE('',*,*,#1201,.T.);
#683=ORIENTED_EDGE('',*,*,#1415,.T.);
#684=ORIENTED_EDGE('',*,*,#1047,.T.);
#685=ORIENTED_EDGE('',*,*,#1416,.F.);
#686=ORIENTED_EDGE('',*,*,#1202,.F.);
#687=ORIENTED_EDGE('',*,*,#1414,.T.);
#688=ORIENTED_EDGE('',*,*,#1046,.T.);
#689=ORIENTED_EDGE('',*,*,#1417,.F.);
#690=ORIENTED_EDGE('',*,*,#1203,.F.);
#691=ORIENTED_EDGE('',*,*,#1416,.T.);
#692=ORIENTED_EDGE('',*,*,#1040,.F.);
#693=ORIENTED_EDGE('',*,*,#1418,.F.);
#694=ORIENTED_EDGE('',*,*,#1197,.T.);
#695=ORIENTED_EDGE('',*,*,#1419,.T.);
#696=ORIENTED_EDGE('',*,*,#1043,.T.);
#697=ORIENTED_EDGE('',*,*,#1420,.F.);
#698=ORIENTED_EDGE('',*,*,#1198,.F.);
#699=ORIENTED_EDGE('',*,*,#1418,.T.);
#700=ORIENTED_EDGE('',*,*,#1042,.T.);
#701=ORIENTED_EDGE('',*,*,#1421,.F.);
#702=ORIENTED_EDGE('',*,*,#1199,.F.);
#703=ORIENTED_EDGE('',*,*,#1420,.T.);
#704=ORIENTED_EDGE('',*,*,#1036,.F.);
#705=ORIENTED_EDGE('',*,*,#1422,.F.);
#706=ORIENTED_EDGE('',*,*,#1193,.T.);
#707=ORIENTED_EDGE('',*,*,#1423,.T.);
#708=ORIENTED_EDGE('',*,*,#1039,.T.);
#709=ORIENTED_EDGE('',*,*,#1424,.F.);
#710=ORIENTED_EDGE('',*,*,#1194,.F.);
#711=ORIENTED_EDGE('',*,*,#1422,.T.);
#712=ORIENTED_EDGE('',*,*,#1038,.T.);
#713=ORIENTED_EDGE('',*,*,#1425,.F.);
#714=ORIENTED_EDGE('',*,*,#1195,.F.);
#715=ORIENTED_EDGE('',*,*,#1424,.T.);
#716=ORIENTED_EDGE('',*,*,#1032,.F.);
#717=ORIENTED_EDGE('',*,*,#1426,.F.);
#718=ORIENTED_EDGE('',*,*,#1189,.T.);
#719=ORIENTED_EDGE('',*,*,#1427,.T.);
#720=ORIENTED_EDGE('',*,*,#1035,.T.);
#721=ORIENTED_EDGE('',*,*,#1428,.F.);
#722=ORIENTED_EDGE('',*,*,#1190,.F.);
#723=ORIENTED_EDGE('',*,*,#1426,.T.);
#724=ORIENTED_EDGE('',*,*,#1034,.T.);
#725=ORIENTED_EDGE('',*,*,#1429,.F.);
#726=ORIENTED_EDGE('',*,*,#1191,.F.);
#727=ORIENTED_EDGE('',*,*,#1428,.T.);
#728=ORIENTED_EDGE('',*,*,#1028,.F.);
#729=ORIENTED_EDGE('',*,*,#1430,.F.);
#730=ORIENTED_EDGE('',*,*,#1185,.T.);
#731=ORIENTED_EDGE('',*,*,#1431,.T.);
#732=ORIENTED_EDGE('',*,*,#1031,.T.);
#733=ORIENTED_EDGE('',*,*,#1432,.F.);
#734=ORIENTED_EDGE('',*,*,#1186,.F.);
#735=ORIENTED_EDGE('',*,*,#1430,.T.);
#736=ORIENTED_EDGE('',*,*,#1030,.T.);
#737=ORIENTED_EDGE('',*,*,#1433,.F.);
#738=ORIENTED_EDGE('',*,*,#1187,.F.);
#739=ORIENTED_EDGE('',*,*,#1432,.T.);
#740=ORIENTED_EDGE('',*,*,#1024,.F.);
#741=ORIENTED_EDGE('',*,*,#1434,.F.);
#742=ORIENTED_EDGE('',*,*,#1181,.T.);
#743=ORIENTED_EDGE('',*,*,#1435,.T.);
#744=ORIENTED_EDGE('',*,*,#1027,.T.);
#745=ORIENTED_EDGE('',*,*,#1436,.F.);
#746=ORIENTED_EDGE('',*,*,#1182,.F.);
#747=ORIENTED_EDGE('',*,*,#1434,.T.);
#748=ORIENTED_EDGE('',*,*,#1026,.T.);
#749=ORIENTED_EDGE('',*,*,#1437,.F.);
#750=ORIENTED_EDGE('',*,*,#1183,.F.);
#751=ORIENTED_EDGE('',*,*,#1436,.T.);
#752=ORIENTED_EDGE('',*,*,#1020,.F.);
#753=ORIENTED_EDGE('',*,*,#1438,.F.);
#754=ORIENTED_EDGE('',*,*,#1177,.T.);
#755=ORIENTED_EDGE('',*,*,#1439,.T.);
#756=ORIENTED_EDGE('',*,*,#1023,.T.);
#757=ORIENTED_EDGE('',*,*,#1440,.F.);
#758=ORIENTED_EDGE('',*,*,#1178,.F.);
#759=ORIENTED_EDGE('',*,*,#1438,.T.);
#760=ORIENTED_EDGE('',*,*,#1022,.T.);
#761=ORIENTED_EDGE('',*,*,#1441,.F.);
#762=ORIENTED_EDGE('',*,*,#1179,.F.);
#763=ORIENTED_EDGE('',*,*,#1440,.T.);
#764=ORIENTED_EDGE('',*,*,#1016,.F.);
#765=ORIENTED_EDGE('',*,*,#1442,.F.);
#766=ORIENTED_EDGE('',*,*,#1173,.T.);
#767=ORIENTED_EDGE('',*,*,#1443,.T.);
#768=ORIENTED_EDGE('',*,*,#1019,.T.);
#769=ORIENTED_EDGE('',*,*,#1444,.F.);
#770=ORIENTED_EDGE('',*,*,#1174,.F.);
#771=ORIENTED_EDGE('',*,*,#1442,.T.);
#772=ORIENTED_EDGE('',*,*,#1018,.T.);
#773=ORIENTED_EDGE('',*,*,#1445,.F.);
#774=ORIENTED_EDGE('',*,*,#1175,.F.);
#775=ORIENTED_EDGE('',*,*,#1444,.T.);
#776=ORIENTED_EDGE('',*,*,#1012,.F.);
#777=ORIENTED_EDGE('',*,*,#1446,.F.);
#778=ORIENTED_EDGE('',*,*,#1169,.T.);
#779=ORIENTED_EDGE('',*,*,#1447,.T.);
#780=ORIENTED_EDGE('',*,*,#1015,.T.);
#781=ORIENTED_EDGE('',*,*,#1448,.F.);
#782=ORIENTED_EDGE('',*,*,#1170,.F.);
#783=ORIENTED_EDGE('',*,*,#1446,.T.);
#784=ORIENTED_EDGE('',*,*,#1014,.T.);
#785=ORIENTED_EDGE('',*,*,#1449,.F.);
#786=ORIENTED_EDGE('',*,*,#1171,.F.);
#787=ORIENTED_EDGE('',*,*,#1448,.T.);
#788=ORIENTED_EDGE('',*,*,#1008,.F.);
#789=ORIENTED_EDGE('',*,*,#1450,.F.);
#790=ORIENTED_EDGE('',*,*,#1165,.T.);
#791=ORIENTED_EDGE('',*,*,#1451,.T.);
#792=ORIENTED_EDGE('',*,*,#1011,.T.);
#793=ORIENTED_EDGE('',*,*,#1452,.F.);
#794=ORIENTED_EDGE('',*,*,#1166,.F.);
#795=ORIENTED_EDGE('',*,*,#1450,.T.);
#796=ORIENTED_EDGE('',*,*,#1010,.T.);
#797=ORIENTED_EDGE('',*,*,#1453,.F.);
#798=ORIENTED_EDGE('',*,*,#1167,.F.);
#799=ORIENTED_EDGE('',*,*,#1452,.T.);
#800=ORIENTED_EDGE('',*,*,#1161,.F.);
#801=ORIENTED_EDGE('',*,*,#1454,.F.);
#802=ORIENTED_EDGE('',*,*,#1320,.T.);
#803=ORIENTED_EDGE('',*,*,#1455,.T.);
#804=ORIENTED_EDGE('',*,*,#1160,.F.);
#805=ORIENTED_EDGE('',*,*,#1456,.F.);
#806=ORIENTED_EDGE('',*,*,#1321,.T.);
#807=ORIENTED_EDGE('',*,*,#1454,.T.);
#808=ORIENTED_EDGE('',*,*,#1159,.F.);
#809=ORIENTED_EDGE('',*,*,#1457,.F.);
#810=ORIENTED_EDGE('',*,*,#1458,.T.);
#811=ORIENTED_EDGE('',*,*,#1459,.T.);
#812=ORIENTED_EDGE('',*,*,#1315,.T.);
#813=ORIENTED_EDGE('',*,*,#1456,.T.);
#814=ORIENTED_EDGE('',*,*,#1117,.F.);
#815=ORIENTED_EDGE('',*,*,#1343,.F.);
#816=ORIENTED_EDGE('',*,*,#1276,.T.);
#817=ORIENTED_EDGE('',*,*,#1345,.T.);
#818=ORIENTED_EDGE('',*,*,#1113,.F.);
#819=ORIENTED_EDGE('',*,*,#1347,.F.);
#820=ORIENTED_EDGE('',*,*,#1272,.T.);
#821=ORIENTED_EDGE('',*,*,#1349,.T.);
#822=ORIENTED_EDGE('',*,*,#1109,.F.);
#823=ORIENTED_EDGE('',*,*,#1351,.F.);
#824=ORIENTED_EDGE('',*,*,#1268,.T.);
#825=ORIENTED_EDGE('',*,*,#1353,.T.);
#826=ORIENTED_EDGE('',*,*,#1105,.F.);
#827=ORIENTED_EDGE('',*,*,#1355,.F.);
#828=ORIENTED_EDGE('',*,*,#1264,.T.);
#829=ORIENTED_EDGE('',*,*,#1357,.T.);
#830=ORIENTED_EDGE('',*,*,#1101,.F.);
#831=ORIENTED_EDGE('',*,*,#1359,.F.);
#832=ORIENTED_EDGE('',*,*,#1260,.T.);
#833=ORIENTED_EDGE('',*,*,#1361,.T.);
#834=ORIENTED_EDGE('',*,*,#1097,.F.);
#835=ORIENTED_EDGE('',*,*,#1363,.F.);
#836=ORIENTED_EDGE('',*,*,#1256,.T.);
#837=ORIENTED_EDGE('',*,*,#1365,.T.);
#838=ORIENTED_EDGE('',*,*,#1093,.F.);
#839=ORIENTED_EDGE('',*,*,#1367,.F.);
#840=ORIENTED_EDGE('',*,*,#1252,.T.);
#841=ORIENTED_EDGE('',*,*,#1369,.T.);
#842=ORIENTED_EDGE('',*,*,#1089,.F.);
#843=ORIENTED_EDGE('',*,*,#1371,.F.);
#844=ORIENTED_EDGE('',*,*,#1248,.T.);
#845=ORIENTED_EDGE('',*,*,#1373,.T.);
#846=ORIENTED_EDGE('',*,*,#1085,.F.);
#847=ORIENTED_EDGE('',*,*,#1375,.F.);
#848=ORIENTED_EDGE('',*,*,#1244,.T.);
#849=ORIENTED_EDGE('',*,*,#1377,.T.);
#850=ORIENTED_EDGE('',*,*,#1081,.F.);
#851=ORIENTED_EDGE('',*,*,#1379,.F.);
#852=ORIENTED_EDGE('',*,*,#1240,.T.);
#853=ORIENTED_EDGE('',*,*,#1381,.T.);
#854=ORIENTED_EDGE('',*,*,#1077,.F.);
#855=ORIENTED_EDGE('',*,*,#1383,.F.);
#856=ORIENTED_EDGE('',*,*,#1236,.T.);
#857=ORIENTED_EDGE('',*,*,#1385,.T.);
#858=ORIENTED_EDGE('',*,*,#1073,.F.);
#859=ORIENTED_EDGE('',*,*,#1387,.F.);
#860=ORIENTED_EDGE('',*,*,#1232,.T.);
#861=ORIENTED_EDGE('',*,*,#1389,.T.);
#862=ORIENTED_EDGE('',*,*,#1069,.T.);
#863=ORIENTED_EDGE('',*,*,#1391,.F.);
#864=ORIENTED_EDGE('',*,*,#1228,.F.);
#865=ORIENTED_EDGE('',*,*,#1393,.T.);
#866=ORIENTED_EDGE('',*,*,#1065,.F.);
#867=ORIENTED_EDGE('',*,*,#1395,.F.);
#868=ORIENTED_EDGE('',*,*,#1224,.T.);
#869=ORIENTED_EDGE('',*,*,#1397,.T.);
#870=ORIENTED_EDGE('',*,*,#1061,.F.);
#871=ORIENTED_EDGE('',*,*,#1399,.F.);
#872=ORIENTED_EDGE('',*,*,#1220,.T.);
#873=ORIENTED_EDGE('',*,*,#1401,.T.);
#874=ORIENTED_EDGE('',*,*,#1057,.F.);
#875=ORIENTED_EDGE('',*,*,#1403,.F.);
#876=ORIENTED_EDGE('',*,*,#1216,.T.);
#877=ORIENTED_EDGE('',*,*,#1405,.T.);
#878=ORIENTED_EDGE('',*,*,#1053,.F.);
#879=ORIENTED_EDGE('',*,*,#1407,.F.);
#880=ORIENTED_EDGE('',*,*,#1212,.T.);
#881=ORIENTED_EDGE('',*,*,#1409,.T.);
#882=ORIENTED_EDGE('',*,*,#1049,.F.);
#883=ORIENTED_EDGE('',*,*,#1411,.F.);
#884=ORIENTED_EDGE('',*,*,#1208,.T.);
#885=ORIENTED_EDGE('',*,*,#1413,.T.);
#886=ORIENTED_EDGE('',*,*,#1045,.F.);
#887=ORIENTED_EDGE('',*,*,#1415,.F.);
#888=ORIENTED_EDGE('',*,*,#1204,.T.);
#889=ORIENTED_EDGE('',*,*,#1417,.T.);
#890=ORIENTED_EDGE('',*,*,#1041,.F.);
#891=ORIENTED_EDGE('',*,*,#1419,.F.);
#892=ORIENTED_EDGE('',*,*,#1200,.T.);
#893=ORIENTED_EDGE('',*,*,#1421,.T.);
#894=ORIENTED_EDGE('',*,*,#1037,.F.);
#895=ORIENTED_EDGE('',*,*,#1423,.F.);
#896=ORIENTED_EDGE('',*,*,#1196,.T.);
#897=ORIENTED_EDGE('',*,*,#1425,.T.);
#898=ORIENTED_EDGE('',*,*,#1033,.F.);
#899=ORIENTED_EDGE('',*,*,#1427,.F.);
#900=ORIENTED_EDGE('',*,*,#1192,.T.);
#901=ORIENTED_EDGE('',*,*,#1429,.T.);
#902=ORIENTED_EDGE('',*,*,#1029,.F.);
#903=ORIENTED_EDGE('',*,*,#1431,.F.);
#904=ORIENTED_EDGE('',*,*,#1188,.T.);
#905=ORIENTED_EDGE('',*,*,#1433,.T.);
#906=ORIENTED_EDGE('',*,*,#1025,.T.);
#907=ORIENTED_EDGE('',*,*,#1435,.F.);
#908=ORIENTED_EDGE('',*,*,#1184,.F.);
#909=ORIENTED_EDGE('',*,*,#1437,.T.);
#910=ORIENTED_EDGE('',*,*,#1021,.T.);
#911=ORIENTED_EDGE('',*,*,#1439,.F.);
#912=ORIENTED_EDGE('',*,*,#1180,.F.);
#913=ORIENTED_EDGE('',*,*,#1441,.T.);
#914=ORIENTED_EDGE('',*,*,#1017,.F.);
#915=ORIENTED_EDGE('',*,*,#1443,.F.);
#916=ORIENTED_EDGE('',*,*,#1176,.T.);
#917=ORIENTED_EDGE('',*,*,#1445,.T.);
#918=ORIENTED_EDGE('',*,*,#1013,.F.);
#919=ORIENTED_EDGE('',*,*,#1447,.F.);
#920=ORIENTED_EDGE('',*,*,#1172,.T.);
#921=ORIENTED_EDGE('',*,*,#1449,.T.);
#922=ORIENTED_EDGE('',*,*,#1009,.F.);
#923=ORIENTED_EDGE('',*,*,#1451,.F.);
#924=ORIENTED_EDGE('',*,*,#1168,.T.);
#925=ORIENTED_EDGE('',*,*,#1453,.T.);
#926=ORIENTED_EDGE('',*,*,#1162,.F.);
#927=ORIENTED_EDGE('',*,*,#1455,.F.);
#928=ORIENTED_EDGE('',*,*,#1319,.T.);
#929=ORIENTED_EDGE('',*,*,#1004,.T.);
#930=ORIENTED_EDGE('',*,*,#1121,.T.);
#931=ORIENTED_EDGE('',*,*,#1323,.F.);
#932=ORIENTED_EDGE('',*,*,#1296,.F.);
#933=ORIENTED_EDGE('',*,*,#1341,.T.);
#934=ORIENTED_EDGE('',*,*,#1297,.T.);
#935=ORIENTED_EDGE('',*,*,#1140,.F.);
#936=ORIENTED_EDGE('',*,*,#1298,.T.);
#937=ORIENTED_EDGE('',*,*,#1141,.F.);
#938=ORIENTED_EDGE('',*,*,#1299,.T.);
#939=ORIENTED_EDGE('',*,*,#1142,.F.);
#940=ORIENTED_EDGE('',*,*,#1300,.T.);
#941=ORIENTED_EDGE('',*,*,#1143,.F.);
#942=ORIENTED_EDGE('',*,*,#1301,.T.);
#943=ORIENTED_EDGE('',*,*,#1144,.F.);
#944=ORIENTED_EDGE('',*,*,#1302,.T.);
#945=ORIENTED_EDGE('',*,*,#1145,.F.);
#946=ORIENTED_EDGE('',*,*,#1303,.T.);
#947=ORIENTED_EDGE('',*,*,#1146,.F.);
#948=ORIENTED_EDGE('',*,*,#1304,.T.);
#949=ORIENTED_EDGE('',*,*,#1147,.F.);
#950=ORIENTED_EDGE('',*,*,#1305,.T.);
#951=ORIENTED_EDGE('',*,*,#1148,.F.);
#952=ORIENTED_EDGE('',*,*,#1306,.T.);
#953=ORIENTED_EDGE('',*,*,#1149,.F.);
#954=ORIENTED_EDGE('',*,*,#1307,.T.);
#955=ORIENTED_EDGE('',*,*,#1150,.F.);
#956=ORIENTED_EDGE('',*,*,#1308,.T.);
#957=ORIENTED_EDGE('',*,*,#1151,.F.);
#958=ORIENTED_EDGE('',*,*,#1309,.T.);
#959=ORIENTED_EDGE('',*,*,#1152,.F.);
#960=ORIENTED_EDGE('',*,*,#1310,.T.);
#961=ORIENTED_EDGE('',*,*,#1153,.F.);
#962=ORIENTED_EDGE('',*,*,#1311,.T.);
#963=ORIENTED_EDGE('',*,*,#1154,.F.);
#964=ORIENTED_EDGE('',*,*,#1312,.T.);
#965=ORIENTED_EDGE('',*,*,#1155,.F.);
#966=ORIENTED_EDGE('',*,*,#1313,.T.);
#967=ORIENTED_EDGE('',*,*,#1156,.F.);
#968=ORIENTED_EDGE('',*,*,#1314,.T.);
#969=ORIENTED_EDGE('',*,*,#1157,.F.);
#970=ORIENTED_EDGE('',*,*,#1317,.F.);
#971=ORIENTED_EDGE('',*,*,#1460,.F.);
#972=ORIENTED_EDGE('',*,*,#1461,.F.);
#973=ORIENTED_EDGE('',*,*,#1462,.T.);
#974=ORIENTED_EDGE('',*,*,#1316,.F.);
#975=ORIENTED_EDGE('',*,*,#1459,.F.);
#976=ORIENTED_EDGE('',*,*,#1463,.F.);
#977=ORIENTED_EDGE('',*,*,#1460,.T.);
#978=ORIENTED_EDGE('',*,*,#1457,.T.);
#979=ORIENTED_EDGE('',*,*,#1158,.T.);
#980=ORIENTED_EDGE('',*,*,#1464,.F.);
#981=ORIENTED_EDGE('',*,*,#1465,.F.);
#982=ORIENTED_EDGE('',*,*,#1464,.T.);
#983=ORIENTED_EDGE('',*,*,#1164,.F.);
#984=ORIENTED_EDGE('',*,*,#1466,.F.);
#985=ORIENTED_EDGE('',*,*,#1467,.T.);
#986=ORIENTED_EDGE('',*,*,#1466,.T.);
#987=ORIENTED_EDGE('',*,*,#1163,.F.);
#988=ORIENTED_EDGE('',*,*,#1002,.F.);
#989=ORIENTED_EDGE('',*,*,#1468,.T.);
#990=ORIENTED_EDGE('',*,*,#1006,.T.);
#991=ORIENTED_EDGE('',*,*,#1318,.T.);
#992=ORIENTED_EDGE('',*,*,#1462,.F.);
#993=ORIENTED_EDGE('',*,*,#1469,.T.);
#994=ORIENTED_EDGE('',*,*,#1461,.T.);
#995=ORIENTED_EDGE('',*,*,#1463,.T.);
#996=ORIENTED_EDGE('',*,*,#1458,.F.);
#997=ORIENTED_EDGE('',*,*,#1465,.T.);
#998=ORIENTED_EDGE('',*,*,#1467,.F.);
#999=ORIENTED_EDGE('',*,*,#1468,.F.);
#1000=ORIENTED_EDGE('',*,*,#1007,.F.);
#1001=ORIENTED_EDGE('',*,*,#1469,.F.);
#1002=EDGE_CURVE('',#1470,#1471,#1794,.T.);
#1003=EDGE_CURVE('',#1472,#1471,#1795,.T.);
#1004=EDGE_CURVE('',#1473,#1472,#1796,.T.);
#1005=EDGE_CURVE('',#1473,#1474,#1797,.T.);
#1006=EDGE_CURVE('',#1475,#1474,#1798,.T.);
#1007=EDGE_CURVE('',#1475,#1470,#1799,.T.);
#1008=EDGE_CURVE('',#1476,#1477,#1800,.T.);
#1009=EDGE_CURVE('',#1477,#1478,#1801,.T.);
#1010=EDGE_CURVE('',#1479,#1478,#1802,.T.);
#1011=EDGE_CURVE('',#1476,#1479,#1803,.T.);
#1012=EDGE_CURVE('',#1480,#1481,#1804,.T.);
#1013=EDGE_CURVE('',#1481,#1482,#1805,.T.);
#1014=EDGE_CURVE('',#1483,#1482,#1806,.T.);
#1015=EDGE_CURVE('',#1480,#1483,#1807,.T.);
#1016=EDGE_CURVE('',#1484,#1485,#1808,.T.);
#1017=EDGE_CURVE('',#1485,#1486,#1809,.T.);
#1018=EDGE_CURVE('',#1487,#1486,#1810,.T.);
#1019=EDGE_CURVE('',#1484,#1487,#1811,.T.);
#1020=EDGE_CURVE('',#1488,#1489,#1812,.T.);
#1021=EDGE_CURVE('',#1490,#1489,#1813,.T.);
#1022=EDGE_CURVE('',#1491,#1490,#1814,.T.);
#1023=EDGE_CURVE('',#1488,#1491,#1815,.T.);
#1024=EDGE_CURVE('',#1492,#1493,#1816,.T.);
#1025=EDGE_CURVE('',#1494,#1493,#1817,.T.);
#1026=EDGE_CURVE('',#1495,#1494,#1818,.T.);
#1027=EDGE_CURVE('',#1492,#1495,#1819,.T.);
#1028=EDGE_CURVE('',#1496,#1497,#1820,.T.);
#1029=EDGE_CURVE('',#1497,#1498,#1821,.T.);
#1030=EDGE_CURVE('',#1499,#1498,#1822,.T.);
#1031=EDGE_CURVE('',#1496,#1499,#1823,.T.);
#1032=EDGE_CURVE('',#1500,#1501,#1824,.T.);
#1033=EDGE_CURVE('',#1501,#1502,#1825,.T.);
#1034=EDGE_CURVE('',#1503,#1502,#1826,.T.);
#1035=EDGE_CURVE('',#1500,#1503,#1827,.T.);
#1036=EDGE_CURVE('',#1504,#1505,#1828,.T.);
#1037=EDGE_CURVE('',#1505,#1506,#1829,.T.);
#1038=EDGE_CURVE('',#1507,#1506,#1830,.T.);
#1039=EDGE_CURVE('',#1504,#1507,#1831,.T.);
#1040=EDGE_CURVE('',#1508,#1509,#1832,.T.);
#1041=EDGE_CURVE('',#1509,#1510,#1833,.T.);
#1042=EDGE_CURVE('',#1511,#1510,#1834,.T.);
#1043=EDGE_CURVE('',#1508,#1511,#1835,.T.);
#1044=EDGE_CURVE('',#1512,#1513,#1836,.T.);
#1045=EDGE_CURVE('',#1513,#1514,#1837,.T.);
#1046=EDGE_CURVE('',#1515,#1514,#1838,.T.);
#1047=EDGE_CURVE('',#1512,#1515,#1839,.T.);
#1048=EDGE_CURVE('',#1516,#1517,#1840,.T.);
#1049=EDGE_CURVE('',#1517,#1518,#1841,.T.);
#1050=EDGE_CURVE('',#1519,#1518,#1842,.T.);
#1051=EDGE_CURVE('',#1516,#1519,#1843,.T.);
#1052=EDGE_CURVE('',#1520,#1521,#1844,.T.);
#1053=EDGE_CURVE('',#1521,#1522,#1845,.T.);
#1054=EDGE_CURVE('',#1523,#1522,#1846,.T.);
#1055=EDGE_CURVE('',#1520,#1523,#1847,.T.);
#1056=EDGE_CURVE('',#1524,#1525,#1848,.T.);
#1057=EDGE_CURVE('',#1525,#1526,#1849,.T.);
#1058=EDGE_CURVE('',#1527,#1526,#1850,.T.);
#1059=EDGE_CURVE('',#1524,#1527,#1851,.T.);
#1060=EDGE_CURVE('',#1528,#1529,#1852,.T.);
#1061=EDGE_CURVE('',#1529,#1530,#1853,.T.);
#1062=EDGE_CURVE('',#1531,#1530,#1854,.T.);
#1063=EDGE_CURVE('',#1528,#1531,#1855,.T.);
#1064=EDGE_CURVE('',#1532,#1533,#1856,.T.);
#1065=EDGE_CURVE('',#1533,#1534,#1857,.T.);
#1066=EDGE_CURVE('',#1535,#1534,#1858,.T.);
#1067=EDGE_CURVE('',#1532,#1535,#1859,.T.);
#1068=EDGE_CURVE('',#1536,#1537,#1860,.T.);
#1069=EDGE_CURVE('',#1538,#1537,#1861,.T.);
#1070=EDGE_CURVE('',#1539,#1538,#1862,.T.);
#1071=EDGE_CURVE('',#1539,#1536,#1863,.T.);
#1072=EDGE_CURVE('',#1540,#1541,#1864,.T.);
#1073=EDGE_CURVE('',#1541,#1542,#1865,.T.);
#1074=EDGE_CURVE('',#1543,#1542,#1866,.T.);
#1075=EDGE_CURVE('',#1540,#1543,#1867,.T.);
#1076=EDGE_CURVE('',#1544,#1545,#1868,.T.);
#1077=EDGE_CURVE('',#1545,#1546,#1869,.T.);
#1078=EDGE_CURVE('',#1547,#1546,#1870,.T.);
#1079=EDGE_CURVE('',#1547,#1544,#1871,.T.);
#1080=EDGE_CURVE('',#1548,#1549,#1872,.T.);
#1081=EDGE_CURVE('',#1549,#1550,#1873,.T.);
#1082=EDGE_CURVE('',#1551,#1550,#1874,.T.);
#1083=EDGE_CURVE('',#1548,#1551,#1875,.T.);
#1084=EDGE_CURVE('',#1552,#1553,#1876,.T.);
#1085=EDGE_CURVE('',#1553,#1554,#1877,.T.);
#1086=EDGE_CURVE('',#1555,#1554,#1878,.T.);
#1087=EDGE_CURVE('',#1552,#1555,#1879,.T.);
#1088=EDGE_CURVE('',#1556,#1557,#1880,.T.);
#1089=EDGE_CURVE('',#1557,#1558,#1881,.T.);
#1090=EDGE_CURVE('',#1558,#1559,#1882,.T.);
#1091=EDGE_CURVE('',#1556,#1559,#1883,.T.);
#1092=EDGE_CURVE('',#1560,#1561,#1884,.T.);
#1093=EDGE_CURVE('',#1561,#1562,#1885,.T.);
#1094=EDGE_CURVE('',#1562,#1563,#1886,.T.);
#1095=EDGE_CURVE('',#1560,#1563,#1887,.T.);
#1096=EDGE_CURVE('',#1564,#1565,#1888,.T.);
#1097=EDGE_CURVE('',#1565,#1566,#1889,.T.);
#1098=EDGE_CURVE('',#1567,#1566,#1890,.T.);
#1099=EDGE_CURVE('',#1564,#1567,#1891,.T.);
#1100=EDGE_CURVE('',#1568,#1569,#1892,.T.);
#1101=EDGE_CURVE('',#1569,#1570,#1893,.T.);
#1102=EDGE_CURVE('',#1571,#1570,#1894,.T.);
#1103=EDGE_CURVE('',#1568,#1571,#1895,.T.);
#1104=EDGE_CURVE('',#1572,#1573,#1896,.T.);
#1105=EDGE_CURVE('',#1573,#1574,#1897,.T.);
#1106=EDGE_CURVE('',#1575,#1574,#1898,.T.);
#1107=EDGE_CURVE('',#1572,#1575,#1899,.T.);
#1108=EDGE_CURVE('',#1576,#1577,#1900,.T.);
#1109=EDGE_CURVE('',#1577,#1578,#1901,.T.);
#1110=EDGE_CURVE('',#1579,#1578,#1902,.T.);
#1111=EDGE_CURVE('',#1576,#1579,#1903,.T.);
#1112=EDGE_CURVE('',#1580,#1581,#1904,.T.);
#1113=EDGE_CURVE('',#1581,#1582,#1905,.T.);
#1114=EDGE_CURVE('',#1583,#1582,#1906,.T.);
#1115=EDGE_CURVE('',#1580,#1583,#1907,.T.);
#1116=EDGE_CURVE('',#1584,#1585,#1908,.T.);
#1117=EDGE_CURVE('',#1585,#1586,#1909,.T.);
#1118=EDGE_CURVE('',#1587,#1586,#1910,.T.);
#1119=EDGE_CURVE('',#1584,#1587,#1911,.T.);
#1120=EDGE_CURVE('',#1588,#1589,#1912,.T.);
#1121=EDGE_CURVE('',#1590,#1589,#1913,.T.);
#1122=EDGE_CURVE('',#1591,#1590,#1914,.T.);
#1123=EDGE_CURVE('',#1592,#1591,#1915,.T.);
#1124=EDGE_CURVE('',#1592,#1593,#1916,.T.);
#1125=EDGE_CURVE('',#1594,#1593,#1917,.T.);
#1126=EDGE_CURVE('',#1595,#1594,#1918,.T.);
#1127=EDGE_CURVE('',#1595,#1596,#1919,.T.);
#1128=EDGE_CURVE('',#1596,#1597,#1920,.T.);
#1129=EDGE_CURVE('',#1597,#1598,#1921,.T.);
#1130=EDGE_CURVE('',#1599,#1598,#1922,.T.);
#1131=EDGE_CURVE('',#1599,#1600,#1923,.T.);
#1132=EDGE_CURVE('',#1600,#1601,#1924,.T.);
#1133=EDGE_CURVE('',#1601,#1602,#1925,.T.);
#1134=EDGE_CURVE('',#1603,#1602,#1926,.T.);
#1135=EDGE_CURVE('',#1603,#1604,#1927,.T.);
#1136=EDGE_CURVE('',#1604,#1605,#1928,.T.);
#1137=EDGE_CURVE('',#1606,#1605,#1929,.T.);
#1138=EDGE_CURVE('',#1607,#1606,#1930,.T.);
#1139=EDGE_CURVE('',#1588,#1607,#1931,.T.);
#1140=EDGE_CURVE('',#1608,#1608,#30,.T.);
#1141=EDGE_CURVE('',#1609,#1609,#31,.T.);
#1142=EDGE_CURVE('',#1610,#1610,#32,.T.);
#1143=EDGE_CURVE('',#1611,#1611,#33,.T.);
#1144=EDGE_CURVE('',#1612,#1612,#34,.T.);
#1145=EDGE_CURVE('',#1613,#1613,#35,.T.);
#1146=EDGE_CURVE('',#1614,#1614,#36,.T.);
#1147=EDGE_CURVE('',#1615,#1615,#37,.T.);
#1148=EDGE_CURVE('',#1616,#1616,#38,.T.);
#1149=EDGE_CURVE('',#1617,#1617,#39,.T.);
#1150=EDGE_CURVE('',#1618,#1618,#40,.T.);
#1151=EDGE_CURVE('',#1619,#1619,#41,.T.);
#1152=EDGE_CURVE('',#1620,#1620,#42,.T.);
#1153=EDGE_CURVE('',#1621,#1621,#43,.T.);
#1154=EDGE_CURVE('',#1622,#1622,#44,.T.);
#1155=EDGE_CURVE('',#1623,#1623,#45,.T.);
#1156=EDGE_CURVE('',#1624,#1624,#46,.T.);
#1157=EDGE_CURVE('',#1625,#1625,#47,.T.);
#1158=EDGE_CURVE('',#1626,#1627,#1932,.T.);
#1159=EDGE_CURVE('',#1626,#1628,#1933,.T.);
#1160=EDGE_CURVE('',#1628,#1629,#1934,.T.);
#1161=EDGE_CURVE('',#1629,#1630,#1935,.T.);
#1162=EDGE_CURVE('',#1630,#1472,#1936,.T.);
#1163=EDGE_CURVE('',#1471,#1631,#1937,.T.);
#1164=EDGE_CURVE('',#1631,#1627,#1938,.T.);
#1165=EDGE_CURVE('',#1632,#1633,#1939,.T.);
#1166=EDGE_CURVE('',#1632,#1634,#1940,.T.);
#1167=EDGE_CURVE('',#1634,#1635,#1941,.T.);
#1168=EDGE_CURVE('',#1633,#1635,#1942,.T.);
#1169=EDGE_CURVE('',#1636,#1637,#1943,.T.);
#1170=EDGE_CURVE('',#1636,#1638,#1944,.T.);
#1171=EDGE_CURVE('',#1638,#1639,#1945,.T.);
#1172=EDGE_CURVE('',#1637,#1639,#1946,.T.);
#1173=EDGE_CURVE('',#1640,#1641,#1947,.T.);
#1174=EDGE_CURVE('',#1640,#1642,#1948,.T.);
#1175=EDGE_CURVE('',#1642,#1643,#1949,.T.);
#1176=EDGE_CURVE('',#1641,#1643,#1950,.T.);
#1177=EDGE_CURVE('',#1644,#1645,#1951,.T.);
#1178=EDGE_CURVE('',#1644,#1646,#1952,.T.);
#1179=EDGE_CURVE('',#1646,#1647,#1953,.T.);
#1180=EDGE_CURVE('',#1647,#1645,#1954,.T.);
#1181=EDGE_CURVE('',#1648,#1649,#1955,.T.);
#1182=EDGE_CURVE('',#1648,#1650,#1956,.T.);
#1183=EDGE_CURVE('',#1650,#1651,#1957,.T.);
#1184=EDGE_CURVE('',#1651,#1649,#1958,.T.);
#1185=EDGE_CURVE('',#1652,#1653,#1959,.T.);
#1186=EDGE_CURVE('',#1652,#1654,#1960,.T.);
#1187=EDGE_CURVE('',#1654,#1655,#1961,.T.);
#1188=EDGE_CURVE('',#1653,#1655,#1962,.T.);
#1189=EDGE_CURVE('',#1656,#1657,#1963,.T.);
#1190=EDGE_CURVE('',#1656,#1658,#1964,.T.);
#1191=EDGE_CURVE('',#1658,#1659,#1965,.T.);
#1192=EDGE_CURVE('',#1657,#1659,#1966,.T.);
#1193=EDGE_CURVE('',#1660,#1661,#1967,.T.);
#1194=EDGE_CURVE('',#1660,#1662,#1968,.T.);
#1195=EDGE_CURVE('',#1662,#1663,#1969,.T.);
#1196=EDGE_CURVE('',#1661,#1663,#1970,.T.);
#1197=EDGE_CURVE('',#1664,#1665,#1971,.T.);
#1198=EDGE_CURVE('',#1664,#1666,#1972,.T.);
#1199=EDGE_CURVE('',#1666,#1667,#1973,.T.);
#1200=EDGE_CURVE('',#1665,#1667,#1974,.T.);
#1201=EDGE_CURVE('',#1668,#1669,#1975,.T.);
#1202=EDGE_CURVE('',#1668,#1670,#1976,.T.);
#1203=EDGE_CURVE('',#1670,#1671,#1977,.T.);
#1204=EDGE_CURVE('',#1669,#1671,#1978,.T.);
#1205=EDGE_CURVE('',#1672,#1673,#1979,.T.);
#1206=EDGE_CURVE('',#1672,#1674,#1980,.T.);
#1207=EDGE_CURVE('',#1674,#1675,#1981,.T.);
#1208=EDGE_CURVE('',#1673,#1675,#1982,.T.);
#1209=EDGE_CURVE('',#1676,#1677,#1983,.T.);
#1210=EDGE_CURVE('',#1676,#1678,#1984,.T.);
#1211=EDGE_CURVE('',#1678,#1679,#1985,.T.);
#1212=EDGE_CURVE('',#1677,#1679,#1986,.T.);
#1213=EDGE_CURVE('',#1680,#1681,#1987,.T.);
#1214=EDGE_CURVE('',#1680,#1682,#1988,.T.);
#1215=EDGE_CURVE('',#1682,#1683,#1989,.T.);
#1216=EDGE_CURVE('',#1681,#1683,#1990,.T.);
#1217=EDGE_CURVE('',#1684,#1685,#1991,.T.);
#1218=EDGE_CURVE('',#1684,#1686,#1992,.T.);
#1219=EDGE_CURVE('',#1686,#1687,#1993,.T.);
#1220=EDGE_CURVE('',#1685,#1687,#1994,.T.);
#1221=EDGE_CURVE('',#1688,#1689,#1995,.T.);
#1222=EDGE_CURVE('',#1688,#1690,#1996,.T.);
#1223=EDGE_CURVE('',#1690,#1691,#1997,.T.);
#1224=EDGE_CURVE('',#1689,#1691,#1998,.T.);
#1225=EDGE_CURVE('',#1692,#1693,#1999,.T.);
#1226=EDGE_CURVE('',#1694,#1692,#2000,.T.);
#1227=EDGE_CURVE('',#1694,#1695,#2001,.T.);
#1228=EDGE_CURVE('',#1695,#1693,#2002,.T.);
#1229=EDGE_CURVE('',#1696,#1697,#2003,.T.);
#1230=EDGE_CURVE('',#1696,#1698,#2004,.T.);
#1231=EDGE_CURVE('',#1698,#1699,#2005,.T.);
#1232=EDGE_CURVE('',#1697,#1699,#2006,.T.);
#1233=EDGE_CURVE('',#1700,#1701,#2007,.T.);
#1234=EDGE_CURVE('',#1702,#1700,#2008,.T.);
#1235=EDGE_CURVE('',#1702,#1703,#2009,.T.);
#1236=EDGE_CURVE('',#1701,#1703,#2010,.T.);
#1237=EDGE_CURVE('',#1704,#1705,#2011,.T.);
#1238=EDGE_CURVE('',#1704,#1706,#2012,.T.);
#1239=EDGE_CURVE('',#1706,#1707,#2013,.T.);
#1240=EDGE_CURVE('',#1705,#1707,#2014,.T.);
#1241=EDGE_CURVE('',#1708,#1709,#2015,.T.);
#1242=EDGE_CURVE('',#1708,#1710,#2016,.T.);
#1243=EDGE_CURVE('',#1710,#1711,#2017,.T.);
#1244=EDGE_CURVE('',#1709,#1711,#2018,.T.);
#1245=EDGE_CURVE('',#1712,#1713,#2019,.T.);
#1246=EDGE_CURVE('',#1712,#1714,#2020,.T.);
#1247=EDGE_CURVE('',#1715,#1714,#2021,.T.);
#1248=EDGE_CURVE('',#1713,#1715,#2022,.T.);
#1249=EDGE_CURVE('',#1716,#1717,#2023,.T.);
#1250=EDGE_CURVE('',#1716,#1718,#2024,.T.);
#1251=EDGE_CURVE('',#1719,#1718,#2025,.T.);
#1252=EDGE_CURVE('',#1717,#1719,#2026,.T.);
#1253=EDGE_CURVE('',#1720,#1721,#2027,.T.);
#1254=EDGE_CURVE('',#1720,#1722,#2028,.T.);
#1255=EDGE_CURVE('',#1722,#1723,#2029,.T.);
#1256=EDGE_CURVE('',#1721,#1723,#2030,.T.);
#1257=EDGE_CURVE('',#1724,#1725,#2031,.T.);
#1258=EDGE_CURVE('',#1724,#1726,#2032,.T.);
#1259=EDGE_CURVE('',#1726,#1727,#2033,.T.);
#1260=EDGE_CURVE('',#1725,#1727,#2034,.T.);
#1261=EDGE_CURVE('',#1728,#1729,#2035,.T.);
#1262=EDGE_CURVE('',#1728,#1730,#2036,.T.);
#1263=EDGE_CURVE('',#1730,#1731,#2037,.T.);
#1264=EDGE_CURVE('',#1729,#1731,#2038,.T.);
#1265=EDGE_CURVE('',#1732,#1733,#2039,.T.);
#1266=EDGE_CURVE('',#1732,#1734,#2040,.T.);
#1267=EDGE_CURVE('',#1734,#1735,#2041,.T.);
#1268=EDGE_CURVE('',#1733,#1735,#2042,.T.);
#1269=EDGE_CURVE('',#1736,#1737,#2043,.T.);
#1270=EDGE_CURVE('',#1736,#1738,#2044,.T.);
#1271=EDGE_CURVE('',#1738,#1739,#2045,.T.);
#1272=EDGE_CURVE('',#1737,#1739,#2046,.T.);
#1273=EDGE_CURVE('',#1740,#1741,#2047,.T.);
#1274=EDGE_CURVE('',#1740,#1742,#2048,.T.);
#1275=EDGE_CURVE('',#1742,#1743,#2049,.T.);
#1276=EDGE_CURVE('',#1741,#1743,#2050,.T.);
#1277=EDGE_CURVE('',#1744,#1745,#2051,.T.);
#1278=EDGE_CURVE('',#1744,#1746,#2052,.T.);
#1279=EDGE_CURVE('',#1746,#1747,#2053,.T.);
#1280=EDGE_CURVE('',#1747,#1748,#2054,.T.);
#1281=EDGE_CURVE('',#1749,#1748,#2055,.T.);
#1282=EDGE_CURVE('',#1750,#1749,#2056,.T.);
#1283=EDGE_CURVE('',#1750,#1751,#2057,.T.);
#1284=EDGE_CURVE('',#1752,#1751,#2058,.T.);
#1285=EDGE_CURVE('',#1753,#1752,#2059,.T.);
#1286=EDGE_CURVE('',#1754,#1753,#2060,.T.);
#1287=EDGE_CURVE('',#1754,#1755,#2061,.T.);
#1288=EDGE_CURVE('',#1756,#1755,#2062,.T.);
#1289=EDGE_CURVE('',#1757,#1756,#2063,.T.);
#1290=EDGE_CURVE('',#1758,#1757,#2064,.T.);
#1291=EDGE_CURVE('',#1758,#1759,#2065,.T.);
#1292=EDGE_CURVE('',#1759,#1760,#2066,.T.);
#1293=EDGE_CURVE('',#1761,#1760,#2067,.T.);
#1294=EDGE_CURVE('',#1761,#1762,#2068,.T.);
#1295=EDGE_CURVE('',#1762,#1763,#2069,.T.);
#1296=EDGE_CURVE('',#1763,#1745,#2070,.T.);
#1297=EDGE_CURVE('',#1764,#1764,#48,.T.);
#1298=EDGE_CURVE('',#1765,#1765,#49,.T.);
#1299=EDGE_CURVE('',#1766,#1766,#50,.T.);
#1300=EDGE_CURVE('',#1767,#1767,#51,.T.);
#1301=EDGE_CURVE('',#1768,#1768,#52,.T.);
#1302=EDGE_CURVE('',#1769,#1769,#53,.T.);
#1303=EDGE_CURVE('',#1770,#1770,#54,.T.);
#1304=EDGE_CURVE('',#1771,#1771,#55,.T.);
#1305=EDGE_CURVE('',#1772,#1772,#56,.T.);
#1306=EDGE_CURVE('',#1773,#1773,#57,.T.);
#1307=EDGE_CURVE('',#1774,#1774,#58,.T.);
#1308=EDGE_CURVE('',#1775,#1775,#59,.T.);
#1309=EDGE_CURVE('',#1776,#1776,#60,.T.);
#1310=EDGE_CURVE('',#1777,#1777,#61,.T.);
#1311=EDGE_CURVE('',#1778,#1778,#62,.T.);
#1312=EDGE_CURVE('',#1779,#1779,#63,.T.);
#1313=EDGE_CURVE('',#1780,#1780,#64,.T.);
#1314=EDGE_CURVE('',#1781,#1781,#65,.T.);
#1315=EDGE_CURVE('',#1782,#1783,#2071,.T.);
#1316=EDGE_CURVE('',#1782,#1784,#2072,.T.);
#1317=EDGE_CURVE('',#1784,#1785,#2073,.T.);
#1318=EDGE_CURVE('',#1474,#1785,#2074,.T.);
#1319=EDGE_CURVE('',#1786,#1473,#2075,.T.);
#1320=EDGE_CURVE('',#1787,#1786,#2076,.T.);
#1321=EDGE_CURVE('',#1783,#1787,#2077,.T.);
#1322=EDGE_CURVE('',#1744,#1588,#2078,.T.);
#1323=EDGE_CURVE('',#1745,#1589,#2079,.T.);
#1324=EDGE_CURVE('',#1746,#1607,#2080,.T.);
#1325=EDGE_CURVE('',#1747,#1606,#2081,.T.);
#1326=EDGE_CURVE('',#1748,#1605,#2082,.T.);
#1327=EDGE_CURVE('',#1749,#1604,#2083,.T.);
#1328=EDGE_CURVE('',#1750,#1603,#2084,.T.);
#1329=EDGE_CURVE('',#1751,#1602,#2085,.T.);
#1330=EDGE_CURVE('',#1752,#1601,#2086,.T.);
#1331=EDGE_CURVE('',#1753,#1600,#2087,.T.);
#1332=EDGE_CURVE('',#1754,#1599,#2088,.T.);
#1333=EDGE_CURVE('',#1755,#1598,#2089,.T.);
#1334=EDGE_CURVE('',#1756,#1597,#2090,.T.);
#1335=EDGE_CURVE('',#1757,#1596,#2091,.T.);
#1336=EDGE_CURVE('',#1758,#1595,#2092,.T.);
#1337=EDGE_CURVE('',#1759,#1594,#2093,.T.);
#1338=EDGE_CURVE('',#1760,#1593,#2094,.T.);
#1339=EDGE_CURVE('',#1761,#1592,#2095,.T.);
#1340=EDGE_CURVE('',#1762,#1591,#2096,.T.);
#1341=EDGE_CURVE('',#1763,#1590,#2097,.T.);
#1342=EDGE_CURVE('',#1740,#1584,#2098,.T.);
#1343=EDGE_CURVE('',#1741,#1585,#2099,.T.);
#1344=EDGE_CURVE('',#1742,#1587,#2100,.T.);
#1345=EDGE_CURVE('',#1743,#1586,#2101,.T.);
#1346=EDGE_CURVE('',#1736,#1580,#2102,.T.);
#1347=EDGE_CURVE('',#1737,#1581,#2103,.T.);
#1348=EDGE_CURVE('',#1738,#1583,#2104,.T.);
#1349=EDGE_CURVE('',#1739,#1582,#2105,.T.);
#1350=EDGE_CURVE('',#1732,#1576,#2106,.T.);
#1351=EDGE_CURVE('',#1733,#1577,#2107,.T.);
#1352=EDGE_CURVE('',#1734,#1579,#2108,.T.);
#1353=EDGE_CURVE('',#1735,#1578,#2109,.T.);
#1354=EDGE_CURVE('',#1728,#1572,#2110,.T.);
#1355=EDGE_CURVE('',#1729,#1573,#2111,.T.);
#1356=EDGE_CURVE('',#1730,#1575,#2112,.T.);
#1357=EDGE_CURVE('',#1731,#1574,#2113,.T.);
#1358=EDGE_CURVE('',#1724,#1568,#2114,.T.);
#1359=EDGE_CURVE('',#1725,#1569,#2115,.T.);
#1360=EDGE_CURVE('',#1726,#1571,#2116,.T.);
#1361=EDGE_CURVE('',#1727,#1570,#2117,.T.);
#1362=EDGE_CURVE('',#1720,#1564,#2118,.T.);
#1363=EDGE_CURVE('',#1721,#1565,#2119,.T.);
#1364=EDGE_CURVE('',#1722,#1567,#2120,.T.);
#1365=EDGE_CURVE('',#1723,#1566,#2121,.T.);
#1366=EDGE_CURVE('',#1716,#1560,#2122,.T.);
#1367=EDGE_CURVE('',#1717,#1561,#2123,.T.);
#1368=EDGE_CURVE('',#1718,#1563,#2124,.T.);
#1369=EDGE_CURVE('',#1719,#1562,#2125,.T.);
#1370=EDGE_CURVE('',#1712,#1556,#2126,.T.);
#1371=EDGE_CURVE('',#1713,#1557,#2127,.T.);
#1372=EDGE_CURVE('',#1714,#1559,#2128,.T.);
#1373=EDGE_CURVE('',#1715,#1558,#2129,.T.);
#1374=EDGE_CURVE('',#1708,#1552,#2130,.T.);
#1375=EDGE_CURVE('',#1709,#1553,#2131,.T.);
#1376=EDGE_CURVE('',#1710,#1555,#2132,.T.);
#1377=EDGE_CURVE('',#1711,#1554,#2133,.T.);
#1378=EDGE_CURVE('',#1704,#1548,#2134,.T.);
#1379=EDGE_CURVE('',#1705,#1549,#2135,.T.);
#1380=EDGE_CURVE('',#1706,#1551,#2136,.T.);
#1381=EDGE_CURVE('',#1707,#1550,#2137,.T.);
#1382=EDGE_CURVE('',#1700,#1544,#2138,.T.);
#1383=EDGE_CURVE('',#1701,#1545,#2139,.T.);
#1384=EDGE_CURVE('',#1702,#1547,#2140,.T.);
#1385=EDGE_CURVE('',#1703,#1546,#2141,.T.);
#1386=EDGE_CURVE('',#1696,#1540,#2142,.T.);
#1387=EDGE_CURVE('',#1697,#1541,#2143,.T.);
#1388=EDGE_CURVE('',#1698,#1543,#2144,.T.);
#1389=EDGE_CURVE('',#1699,#1542,#2145,.T.);
#1390=EDGE_CURVE('',#1692,#1536,#2146,.T.);
#1391=EDGE_CURVE('',#1693,#1537,#2147,.T.);
#1392=EDGE_CURVE('',#1694,#1539,#2148,.T.);
#1393=EDGE_CURVE('',#1695,#1538,#2149,.T.);
#1394=EDGE_CURVE('',#1688,#1532,#2150,.T.);
#1395=EDGE_CURVE('',#1689,#1533,#2151,.T.);
#1396=EDGE_CURVE('',#1690,#1535,#2152,.T.);
#1397=EDGE_CURVE('',#1691,#1534,#2153,.T.);
#1398=EDGE_CURVE('',#1684,#1528,#2154,.T.);
#1399=EDGE_CURVE('',#1685,#1529,#2155,.T.);
#1400=EDGE_CURVE('',#1686,#1531,#2156,.T.);
#1401=EDGE_CURVE('',#1687,#1530,#2157,.T.);
#1402=EDGE_CURVE('',#1680,#1524,#2158,.T.);
#1403=EDGE_CURVE('',#1681,#1525,#2159,.T.);
#1404=EDGE_CURVE('',#1682,#1527,#2160,.T.);
#1405=EDGE_CURVE('',#1683,#1526,#2161,.T.);
#1406=EDGE_CURVE('',#1676,#1520,#2162,.T.);
#1407=EDGE_CURVE('',#1677,#1521,#2163,.T.);
#1408=EDGE_CURVE('',#1678,#1523,#2164,.T.);
#1409=EDGE_CURVE('',#1679,#1522,#2165,.T.);
#1410=EDGE_CURVE('',#1672,#1516,#2166,.T.);
#1411=EDGE_CURVE('',#1673,#1517,#2167,.T.);
#1412=EDGE_CURVE('',#1674,#1519,#2168,.T.);
#1413=EDGE_CURVE('',#1675,#1518,#2169,.T.);
#1414=EDGE_CURVE('',#1668,#1512,#2170,.T.);
#1415=EDGE_CURVE('',#1669,#1513,#2171,.T.);
#1416=EDGE_CURVE('',#1670,#1515,#2172,.T.);
#1417=EDGE_CURVE('',#1671,#1514,#2173,.T.);
#1418=EDGE_CURVE('',#1664,#1508,#2174,.T.);
#1419=EDGE_CURVE('',#1665,#1509,#2175,.T.);
#1420=EDGE_CURVE('',#1666,#1511,#2176,.T.);
#1421=EDGE_CURVE('',#1667,#1510,#2177,.T.);
#1422=EDGE_CURVE('',#1660,#1504,#2178,.T.);
#1423=EDGE_CURVE('',#1661,#1505,#2179,.T.);
#1424=EDGE_CURVE('',#1662,#1507,#2180,.T.);
#1425=EDGE_CURVE('',#1663,#1506,#2181,.T.);
#1426=EDGE_CURVE('',#1656,#1500,#2182,.T.);
#1427=EDGE_CURVE('',#1657,#1501,#2183,.T.);
#1428=EDGE_CURVE('',#1658,#1503,#2184,.T.);
#1429=EDGE_CURVE('',#1659,#1502,#2185,.T.);
#1430=EDGE_CURVE('',#1652,#1496,#2186,.T.);
#1431=EDGE_CURVE('',#1653,#1497,#2187,.T.);
#1432=EDGE_CURVE('',#1654,#1499,#2188,.T.);
#1433=EDGE_CURVE('',#1655,#1498,#2189,.T.);
#1434=EDGE_CURVE('',#1648,#1492,#2190,.T.);
#1435=EDGE_CURVE('',#1649,#1493,#2191,.T.);
#1436=EDGE_CURVE('',#1650,#1495,#2192,.T.);
#1437=EDGE_CURVE('',#1651,#1494,#2193,.T.);
#1438=EDGE_CURVE('',#1644,#1488,#2194,.T.);
#1439=EDGE_CURVE('',#1645,#1489,#2195,.T.);
#1440=EDGE_CURVE('',#1646,#1491,#2196,.T.);
#1441=EDGE_CURVE('',#1647,#1490,#2197,.T.);
#1442=EDGE_CURVE('',#1640,#1484,#2198,.T.);
#1443=EDGE_CURVE('',#1641,#1485,#2199,.T.);
#1444=EDGE_CURVE('',#1642,#1487,#2200,.T.);
#1445=EDGE_CURVE('',#1643,#1486,#2201,.T.);
#1446=EDGE_CURVE('',#1636,#1480,#2202,.T.);
#1447=EDGE_CURVE('',#1637,#1481,#2203,.T.);
#1448=EDGE_CURVE('',#1638,#1483,#2204,.T.);
#1449=EDGE_CURVE('',#1639,#1482,#2205,.T.);
#1450=EDGE_CURVE('',#1632,#1476,#2206,.T.);
#1451=EDGE_CURVE('',#1633,#1477,#2207,.T.);
#1452=EDGE_CURVE('',#1634,#1479,#2208,.T.);
#1453=EDGE_CURVE('',#1635,#1478,#2209,.T.);
#1454=EDGE_CURVE('',#1787,#1629,#2210,.T.);
#1455=EDGE_CURVE('',#1786,#1630,#2211,.T.);
#1456=EDGE_CURVE('',#1783,#1628,#2212,.T.);
#1457=EDGE_CURVE('',#1788,#1626,#2213,.T.);
#1458=EDGE_CURVE('',#1788,#1789,#2214,.T.);
#1459=EDGE_CURVE('',#1789,#1782,#2215,.T.);
#1460=EDGE_CURVE('',#1790,#1784,#2216,.T.);
#1461=EDGE_CURVE('',#1791,#1790,#2217,.T.);
#1462=EDGE_CURVE('',#1791,#1785,#2218,.T.);
#1463=EDGE_CURVE('',#1790,#1789,#2219,.T.);
#1464=EDGE_CURVE('',#1792,#1627,#2220,.T.);
#1465=EDGE_CURVE('',#1788,#1792,#2221,.T.);
#1466=EDGE_CURVE('',#1793,#1631,#2222,.T.);
#1467=EDGE_CURVE('',#1793,#1792,#2223,.T.);
#1468=EDGE_CURVE('',#1470,#1793,#2224,.T.);
#1469=EDGE_CURVE('',#1791,#1475,#2225,.T.);
#1470=VERTEX_POINT('',#4570);
#1471=VERTEX_POINT('',#4571);
#1472=VERTEX_POINT('',#4573);
#1473=VERTEX_POINT('',#4575);
#1474=VERTEX_POINT('',#4577);
#1475=VERTEX_POINT('',#4579);
#1476=VERTEX_POINT('',#4583);
#1477=VERTEX_POINT('',#4584);
#1478=VERTEX_POINT('',#4586);
#1479=VERTEX_POINT('',#4588);
#1480=VERTEX_POINT('',#4591);
#1481=VERTEX_POINT('',#4592);
#1482=VERTEX_POINT('',#4594);
#1483=VERTEX_POINT('',#4596);
#1484=VERTEX_POINT('',#4599);
#1485=VERTEX_POINT('',#4600);
#1486=VERTEX_POINT('',#4602);
#1487=VERTEX_POINT('',#4604);
#1488=VERTEX_POINT('',#4607);
#1489=VERTEX_POINT('',#4608);
#1490=VERTEX_POINT('',#4610);
#1491=VERTEX_POINT('',#4612);
#1492=VERTEX_POINT('',#4615);
#1493=VERTEX_POINT('',#4616);
#1494=VERTEX_POINT('',#4618);
#1495=VERTEX_POINT('',#4620);
#1496=VERTEX_POINT('',#4623);
#1497=VERTEX_POINT('',#4624);
#1498=VERTEX_POINT('',#4626);
#1499=VERTEX_POINT('',#4628);
#1500=VERTEX_POINT('',#4631);
#1501=VERTEX_POINT('',#4632);
#1502=VERTEX_POINT('',#4634);
#1503=VERTEX_POINT('',#4636);
#1504=VERTEX_POINT('',#4639);
#1505=VERTEX_POINT('',#4640);
#1506=VERTEX_POINT('',#4642);
#1507=VERTEX_POINT('',#4644);
#1508=VERTEX_POINT('',#4647);
#1509=VERTEX_POINT('',#4648);
#1510=VERTEX_POINT('',#4650);
#1511=VERTEX_POINT('',#4652);
#1512=VERTEX_POINT('',#4655);
#1513=VERTEX_POINT('',#4656);
#1514=VERTEX_POINT('',#4658);
#1515=VERTEX_POINT('',#4660);
#1516=VERTEX_POINT('',#4663);
#1517=VERTEX_POINT('',#4664);
#1518=VERTEX_POINT('',#4666);
#1519=VERTEX_POINT('',#4668);
#1520=VERTEX_POINT('',#4671);
#1521=VERTEX_POINT('',#4672);
#1522=VERTEX_POINT('',#4674);
#1523=VERTEX_POINT('',#4676);
#1524=VERTEX_POINT('',#4679);
#1525=VERTEX_POINT('',#4680);
#1526=VERTEX_POINT('',#4682);
#1527=VERTEX_POINT('',#4684);
#1528=VERTEX_POINT('',#4687);
#1529=VERTEX_POINT('',#4688);
#1530=VERTEX_POINT('',#4690);
#1531=VERTEX_POINT('',#4692);
#1532=VERTEX_POINT('',#4695);
#1533=VERTEX_POINT('',#4696);
#1534=VERTEX_POINT('',#4698);
#1535=VERTEX_POINT('',#4700);
#1536=VERTEX_POINT('',#4703);
#1537=VERTEX_POINT('',#4704);
#1538=VERTEX_POINT('',#4706);
#1539=VERTEX_POINT('',#4708);
#1540=VERTEX_POINT('',#4711);
#1541=VERTEX_POINT('',#4712);
#1542=VERTEX_POINT('',#4714);
#1543=VERTEX_POINT('',#4716);
#1544=VERTEX_POINT('',#4719);
#1545=VERTEX_POINT('',#4720);
#1546=VERTEX_POINT('',#4722);
#1547=VERTEX_POINT('',#4724);
#1548=VERTEX_POINT('',#4727);
#1549=VERTEX_POINT('',#4728);
#1550=VERTEX_POINT('',#4730);
#1551=VERTEX_POINT('',#4732);
#1552=VERTEX_POINT('',#4735);
#1553=VERTEX_POINT('',#4736);
#1554=VERTEX_POINT('',#4738);
#1555=VERTEX_POINT('',#4740);
#1556=VERTEX_POINT('',#4743);
#1557=VERTEX_POINT('',#4744);
#1558=VERTEX_POINT('',#4746);
#1559=VERTEX_POINT('',#4748);
#1560=VERTEX_POINT('',#4751);
#1561=VERTEX_POINT('',#4752);
#1562=VERTEX_POINT('',#4754);
#1563=VERTEX_POINT('',#4756);
#1564=VERTEX_POINT('',#4759);
#1565=VERTEX_POINT('',#4760);
#1566=VERTEX_POINT('',#4762);
#1567=VERTEX_POINT('',#4764);
#1568=VERTEX_POINT('',#4767);
#1569=VERTEX_POINT('',#4768);
#1570=VERTEX_POINT('',#4770);
#1571=VERTEX_POINT('',#4772);
#1572=VERTEX_POINT('',#4775);
#1573=VERTEX_POINT('',#4776);
#1574=VERTEX_POINT('',#4778);
#1575=VERTEX_POINT('',#4780);
#1576=VERTEX_POINT('',#4783);
#1577=VERTEX_POINT('',#4784);
#1578=VERTEX_POINT('',#4786);
#1579=VERTEX_POINT('',#4788);
#1580=VERTEX_POINT('',#4791);
#1581=VERTEX_POINT('',#4792);
#1582=VERTEX_POINT('',#4794);
#1583=VERTEX_POINT('',#4796);
#1584=VERTEX_POINT('',#4799);
#1585=VERTEX_POINT('',#4800);
#1586=VERTEX_POINT('',#4802);
#1587=VERTEX_POINT('',#4804);
#1588=VERTEX_POINT('',#4807);
#1589=VERTEX_POINT('',#4808);
#1590=VERTEX_POINT('',#4810);
#1591=VERTEX_POINT('',#4812);
#1592=VERTEX_POINT('',#4814);
#1593=VERTEX_POINT('',#4816);
#1594=VERTEX_POINT('',#4818);
#1595=VERTEX_POINT('',#4820);
#1596=VERTEX_POINT('',#4822);
#1597=VERTEX_POINT('',#4824);
#1598=VERTEX_POINT('',#4826);
#1599=VERTEX_POINT('',#4828);
#1600=VERTEX_POINT('',#4830);
#1601=VERTEX_POINT('',#4832);
#1602=VERTEX_POINT('',#4834);
#1603=VERTEX_POINT('',#4836);
#1604=VERTEX_POINT('',#4838);
#1605=VERTEX_POINT('',#4840);
#1606=VERTEX_POINT('',#4842);
#1607=VERTEX_POINT('',#4844);
#1608=VERTEX_POINT('',#4847);
#1609=VERTEX_POINT('',#4849);
#1610=VERTEX_POINT('',#4851);
#1611=VERTEX_POINT('',#4853);
#1612=VERTEX_POINT('',#4855);
#1613=VERTEX_POINT('',#4857);
#1614=VERTEX_POINT('',#4859);
#1615=VERTEX_POINT('',#4861);
#1616=VERTEX_POINT('',#4863);
#1617=VERTEX_POINT('',#4865);
#1618=VERTEX_POINT('',#4867);
#1619=VERTEX_POINT('',#4869);
#1620=VERTEX_POINT('',#4871);
#1621=VERTEX_POINT('',#4873);
#1622=VERTEX_POINT('',#4875);
#1623=VERTEX_POINT('',#4877);
#1624=VERTEX_POINT('',#4879);
#1625=VERTEX_POINT('',#4881);
#1626=VERTEX_POINT('',#4883);
#1627=VERTEX_POINT('',#4884);
#1628=VERTEX_POINT('',#4886);
#1629=VERTEX_POINT('',#4888);
#1630=VERTEX_POINT('',#4890);
#1631=VERTEX_POINT('',#4893);
#1632=VERTEX_POINT('',#4897);
#1633=VERTEX_POINT('',#4898);
#1634=VERTEX_POINT('',#4900);
#1635=VERTEX_POINT('',#4902);
#1636=VERTEX_POINT('',#4905);
#1637=VERTEX_POINT('',#4906);
#1638=VERTEX_POINT('',#4908);
#1639=VERTEX_POINT('',#4910);
#1640=VERTEX_POINT('',#4913);
#1641=VERTEX_POINT('',#4914);
#1642=VERTEX_POINT('',#4916);
#1643=VERTEX_POINT('',#4918);
#1644=VERTEX_POINT('',#4921);
#1645=VERTEX_POINT('',#4922);
#1646=VERTEX_POINT('',#4924);
#1647=VERTEX_POINT('',#4926);
#1648=VERTEX_POINT('',#4929);
#1649=VERTEX_POINT('',#4930);
#1650=VERTEX_POINT('',#4932);
#1651=VERTEX_POINT('',#4934);
#1652=VERTEX_POINT('',#4937);
#1653=VERTEX_POINT('',#4938);
#1654=VERTEX_POINT('',#4940);
#1655=VERTEX_POINT('',#4942);
#1656=VERTEX_POINT('',#4945);
#1657=VERTEX_POINT('',#4946);
#1658=VERTEX_POINT('',#4948);
#1659=VERTEX_POINT('',#4950);
#1660=VERTEX_POINT('',#4953);
#1661=VERTEX_POINT('',#4954);
#1662=VERTEX_POINT('',#4956);
#1663=VERTEX_POINT('',#4958);
#1664=VERTEX_POINT('',#4961);
#1665=VERTEX_POINT('',#4962);
#1666=VERTEX_POINT('',#4964);
#1667=VERTEX_POINT('',#4966);
#1668=VERTEX_POINT('',#4969);
#1669=VERTEX_POINT('',#4970);
#1670=VERTEX_POINT('',#4972);
#1671=VERTEX_POINT('',#4974);
#1672=VERTEX_POINT('',#4977);
#1673=VERTEX_POINT('',#4978);
#1674=VERTEX_POINT('',#4980);
#1675=VERTEX_POINT('',#4982);
#1676=VERTEX_POINT('',#4985);
#1677=VERTEX_POINT('',#4986);
#1678=VERTEX_POINT('',#4988);
#1679=VERTEX_POINT('',#4990);
#1680=VERTEX_POINT('',#4993);
#1681=VERTEX_POINT('',#4994);
#1682=VERTEX_POINT('',#4996);
#1683=VERTEX_POINT('',#4998);
#1684=VERTEX_POINT('',#5001);
#1685=VERTEX_POINT('',#5002);
#1686=VERTEX_POINT('',#5004);
#1687=VERTEX_POINT('',#5006);
#1688=VERTEX_POINT('',#5009);
#1689=VERTEX_POINT('',#5010);
#1690=VERTEX_POINT('',#5012);
#1691=VERTEX_POINT('',#5014);
#1692=VERTEX_POINT('',#5017);
#1693=VERTEX_POINT('',#5018);
#1694=VERTEX_POINT('',#5020);
#1695=VERTEX_POINT('',#5022);
#1696=VERTEX_POINT('',#5025);
#1697=VERTEX_POINT('',#5026);
#1698=VERTEX_POINT('',#5028);
#1699=VERTEX_POINT('',#5030);
#1700=VERTEX_POINT('',#5033);
#1701=VERTEX_POINT('',#5034);
#1702=VERTEX_POINT('',#5036);
#1703=VERTEX_POINT('',#5038);
#1704=VERTEX_POINT('',#5041);
#1705=VERTEX_POINT('',#5042);
#1706=VERTEX_POINT('',#5044);
#1707=VERTEX_POINT('',#5046);
#1708=VERTEX_POINT('',#5049);
#1709=VERTEX_POINT('',#5050);
#1710=VERTEX_POINT('',#5052);
#1711=VERTEX_POINT('',#5054);
#1712=VERTEX_POINT('',#5057);
#1713=VERTEX_POINT('',#5058);
#1714=VERTEX_POINT('',#5060);
#1715=VERTEX_POINT('',#5062);
#1716=VERTEX_POINT('',#5065);
#1717=VERTEX_POINT('',#5066);
#1718=VERTEX_POINT('',#5068);
#1719=VERTEX_POINT('',#5070);
#1720=VERTEX_POINT('',#5073);
#1721=VERTEX_POINT('',#5074);
#1722=VERTEX_POINT('',#5076);
#1723=VERTEX_POINT('',#5078);
#1724=VERTEX_POINT('',#5081);
#1725=VERTEX_POINT('',#5082);
#1726=VERTEX_POINT('',#5084);
#1727=VERTEX_POINT('',#5086);
#1728=VERTEX_POINT('',#5089);
#1729=VERTEX_POINT('',#5090);
#1730=VERTEX_POINT('',#5092);
#1731=VERTEX_POINT('',#5094);
#1732=VERTEX_POINT('',#5097);
#1733=VERTEX_POINT('',#5098);
#1734=VERTEX_POINT('',#5100);
#1735=VERTEX_POINT('',#5102);
#1736=VERTEX_POINT('',#5105);
#1737=VERTEX_POINT('',#5106);
#1738=VERTEX_POINT('',#5108);
#1739=VERTEX_POINT('',#5110);
#1740=VERTEX_POINT('',#5113);
#1741=VERTEX_POINT('',#5114);
#1742=VERTEX_POINT('',#5116);
#1743=VERTEX_POINT('',#5118);
#1744=VERTEX_POINT('',#5121);
#1745=VERTEX_POINT('',#5122);
#1746=VERTEX_POINT('',#5124);
#1747=VERTEX_POINT('',#5126);
#1748=VERTEX_POINT('',#5128);
#1749=VERTEX_POINT('',#5130);
#1750=VERTEX_POINT('',#5132);
#1751=VERTEX_POINT('',#5134);
#1752=VERTEX_POINT('',#5136);
#1753=VERTEX_POINT('',#5138);
#1754=VERTEX_POINT('',#5140);
#1755=VERTEX_POINT('',#5142);
#1756=VERTEX_POINT('',#5144);
#1757=VERTEX_POINT('',#5146);
#1758=VERTEX_POINT('',#5148);
#1759=VERTEX_POINT('',#5150);
#1760=VERTEX_POINT('',#5152);
#1761=VERTEX_POINT('',#5154);
#1762=VERTEX_POINT('',#5156);
#1763=VERTEX_POINT('',#5158);
#1764=VERTEX_POINT('',#5161);
#1765=VERTEX_POINT('',#5163);
#1766=VERTEX_POINT('',#5165);
#1767=VERTEX_POINT('',#5167);
#1768=VERTEX_POINT('',#5169);
#1769=VERTEX_POINT('',#5171);
#1770=VERTEX_POINT('',#5173);
#1771=VERTEX_POINT('',#5175);
#1772=VERTEX_POINT('',#5177);
#1773=VERTEX_POINT('',#5179);
#1774=VERTEX_POINT('',#5181);
#1775=VERTEX_POINT('',#5183);
#1776=VERTEX_POINT('',#5185);
#1777=VERTEX_POINT('',#5187);
#1778=VERTEX_POINT('',#5189);
#1779=VERTEX_POINT('',#5191);
#1780=VERTEX_POINT('',#5193);
#1781=VERTEX_POINT('',#5195);
#1782=VERTEX_POINT('',#5197);
#1783=VERTEX_POINT('',#5198);
#1784=VERTEX_POINT('',#5200);
#1785=VERTEX_POINT('',#5202);
#1786=VERTEX_POINT('',#5205);
#1787=VERTEX_POINT('',#5207);
#1788=VERTEX_POINT('',#5451);
#1789=VERTEX_POINT('',#5453);
#1790=VERTEX_POINT('',#5505);
#1791=VERTEX_POINT('',#5507);
#1792=VERTEX_POINT('',#5513);
#1793=VERTEX_POINT('',#5517);
#1794=LINE('',#4569,#2226);
#1795=LINE('',#4572,#2227);
#1796=LINE('',#4574,#2228);
#1797=LINE('',#4576,#2229);
#1798=LINE('',#4578,#2230);
#1799=LINE('',#4580,#2231);
#1800=LINE('',#4582,#2232);
#1801=LINE('',#4585,#2233);
#1802=LINE('',#4587,#2234);
#1803=LINE('',#4589,#2235);
#1804=LINE('',#4590,#2236);
#1805=LINE('',#4593,#2237);
#1806=LINE('',#4595,#2238);
#1807=LINE('',#4597,#2239);
#1808=LINE('',#4598,#2240);
#1809=LINE('',#4601,#2241);
#1810=LINE('',#4603,#2242);
#1811=LINE('',#4605,#2243);
#1812=LINE('',#4606,#2244);
#1813=LINE('',#4609,#2245);
#1814=LINE('',#4611,#2246);
#1815=LINE('',#4613,#2247);
#1816=LINE('',#4614,#2248);
#1817=LINE('',#4617,#2249);
#1818=LINE('',#4619,#2250);
#1819=LINE('',#4621,#2251);
#1820=LINE('',#4622,#2252);
#1821=LINE('',#4625,#2253);
#1822=LINE('',#4627,#2254);
#1823=LINE('',#4629,#2255);
#1824=LINE('',#4630,#2256);
#1825=LINE('',#4633,#2257);
#1826=LINE('',#4635,#2258);
#1827=LINE('',#4637,#2259);
#1828=LINE('',#4638,#2260);
#1829=LINE('',#4641,#2261);
#1830=LINE('',#4643,#2262);
#1831=LINE('',#4645,#2263);
#1832=LINE('',#4646,#2264);
#1833=LINE('',#4649,#2265);
#1834=LINE('',#4651,#2266);
#1835=LINE('',#4653,#2267);
#1836=LINE('',#4654,#2268);
#1837=LINE('',#4657,#2269);
#1838=LINE('',#4659,#2270);
#1839=LINE('',#4661,#2271);
#1840=LINE('',#4662,#2272);
#1841=LINE('',#4665,#2273);
#1842=LINE('',#4667,#2274);
#1843=LINE('',#4669,#2275);
#1844=LINE('',#4670,#2276);
#1845=LINE('',#4673,#2277);
#1846=LINE('',#4675,#2278);
#1847=LINE('',#4677,#2279);
#1848=LINE('',#4678,#2280);
#1849=LINE('',#4681,#2281);
#1850=LINE('',#4683,#2282);
#1851=LINE('',#4685,#2283);
#1852=LINE('',#4686,#2284);
#1853=LINE('',#4689,#2285);
#1854=LINE('',#4691,#2286);
#1855=LINE('',#4693,#2287);
#1856=LINE('',#4694,#2288);
#1857=LINE('',#4697,#2289);
#1858=LINE('',#4699,#2290);
#1859=LINE('',#4701,#2291);
#1860=LINE('',#4702,#2292);
#1861=LINE('',#4705,#2293);
#1862=LINE('',#4707,#2294);
#1863=LINE('',#4709,#2295);
#1864=LINE('',#4710,#2296);
#1865=LINE('',#4713,#2297);
#1866=LINE('',#4715,#2298);
#1867=LINE('',#4717,#2299);
#1868=LINE('',#4718,#2300);
#1869=LINE('',#4721,#2301);
#1870=LINE('',#4723,#2302);
#1871=LINE('',#4725,#2303);
#1872=LINE('',#4726,#2304);
#1873=LINE('',#4729,#2305);
#1874=LINE('',#4731,#2306);
#1875=LINE('',#4733,#2307);
#1876=LINE('',#4734,#2308);
#1877=LINE('',#4737,#2309);
#1878=LINE('',#4739,#2310);
#1879=LINE('',#4741,#2311);
#1880=LINE('',#4742,#2312);
#1881=LINE('',#4745,#2313);
#1882=LINE('',#4747,#2314);
#1883=LINE('',#4749,#2315);
#1884=LINE('',#4750,#2316);
#1885=LINE('',#4753,#2317);
#1886=LINE('',#4755,#2318);
#1887=LINE('',#4757,#2319);
#1888=LINE('',#4758,#2320);
#1889=LINE('',#4761,#2321);
#1890=LINE('',#4763,#2322);
#1891=LINE('',#4765,#2323);
#1892=LINE('',#4766,#2324);
#1893=LINE('',#4769,#2325);
#1894=LINE('',#4771,#2326);
#1895=LINE('',#4773,#2327);
#1896=LINE('',#4774,#2328);
#1897=LINE('',#4777,#2329);
#1898=LINE('',#4779,#2330);
#1899=LINE('',#4781,#2331);
#1900=LINE('',#4782,#2332);
#1901=LINE('',#4785,#2333);
#1902=LINE('',#4787,#2334);
#1903=LINE('',#4789,#2335);
#1904=LINE('',#4790,#2336);
#1905=LINE('',#4793,#2337);
#1906=LINE('',#4795,#2338);
#1907=LINE('',#4797,#2339);
#1908=LINE('',#4798,#2340);
#1909=LINE('',#4801,#2341);
#1910=LINE('',#4803,#2342);
#1911=LINE('',#4805,#2343);
#1912=LINE('',#4806,#2344);
#1913=LINE('',#4809,#2345);
#1914=LINE('',#4811,#2346);
#1915=LINE('',#4813,#2347);
#1916=LINE('',#4815,#2348);
#1917=LINE('',#4817,#2349);
#1918=LINE('',#4819,#2350);
#1919=LINE('',#4821,#2351);
#1920=LINE('',#4823,#2352);
#1921=LINE('',#4825,#2353);
#1922=LINE('',#4827,#2354);
#1923=LINE('',#4829,#2355);
#1924=LINE('',#4831,#2356);
#1925=LINE('',#4833,#2357);
#1926=LINE('',#4835,#2358);
#1927=LINE('',#4837,#2359);
#1928=LINE('',#4839,#2360);
#1929=LINE('',#4841,#2361);
#1930=LINE('',#4843,#2362);
#1931=LINE('',#4845,#2363);
#1932=LINE('',#4882,#2364);
#1933=LINE('',#4885,#2365);
#1934=LINE('',#4887,#2366);
#1935=LINE('',#4889,#2367);
#1936=LINE('',#4891,#2368);
#1937=LINE('',#4892,#2369);
#1938=LINE('',#4894,#2370);
#1939=LINE('',#4896,#2371);
#1940=LINE('',#4899,#2372);
#1941=LINE('',#4901,#2373);
#1942=LINE('',#4903,#2374);
#1943=LINE('',#4904,#2375);
#1944=LINE('',#4907,#2376);
#1945=LINE('',#4909,#2377);
#1946=LINE('',#4911,#2378);
#1947=LINE('',#4912,#2379);
#1948=LINE('',#4915,#2380);
#1949=LINE('',#4917,#2381);
#1950=LINE('',#4919,#2382);
#1951=LINE('',#4920,#2383);
#1952=LINE('',#4923,#2384);
#1953=LINE('',#4925,#2385);
#1954=LINE('',#4927,#2386);
#1955=LINE('',#4928,#2387);
#1956=LINE('',#4931,#2388);
#1957=LINE('',#4933,#2389);
#1958=LINE('',#4935,#2390);
#1959=LINE('',#4936,#2391);
#1960=LINE('',#4939,#2392);
#1961=LINE('',#4941,#2393);
#1962=LINE('',#4943,#2394);
#1963=LINE('',#4944,#2395);
#1964=LINE('',#4947,#2396);
#1965=LINE('',#4949,#2397);
#1966=LINE('',#4951,#2398);
#1967=LINE('',#4952,#2399);
#1968=LINE('',#4955,#2400);
#1969=LINE('',#4957,#2401);
#1970=LINE('',#4959,#2402);
#1971=LINE('',#4960,#2403);
#1972=LINE('',#4963,#2404);
#1973=LINE('',#4965,#2405);
#1974=LINE('',#4967,#2406);
#1975=LINE('',#4968,#2407);
#1976=LINE('',#4971,#2408);
#1977=LINE('',#4973,#2409);
#1978=LINE('',#4975,#2410);
#1979=LINE('',#4976,#2411);
#1980=LINE('',#4979,#2412);
#1981=LINE('',#4981,#2413);
#1982=LINE('',#4983,#2414);
#1983=LINE('',#4984,#2415);
#1984=LINE('',#4987,#2416);
#1985=LINE('',#4989,#2417);
#1986=LINE('',#4991,#2418);
#1987=LINE('',#4992,#2419);
#1988=LINE('',#4995,#2420);
#1989=LINE('',#4997,#2421);
#1990=LINE('',#4999,#2422);
#1991=LINE('',#5000,#2423);
#1992=LINE('',#5003,#2424);
#1993=LINE('',#5005,#2425);
#1994=LINE('',#5007,#2426);
#1995=LINE('',#5008,#2427);
#1996=LINE('',#5011,#2428);
#1997=LINE('',#5013,#2429);
#1998=LINE('',#5015,#2430);
#1999=LINE('',#5016,#2431);
#2000=LINE('',#5019,#2432);
#2001=LINE('',#5021,#2433);
#2002=LINE('',#5023,#2434);
#2003=LINE('',#5024,#2435);
#2004=LINE('',#5027,#2436);
#2005=LINE('',#5029,#2437);
#2006=LINE('',#5031,#2438);
#2007=LINE('',#5032,#2439);
#2008=LINE('',#5035,#2440);
#2009=LINE('',#5037,#2441);
#2010=LINE('',#5039,#2442);
#2011=LINE('',#5040,#2443);
#2012=LINE('',#5043,#2444);
#2013=LINE('',#5045,#2445);
#2014=LINE('',#5047,#2446);
#2015=LINE('',#5048,#2447);
#2016=LINE('',#5051,#2448);
#2017=LINE('',#5053,#2449);
#2018=LINE('',#5055,#2450);
#2019=LINE('',#5056,#2451);
#2020=LINE('',#5059,#2452);
#2021=LINE('',#5061,#2453);
#2022=LINE('',#5063,#2454);
#2023=LINE('',#5064,#2455);
#2024=LINE('',#5067,#2456);
#2025=LINE('',#5069,#2457);
#2026=LINE('',#5071,#2458);
#2027=LINE('',#5072,#2459);
#2028=LINE('',#5075,#2460);
#2029=LINE('',#5077,#2461);
#2030=LINE('',#5079,#2462);
#2031=LINE('',#5080,#2463);
#2032=LINE('',#5083,#2464);
#2033=LINE('',#5085,#2465);
#2034=LINE('',#5087,#2466);
#2035=LINE('',#5088,#2467);
#2036=LINE('',#5091,#2468);
#2037=LINE('',#5093,#2469);
#2038=LINE('',#5095,#2470);
#2039=LINE('',#5096,#2471);
#2040=LINE('',#5099,#2472);
#2041=LINE('',#5101,#2473);
#2042=LINE('',#5103,#2474);
#2043=LINE('',#5104,#2475);
#2044=LINE('',#5107,#2476);
#2045=LINE('',#5109,#2477);
#2046=LINE('',#5111,#2478);
#2047=LINE('',#5112,#2479);
#2048=LINE('',#5115,#2480);
#2049=LINE('',#5117,#2481);
#2050=LINE('',#5119,#2482);
#2051=LINE('',#5120,#2483);
#2052=LINE('',#5123,#2484);
#2053=LINE('',#5125,#2485);
#2054=LINE('',#5127,#2486);
#2055=LINE('',#5129,#2487);
#2056=LINE('',#5131,#2488);
#2057=LINE('',#5133,#2489);
#2058=LINE('',#5135,#2490);
#2059=LINE('',#5137,#2491);
#2060=LINE('',#5139,#2492);
#2061=LINE('',#5141,#2493);
#2062=LINE('',#5143,#2494);
#2063=LINE('',#5145,#2495);
#2064=LINE('',#5147,#2496);
#2065=LINE('',#5149,#2497);
#2066=LINE('',#5151,#2498);
#2067=LINE('',#5153,#2499);
#2068=LINE('',#5155,#2500);
#2069=LINE('',#5157,#2501);
#2070=LINE('',#5159,#2502);
#2071=LINE('',#5196,#2503);
#2072=LINE('',#5199,#2504);
#2073=LINE('',#5201,#2505);
#2074=LINE('',#5203,#2506);
#2075=LINE('',#5204,#2507);
#2076=LINE('',#5206,#2508);
#2077=LINE('',#5208,#2509);
#2078=LINE('',#5210,#2510);
#2079=LINE('',#5211,#2511);
#2080=LINE('',#5213,#2512);
#2081=LINE('',#5215,#2513);
#2082=LINE('',#5217,#2514);
#2083=LINE('',#5219,#2515);
#2084=LINE('',#5221,#2516);
#2085=LINE('',#5223,#2517);
#2086=LINE('',#5225,#2518);
#2087=LINE('',#5227,#2519);
#2088=LINE('',#5229,#2520);
#2089=LINE('',#5231,#2521);
#2090=LINE('',#5233,#2522);
#2091=LINE('',#5235,#2523);
#2092=LINE('',#5237,#2524);
#2093=LINE('',#5239,#2525);
#2094=LINE('',#5241,#2526);
#2095=LINE('',#5243,#2527);
#2096=LINE('',#5245,#2528);
#2097=LINE('',#5247,#2529);
#2098=LINE('',#5249,#2530);
#2099=LINE('',#5250,#2531);
#2100=LINE('',#5252,#2532);
#2101=LINE('',#5254,#2533);
#2102=LINE('',#5256,#2534);
#2103=LINE('',#5257,#2535);
#2104=LINE('',#5259,#2536);
#2105=LINE('',#5261,#2537);
#2106=LINE('',#5263,#2538);
#2107=LINE('',#5264,#2539);
#2108=LINE('',#5266,#2540);
#2109=LINE('',#5268,#2541);
#2110=LINE('',#5270,#2542);
#2111=LINE('',#5271,#2543);
#2112=LINE('',#5273,#2544);
#2113=LINE('',#5275,#2545);
#2114=LINE('',#5277,#2546);
#2115=LINE('',#5278,#2547);
#2116=LINE('',#5280,#2548);
#2117=LINE('',#5282,#2549);
#2118=LINE('',#5284,#2550);
#2119=LINE('',#5285,#2551);
#2120=LINE('',#5287,#2552);
#2121=LINE('',#5289,#2553);
#2122=LINE('',#5291,#2554);
#2123=LINE('',#5292,#2555);
#2124=LINE('',#5294,#2556);
#2125=LINE('',#5296,#2557);
#2126=LINE('',#5298,#2558);
#2127=LINE('',#5299,#2559);
#2128=LINE('',#5301,#2560);
#2129=LINE('',#5303,#2561);
#2130=LINE('',#5305,#2562);
#2131=LINE('',#5306,#2563);
#2132=LINE('',#5308,#2564);
#2133=LINE('',#5310,#2565);
#2134=LINE('',#5312,#2566);
#2135=LINE('',#5313,#2567);
#2136=LINE('',#5315,#2568);
#2137=LINE('',#5317,#2569);
#2138=LINE('',#5319,#2570);
#2139=LINE('',#5320,#2571);
#2140=LINE('',#5322,#2572);
#2141=LINE('',#5324,#2573);
#2142=LINE('',#5326,#2574);
#2143=LINE('',#5327,#2575);
#2144=LINE('',#5329,#2576);
#2145=LINE('',#5331,#2577);
#2146=LINE('',#5333,#2578);
#2147=LINE('',#5334,#2579);
#2148=LINE('',#5336,#2580);
#2149=LINE('',#5338,#2581);
#2150=LINE('',#5340,#2582);
#2151=LINE('',#5341,#2583);
#2152=LINE('',#5343,#2584);
#2153=LINE('',#5345,#2585);
#2154=LINE('',#5347,#2586);
#2155=LINE('',#5348,#2587);
#2156=LINE('',#5350,#2588);
#2157=LINE('',#5352,#2589);
#2158=LINE('',#5354,#2590);
#2159=LINE('',#5355,#2591);
#2160=LINE('',#5357,#2592);
#2161=LINE('',#5359,#2593);
#2162=LINE('',#5361,#2594);
#2163=LINE('',#5362,#2595);
#2164=LINE('',#5364,#2596);
#2165=LINE('',#5366,#2597);
#2166=LINE('',#5368,#2598);
#2167=LINE('',#5369,#2599);
#2168=LINE('',#5371,#2600);
#2169=LINE('',#5373,#2601);
#2170=LINE('',#5375,#2602);
#2171=LINE('',#5376,#2603);
#2172=LINE('',#5378,#2604);
#2173=LINE('',#5380,#2605);
#2174=LINE('',#5382,#2606);
#2175=LINE('',#5383,#2607);
#2176=LINE('',#5385,#2608);
#2177=LINE('',#5387,#2609);
#2178=LINE('',#5389,#2610);
#2179=LINE('',#5390,#2611);
#2180=LINE('',#5392,#2612);
#2181=LINE('',#5394,#2613);
#2182=LINE('',#5396,#2614);
#2183=LINE('',#5397,#2615);
#2184=LINE('',#5399,#2616);
#2185=LINE('',#5401,#2617);
#2186=LINE('',#5403,#2618);
#2187=LINE('',#5404,#2619);
#2188=LINE('',#5406,#2620);
#2189=LINE('',#5408,#2621);
#2190=LINE('',#5410,#2622);
#2191=LINE('',#5411,#2623);
#2192=LINE('',#5413,#2624);
#2193=LINE('',#5415,#2625);
#2194=LINE('',#5417,#2626);
#2195=LINE('',#5418,#2627);
#2196=LINE('',#5420,#2628);
#2197=LINE('',#5422,#2629);
#2198=LINE('',#5424,#2630);
#2199=LINE('',#5425,#2631);
#2200=LINE('',#5427,#2632);
#2201=LINE('',#5429,#2633);
#2202=LINE('',#5431,#2634);
#2203=LINE('',#5432,#2635);
#2204=LINE('',#5434,#2636);
#2205=LINE('',#5436,#2637);
#2206=LINE('',#5438,#2638);
#2207=LINE('',#5439,#2639);
#2208=LINE('',#5441,#2640);
#2209=LINE('',#5443,#2641);
#2210=LINE('',#5445,#2642);
#2211=LINE('',#5446,#2643);
#2212=LINE('',#5448,#2644);
#2213=LINE('',#5450,#2645);
#2214=LINE('',#5452,#2646);
#2215=LINE('',#5454,#2647);
#2216=LINE('',#5504,#2648);
#2217=LINE('',#5506,#2649);
#2218=LINE('',#5508,#2650);
#2219=LINE('',#5510,#2651);
#2220=LINE('',#5512,#2652);
#2221=LINE('',#5514,#2653);
#2222=LINE('',#5516,#2654);
#2223=LINE('',#5518,#2655);
#2224=LINE('',#5520,#2656);
#2225=LINE('',#5522,#2657);
#2226=VECTOR('',#3737,1.);
#2227=VECTOR('',#3738,1.);
#2228=VECTOR('',#3739,1.);
#2229=VECTOR('',#3740,1.);
#2230=VECTOR('',#3741,1.);
#2231=VECTOR('',#3742,1.);
#2232=VECTOR('',#3745,1.);
#2233=VECTOR('',#3746,1.);
#2234=VECTOR('',#3747,1.);
#2235=VECTOR('',#3748,1.);
#2236=VECTOR('',#3749,1.);
#2237=VECTOR('',#3750,1.);
#2238=VECTOR('',#3751,1.);
#2239=VECTOR('',#3752,1.);
#2240=VECTOR('',#3753,1.);
#2241=VECTOR('',#3754,1.);
#2242=VECTOR('',#3755,1.);
#2243=VECTOR('',#3756,1.);
#2244=VECTOR('',#3757,1.);
#2245=VECTOR('',#3758,1.);
#2246=VECTOR('',#3759,1.);
#2247=VECTOR('',#3760,1.);
#2248=VECTOR('',#3761,1.);
#2249=VECTOR('',#3762,1.);
#2250=VECTOR('',#3763,1.);
#2251=VECTOR('',#3764,1.);
#2252=VECTOR('',#3765,1.);
#2253=VECTOR('',#3766,1.);
#2254=VECTOR('',#3767,1.);
#2255=VECTOR('',#3768,1.);
#2256=VECTOR('',#3769,1.);
#2257=VECTOR('',#3770,1.);
#2258=VECTOR('',#3771,1.);
#2259=VECTOR('',#3772,1.);
#2260=VECTOR('',#3773,1.);
#2261=VECTOR('',#3774,1.);
#2262=VECTOR('',#3775,1.);
#2263=VECTOR('',#3776,1.);
#2264=VECTOR('',#3777,1.);
#2265=VECTOR('',#3778,1.);
#2266=VECTOR('',#3779,1.);
#2267=VECTOR('',#3780,1.);
#2268=VECTOR('',#3781,1.);
#2269=VECTOR('',#3782,1.);
#2270=VECTOR('',#3783,1.);
#2271=VECTOR('',#3784,1.);
#2272=VECTOR('',#3785,1.);
#2273=VECTOR('',#3786,1.);
#2274=VECTOR('',#3787,1.);
#2275=VECTOR('',#3788,1.);
#2276=VECTOR('',#3789,1.);
#2277=VECTOR('',#3790,1.);
#2278=VECTOR('',#3791,1.);
#2279=VECTOR('',#3792,1.);
#2280=VECTOR('',#3793,1.);
#2281=VECTOR('',#3794,1.);
#2282=VECTOR('',#3795,1.);
#2283=VECTOR('',#3796,1.);
#2284=VECTOR('',#3797,1.);
#2285=VECTOR('',#3798,1.);
#2286=VECTOR('',#3799,1.);
#2287=VECTOR('',#3800,1.);
#2288=VECTOR('',#3801,1.);
#2289=VECTOR('',#3802,1.);
#2290=VECTOR('',#3803,1.);
#2291=VECTOR('',#3804,1.);
#2292=VECTOR('',#3805,1.);
#2293=VECTOR('',#3806,1.);
#2294=VECTOR('',#3807,1.);
#2295=VECTOR('',#3808,1.);
#2296=VECTOR('',#3809,1.);
#2297=VECTOR('',#3810,1.);
#2298=VECTOR('',#3811,1.);
#2299=VECTOR('',#3812,1.);
#2300=VECTOR('',#3813,1.);
#2301=VECTOR('',#3814,1.);
#2302=VECTOR('',#3815,1.);
#2303=VECTOR('',#3816,1.);
#2304=VECTOR('',#3817,1.);
#2305=VECTOR('',#3818,1.);
#2306=VECTOR('',#3819,1.);
#2307=VECTOR('',#3820,1.);
#2308=VECTOR('',#3821,1.);
#2309=VECTOR('',#3822,1.);
#2310=VECTOR('',#3823,1.);
#2311=VECTOR('',#3824,1.);
#2312=VECTOR('',#3825,1.);
#2313=VECTOR('',#3826,1.);
#2314=VECTOR('',#3827,1.);
#2315=VECTOR('',#3828,1.);
#2316=VECTOR('',#3829,1.);
#2317=VECTOR('',#3830,1.);
#2318=VECTOR('',#3831,1.);
#2319=VECTOR('',#3832,1.);
#2320=VECTOR('',#3833,1.);
#2321=VECTOR('',#3834,1.);
#2322=VECTOR('',#3835,1.);
#2323=VECTOR('',#3836,1.);
#2324=VECTOR('',#3837,1.);
#2325=VECTOR('',#3838,1.);
#2326=VECTOR('',#3839,1.);
#2327=VECTOR('',#3840,1.);
#2328=VECTOR('',#3841,1.);
#2329=VECTOR('',#3842,1.);
#2330=VECTOR('',#3843,1.);
#2331=VECTOR('',#3844,1.);
#2332=VECTOR('',#3845,1.);
#2333=VECTOR('',#3846,1.);
#2334=VECTOR('',#3847,1.);
#2335=VECTOR('',#3848,1.);
#2336=VECTOR('',#3849,1.);
#2337=VECTOR('',#3850,1.);
#2338=VECTOR('',#3851,1.);
#2339=VECTOR('',#3852,1.);
#2340=VECTOR('',#3853,1.);
#2341=VECTOR('',#3854,1.);
#2342=VECTOR('',#3855,1.);
#2343=VECTOR('',#3856,1.);
#2344=VECTOR('',#3857,1.);
#2345=VECTOR('',#3858,1.);
#2346=VECTOR('',#3859,1.);
#2347=VECTOR('',#3860,1.);
#2348=VECTOR('',#3861,1.);
#2349=VECTOR('',#3862,1.);
#2350=VECTOR('',#3863,1.);
#2351=VECTOR('',#3864,1.);
#2352=VECTOR('',#3865,1.);
#2353=VECTOR('',#3866,1.);
#2354=VECTOR('',#3867,1.);
#2355=VECTOR('',#3868,1.);
#2356=VECTOR('',#3869,1.);
#2357=VECTOR('',#3870,1.);
#2358=VECTOR('',#3871,1.);
#2359=VECTOR('',#3872,1.);
#2360=VECTOR('',#3873,1.);
#2361=VECTOR('',#3874,1.);
#2362=VECTOR('',#3875,1.);
#2363=VECTOR('',#3876,1.);
#2364=VECTOR('',#3913,1.);
#2365=VECTOR('',#3914,1.);
#2366=VECTOR('',#3915,1.);
#2367=VECTOR('',#3916,1.);
#2368=VECTOR('',#3917,1.);
#2369=VECTOR('',#3918,1.);
#2370=VECTOR('',#3919,1.);
#2371=VECTOR('',#3922,1.);
#2372=VECTOR('',#3923,1.);
#2373=VECTOR('',#3924,1.);
#2374=VECTOR('',#3925,1.);
#2375=VECTOR('',#3926,1.);
#2376=VECTOR('',#3927,1.);
#2377=VECTOR('',#3928,1.);
#2378=VECTOR('',#3929,1.);
#2379=VECTOR('',#3930,1.);
#2380=VECTOR('',#3931,1.);
#2381=VECTOR('',#3932,1.);
#2382=VECTOR('',#3933,1.);
#2383=VECTOR('',#3934,1.);
#2384=VECTOR('',#3935,1.);
#2385=VECTOR('',#3936,1.);
#2386=VECTOR('',#3937,1.);
#2387=VECTOR('',#3938,1.);
#2388=VECTOR('',#3939,1.);
#2389=VECTOR('',#3940,1.);
#2390=VECTOR('',#3941,1.);
#2391=VECTOR('',#3942,1.);
#2392=VECTOR('',#3943,1.);
#2393=VECTOR('',#3944,1.);
#2394=VECTOR('',#3945,1.);
#2395=VECTOR('',#3946,1.);
#2396=VECTOR('',#3947,1.);
#2397=VECTOR('',#3948,1.);
#2398=VECTOR('',#3949,1.);
#2399=VECTOR('',#3950,1.);
#2400=VECTOR('',#3951,1.);
#2401=VECTOR('',#3952,1.);
#2402=VECTOR('',#3953,1.);
#2403=VECTOR('',#3954,1.);
#2404=VECTOR('',#3955,1.);
#2405=VECTOR('',#3956,1.);
#2406=VECTOR('',#3957,1.);
#2407=VECTOR('',#3958,1.);
#2408=VECTOR('',#3959,1.);
#2409=VECTOR('',#3960,1.);
#2410=VECTOR('',#3961,1.);
#2411=VECTOR('',#3962,1.);
#2412=VECTOR('',#3963,1.);
#2413=VECTOR('',#3964,1.);
#2414=VECTOR('',#3965,1.);
#2415=VECTOR('',#3966,1.);
#2416=VECTOR('',#3967,1.);
#2417=VECTOR('',#3968,1.);
#2418=VECTOR('',#3969,1.);
#2419=VECTOR('',#3970,1.);
#2420=VECTOR('',#3971,1.);
#2421=VECTOR('',#3972,1.);
#2422=VECTOR('',#3973,1.);
#2423=VECTOR('',#3974,1.);
#2424=VECTOR('',#3975,1.);
#2425=VECTOR('',#3976,1.);
#2426=VECTOR('',#3977,1.);
#2427=VECTOR('',#3978,1.);
#2428=VECTOR('',#3979,1.);
#2429=VECTOR('',#3980,1.);
#2430=VECTOR('',#3981,1.);
#2431=VECTOR('',#3982,1.);
#2432=VECTOR('',#3983,1.);
#2433=VECTOR('',#3984,1.);
#2434=VECTOR('',#3985,1.);
#2435=VECTOR('',#3986,1.);
#2436=VECTOR('',#3987,1.);
#2437=VECTOR('',#3988,1.);
#2438=VECTOR('',#3989,1.);
#2439=VECTOR('',#3990,1.);
#2440=VECTOR('',#3991,1.);
#2441=VECTOR('',#3992,1.);
#2442=VECTOR('',#3993,1.);
#2443=VECTOR('',#3994,1.);
#2444=VECTOR('',#3995,1.);
#2445=VECTOR('',#3996,1.);
#2446=VECTOR('',#3997,1.);
#2447=VECTOR('',#3998,1.);
#2448=VECTOR('',#3999,1.);
#2449=VECTOR('',#4000,1.);
#2450=VECTOR('',#4001,1.);
#2451=VECTOR('',#4002,1.);
#2452=VECTOR('',#4003,1.);
#2453=VECTOR('',#4004,1.);
#2454=VECTOR('',#4005,1.);
#2455=VECTOR('',#4006,1.);
#2456=VECTOR('',#4007,1.);
#2457=VECTOR('',#4008,1.);
#2458=VECTOR('',#4009,1.);
#2459=VECTOR('',#4010,1.);
#2460=VECTOR('',#4011,1.);
#2461=VECTOR('',#4012,1.);
#2462=VECTOR('',#4013,1.);
#2463=VECTOR('',#4014,1.);
#2464=VECTOR('',#4015,1.);
#2465=VECTOR('',#4016,1.);
#2466=VECTOR('',#4017,1.);
#2467=VECTOR('',#4018,1.);
#2468=VECTOR('',#4019,1.);
#2469=VECTOR('',#4020,1.);
#2470=VECTOR('',#4021,1.);
#2471=VECTOR('',#4022,1.);
#2472=VECTOR('',#4023,1.);
#2473=VECTOR('',#4024,1.);
#2474=VECTOR('',#4025,1.);
#2475=VECTOR('',#4026,1.);
#2476=VECTOR('',#4027,1.);
#2477=VECTOR('',#4028,1.);
#2478=VECTOR('',#4029,1.);
#2479=VECTOR('',#4030,1.);
#2480=VECTOR('',#4031,1.);
#2481=VECTOR('',#4032,1.);
#2482=VECTOR('',#4033,1.);
#2483=VECTOR('',#4034,1.);
#2484=VECTOR('',#4035,1.);
#2485=VECTOR('',#4036,1.);
#2486=VECTOR('',#4037,1.);
#2487=VECTOR('',#4038,1.);
#2488=VECTOR('',#4039,1.);
#2489=VECTOR('',#4040,1.);
#2490=VECTOR('',#4041,1.);
#2491=VECTOR('',#4042,1.);
#2492=VECTOR('',#4043,1.);
#2493=VECTOR('',#4044,1.);
#2494=VECTOR('',#4045,1.);
#2495=VECTOR('',#4046,1.);
#2496=VECTOR('',#4047,1.);
#2497=VECTOR('',#4048,1.);
#2498=VECTOR('',#4049,1.);
#2499=VECTOR('',#4050,1.);
#2500=VECTOR('',#4051,1.);
#2501=VECTOR('',#4052,1.);
#2502=VECTOR('',#4053,1.);
#2503=VECTOR('',#4090,1.);
#2504=VECTOR('',#4091,1.);
#2505=VECTOR('',#4092,1.);
#2506=VECTOR('',#4093,1.);
#2507=VECTOR('',#4094,1.);
#2508=VECTOR('',#4095,1.);
#2509=VECTOR('',#4096,1.);
#2510=VECTOR('',#4099,1.);
#2511=VECTOR('',#4100,1.);
#2512=VECTOR('',#4103,1.);
#2513=VECTOR('',#4106,1.);
#2514=VECTOR('',#4109,1.);
#2515=VECTOR('',#4112,1.);
#2516=VECTOR('',#4115,1.);
#2517=VECTOR('',#4118,1.);
#2518=VECTOR('',#4121,1.);
#2519=VECTOR('',#4124,1.);
#2520=VECTOR('',#4127,1.);
#2521=VECTOR('',#4130,1.);
#2522=VECTOR('',#4133,1.);
#2523=VECTOR('',#4136,1.);
#2524=VECTOR('',#4139,1.);
#2525=VECTOR('',#4142,1.);
#2526=VECTOR('',#4145,1.);
#2527=VECTOR('',#4148,1.);
#2528=VECTOR('',#4151,1.);
#2529=VECTOR('',#4154,1.);
#2530=VECTOR('',#4157,1.);
#2531=VECTOR('',#4158,1.);
#2532=VECTOR('',#4161,1.);
#2533=VECTOR('',#4164,1.);
#2534=VECTOR('',#4167,1.);
#2535=VECTOR('',#4168,1.);
#2536=VECTOR('',#4171,1.);
#2537=VECTOR('',#4174,1.);
#2538=VECTOR('',#4177,1.);
#2539=VECTOR('',#4178,1.);
#2540=VECTOR('',#4181,1.);
#2541=VECTOR('',#4184,1.);
#2542=VECTOR('',#4187,1.);
#2543=VECTOR('',#4188,1.);
#2544=VECTOR('',#4191,1.);
#2545=VECTOR('',#4194,1.);
#2546=VECTOR('',#4197,1.);
#2547=VECTOR('',#4198,1.);
#2548=VECTOR('',#4201,1.);
#2549=VECTOR('',#4204,1.);
#2550=VECTOR('',#4207,1.);
#2551=VECTOR('',#4208,1.);
#2552=VECTOR('',#4211,1.);
#2553=VECTOR('',#4214,1.);
#2554=VECTOR('',#4217,1.);
#2555=VECTOR('',#4218,1.);
#2556=VECTOR('',#4221,1.);
#2557=VECTOR('',#4224,1.);
#2558=VECTOR('',#4227,1.);
#2559=VECTOR('',#4228,1.);
#2560=VECTOR('',#4231,1.);
#2561=VECTOR('',#4234,1.);
#2562=VECTOR('',#4237,1.);
#2563=VECTOR('',#4238,1.);
#2564=VECTOR('',#4241,1.);
#2565=VECTOR('',#4244,1.);
#2566=VECTOR('',#4247,1.);
#2567=VECTOR('',#4248,1.);
#2568=VECTOR('',#4251,1.);
#2569=VECTOR('',#4254,1.);
#2570=VECTOR('',#4257,1.);
#2571=VECTOR('',#4258,1.);
#2572=VECTOR('',#4261,1.);
#2573=VECTOR('',#4264,1.);
#2574=VECTOR('',#4267,1.);
#2575=VECTOR('',#4268,1.);
#2576=VECTOR('',#4271,1.);
#2577=VECTOR('',#4274,1.);
#2578=VECTOR('',#4277,1.);
#2579=VECTOR('',#4278,1.);
#2580=VECTOR('',#4281,1.);
#2581=VECTOR('',#4284,1.);
#2582=VECTOR('',#4287,1.);
#2583=VECTOR('',#4288,1.);
#2584=VECTOR('',#4291,1.);
#2585=VECTOR('',#4294,1.);
#2586=VECTOR('',#4297,1.);
#2587=VECTOR('',#4298,1.);
#2588=VECTOR('',#4301,1.);
#2589=VECTOR('',#4304,1.);
#2590=VECTOR('',#4307,1.);
#2591=VECTOR('',#4308,1.);
#2592=VECTOR('',#4311,1.);
#2593=VECTOR('',#4314,1.);
#2594=VECTOR('',#4317,1.);
#2595=VECTOR('',#4318,1.);
#2596=VECTOR('',#4321,1.);
#2597=VECTOR('',#4324,1.);
#2598=VECTOR('',#4327,1.);
#2599=VECTOR('',#4328,1.);
#2600=VECTOR('',#4331,1.);
#2601=VECTOR('',#4334,1.);
#2602=VECTOR('',#4337,1.);
#2603=VECTOR('',#4338,1.);
#2604=VECTOR('',#4341,1.);
#2605=VECTOR('',#4344,1.);
#2606=VECTOR('',#4347,1.);
#2607=VECTOR('',#4348,1.);
#2608=VECTOR('',#4351,1.);
#2609=VECTOR('',#4354,1.);
#2610=VECTOR('',#4357,1.);
#2611=VECTOR('',#4358,1.);
#2612=VECTOR('',#4361,1.);
#2613=VECTOR('',#4364,1.);
#2614=VECTOR('',#4367,1.);
#2615=VECTOR('',#4368,1.);
#2616=VECTOR('',#4371,1.);
#2617=VECTOR('',#4374,1.);
#2618=VECTOR('',#4377,1.);
#2619=VECTOR('',#4378,1.);
#2620=VECTOR('',#4381,1.);
#2621=VECTOR('',#4384,1.);
#2622=VECTOR('',#4387,1.);
#2623=VECTOR('',#4388,1.);
#2624=VECTOR('',#4391,1.);
#2625=VECTOR('',#4394,1.);
#2626=VECTOR('',#4397,1.);
#2627=VECTOR('',#4398,1.);
#2628=VECTOR('',#4401,1.);
#2629=VECTOR('',#4404,1.);
#2630=VECTOR('',#4407,1.);
#2631=VECTOR('',#4408,1.);
#2632=VECTOR('',#4411,1.);
#2633=VECTOR('',#4414,1.);
#2634=VECTOR('',#4417,1.);
#2635=VECTOR('',#4418,1.);
#2636=VECTOR('',#4421,1.);
#2637=VECTOR('',#4424,1.);
#2638=VECTOR('',#4427,1.);
#2639=VECTOR('',#4428,1.);
#2640=VECTOR('',#4431,1.);
#2641=VECTOR('',#4434,1.);
#2642=VECTOR('',#4437,1.);
#2643=VECTOR('',#4438,1.);
#2644=VECTOR('',#4441,1.);
#2645=VECTOR('',#4444,1.);
#2646=VECTOR('',#4445,1.);
#2647=VECTOR('',#4446,1.);
#2648=VECTOR('',#4545,1.);
#2649=VECTOR('',#4546,1.);
#2650=VECTOR('',#4547,1.);
#2651=VECTOR('',#4550,1.);
#2652=VECTOR('',#4553,1.);
#2653=VECTOR('',#4554,1.);
#2654=VECTOR('',#4557,1.);
#2655=VECTOR('',#4558,1.);
#2656=VECTOR('',#4561,1.);
#2657=VECTOR('',#4564,1.);
#2658=EDGE_LOOP('',(#66,#67,#68,#69,#70,#71));
#2659=EDGE_LOOP('',(#72,#73,#74,#75));
#2660=EDGE_LOOP('',(#76,#77,#78,#79));
#2661=EDGE_LOOP('',(#80,#81,#82,#83));
#2662=EDGE_LOOP('',(#84,#85,#86,#87));
#2663=EDGE_LOOP('',(#88,#89,#90,#91));
#2664=EDGE_LOOP('',(#92,#93,#94,#95));
#2665=EDGE_LOOP('',(#96,#97,#98,#99));
#2666=EDGE_LOOP('',(#100,#101,#102,#103));
#2667=EDGE_LOOP('',(#104,#105,#106,#107));
#2668=EDGE_LOOP('',(#108,#109,#110,#111));
#2669=EDGE_LOOP('',(#112,#113,#114,#115));
#2670=EDGE_LOOP('',(#116,#117,#118,#119));
#2671=EDGE_LOOP('',(#120,#121,#122,#123));
#2672=EDGE_LOOP('',(#124,#125,#126,#127));
#2673=EDGE_LOOP('',(#128,#129,#130,#131));
#2674=EDGE_LOOP('',(#132,#133,#134,#135));
#2675=EDGE_LOOP('',(#136,#137,#138,#139));
#2676=EDGE_LOOP('',(#140,#141,#142,#143));
#2677=EDGE_LOOP('',(#144,#145,#146,#147));
#2678=EDGE_LOOP('',(#148,#149,#150,#151));
#2679=EDGE_LOOP('',(#152,#153,#154,#155));
#2680=EDGE_LOOP('',(#156,#157,#158,#159));
#2681=EDGE_LOOP('',(#160,#161,#162,#163));
#2682=EDGE_LOOP('',(#164,#165,#166,#167));
#2683=EDGE_LOOP('',(#168,#169,#170,#171));
#2684=EDGE_LOOP('',(#172,#173,#174,#175));
#2685=EDGE_LOOP('',(#176,#177,#178,#179));
#2686=EDGE_LOOP('',(#180,#181,#182,#183));
#2687=EDGE_LOOP('',(#184,#185,#186,#187,#188,#189,#190,#191,#192,#193,#194,
#195,#196,#197,#198,#199,#200,#201,#202,#203));
#2688=EDGE_LOOP('',(#204));
#2689=EDGE_LOOP('',(#205));
#2690=EDGE_LOOP('',(#206));
#2691=EDGE_LOOP('',(#207));
#2692=EDGE_LOOP('',(#208));
#2693=EDGE_LOOP('',(#209));
#2694=EDGE_LOOP('',(#210));
#2695=EDGE_LOOP('',(#211));
#2696=EDGE_LOOP('',(#212));
#2697=EDGE_LOOP('',(#213));
#2698=EDGE_LOOP('',(#214));
#2699=EDGE_LOOP('',(#215));
#2700=EDGE_LOOP('',(#216));
#2701=EDGE_LOOP('',(#217));
#2702=EDGE_LOOP('',(#218));
#2703=EDGE_LOOP('',(#219));
#2704=EDGE_LOOP('',(#220));
#2705=EDGE_LOOP('',(#221));
#2706=EDGE_LOOP('',(#222,#223,#224,#225,#226,#227,#228,#229));
#2707=EDGE_LOOP('',(#230,#231,#232,#233));
#2708=EDGE_LOOP('',(#234,#235,#236,#237));
#2709=EDGE_LOOP('',(#238,#239,#240,#241));
#2710=EDGE_LOOP('',(#242,#243,#244,#245));
#2711=EDGE_LOOP('',(#246,#247,#248,#249));
#2712=EDGE_LOOP('',(#250,#251,#252,#253));
#2713=EDGE_LOOP('',(#254,#255,#256,#257));
#2714=EDGE_LOOP('',(#258,#259,#260,#261));
#2715=EDGE_LOOP('',(#262,#263,#264,#265));
#2716=EDGE_LOOP('',(#266,#267,#268,#269));
#2717=EDGE_LOOP('',(#270,#271,#272,#273));
#2718=EDGE_LOOP('',(#274,#275,#276,#277));
#2719=EDGE_LOOP('',(#278,#279,#280,#281));
#2720=EDGE_LOOP('',(#282,#283,#284,#285));
#2721=EDGE_LOOP('',(#286,#287,#288,#289));
#2722=EDGE_LOOP('',(#290,#291,#292,#293));
#2723=EDGE_LOOP('',(#294,#295,#296,#297));
#2724=EDGE_LOOP('',(#298,#299,#300,#301));
#2725=EDGE_LOOP('',(#302,#303,#304,#305));
#2726=EDGE_LOOP('',(#306,#307,#308,#309));
#2727=EDGE_LOOP('',(#310,#311,#312,#313));
#2728=EDGE_LOOP('',(#314,#315,#316,#317));
#2729=EDGE_LOOP('',(#318,#319,#320,#321));
#2730=EDGE_LOOP('',(#322,#323,#324,#325));
#2731=EDGE_LOOP('',(#326,#327,#328,#329));
#2732=EDGE_LOOP('',(#330,#331,#332,#333));
#2733=EDGE_LOOP('',(#334,#335,#336,#337));
#2734=EDGE_LOOP('',(#338,#339,#340,#341));
#2735=EDGE_LOOP('',(#342,#343,#344,#345,#346,#347,#348,#349,#350,#351,#352,
#353,#354,#355,#356,#357,#358,#359,#360,#361));
#2736=EDGE_LOOP('',(#362));
#2737=EDGE_LOOP('',(#363));
#2738=EDGE_LOOP('',(#364));
#2739=EDGE_LOOP('',(#365));
#2740=EDGE_LOOP('',(#366));
#2741=EDGE_LOOP('',(#367));
#2742=EDGE_LOOP('',(#368));
#2743=EDGE_LOOP('',(#369));
#2744=EDGE_LOOP('',(#370));
#2745=EDGE_LOOP('',(#371));
#2746=EDGE_LOOP('',(#372));
#2747=EDGE_LOOP('',(#373));
#2748=EDGE_LOOP('',(#374));
#2749=EDGE_LOOP('',(#375));
#2750=EDGE_LOOP('',(#376));
#2751=EDGE_LOOP('',(#377));
#2752=EDGE_LOOP('',(#378));
#2753=EDGE_LOOP('',(#379));
#2754=EDGE_LOOP('',(#380,#381,#382,#383,#384,#385,#386,#387));
#2755=EDGE_LOOP('',(#388,#389,#390,#391));
#2756=EDGE_LOOP('',(#392,#393,#394,#395));
#2757=EDGE_LOOP('',(#396,#397,#398,#399));
#2758=EDGE_LOOP('',(#400,#401,#402,#403));
#2759=EDGE_LOOP('',(#404,#405,#406,#407));
#2760=EDGE_LOOP('',(#408,#409,#410,#411));
#2761=EDGE_LOOP('',(#412,#413,#414,#415));
#2762=EDGE_LOOP('',(#416,#417,#418,#419));
#2763=EDGE_LOOP('',(#420,#421,#422,#423));
#2764=EDGE_LOOP('',(#424,#425,#426,#427));
#2765=EDGE_LOOP('',(#428,#429,#430,#431));
#2766=EDGE_LOOP('',(#432,#433,#434,#435));
#2767=EDGE_LOOP('',(#436,#437,#438,#439));
#2768=EDGE_LOOP('',(#440,#441,#442,#443));
#2769=EDGE_LOOP('',(#444,#445,#446,#447));
#2770=EDGE_LOOP('',(#448,#449,#450,#451));
#2771=EDGE_LOOP('',(#452,#453,#454,#455));
#2772=EDGE_LOOP('',(#456,#457,#458,#459));
#2773=EDGE_LOOP('',(#460,#461,#462,#463));
#2774=EDGE_LOOP('',(#464,#465,#466,#467));
#2775=EDGE_LOOP('',(#468,#469,#470,#471));
#2776=EDGE_LOOP('',(#472,#473,#474,#475));
#2777=EDGE_LOOP('',(#476,#477,#478,#479));
#2778=EDGE_LOOP('',(#480,#481,#482,#483));
#2779=EDGE_LOOP('',(#484,#485,#486,#487));
#2780=EDGE_LOOP('',(#488,#489,#490,#491));
#2781=EDGE_LOOP('',(#492,#493,#494,#495));
#2782=EDGE_LOOP('',(#496,#497,#498,#499));
#2783=EDGE_LOOP('',(#500,#501,#502,#503));
#2784=EDGE_LOOP('',(#504,#505,#506,#507));
#2785=EDGE_LOOP('',(#508,#509,#510,#511));
#2786=EDGE_LOOP('',(#512,#513,#514,#515));
#2787=EDGE_LOOP('',(#516,#517,#518,#519));
#2788=EDGE_LOOP('',(#520,#521,#522,#523));
#2789=EDGE_LOOP('',(#524,#525,#526,#527));
#2790=EDGE_LOOP('',(#528,#529,#530,#531));
#2791=EDGE_LOOP('',(#532,#533,#534,#535));
#2792=EDGE_LOOP('',(#536,#537,#538,#539));
#2793=EDGE_LOOP('',(#540,#541,#542,#543));
#2794=EDGE_LOOP('',(#544,#545,#546,#547));
#2795=EDGE_LOOP('',(#548,#549,#550,#551));
#2796=EDGE_LOOP('',(#552,#553,#554,#555));
#2797=EDGE_LOOP('',(#556,#557,#558,#559));
#2798=EDGE_LOOP('',(#560,#561,#562,#563));
#2799=EDGE_LOOP('',(#564,#565,#566,#567));
#2800=EDGE_LOOP('',(#568,#569,#570,#571));
#2801=EDGE_LOOP('',(#572,#573,#574,#575));
#2802=EDGE_LOOP('',(#576,#577,#578,#579));
#2803=EDGE_LOOP('',(#580,#581,#582,#583));
#2804=EDGE_LOOP('',(#584,#585,#586,#587));
#2805=EDGE_LOOP('',(#588,#589,#590,#591));
#2806=EDGE_LOOP('',(#592,#593,#594,#595));
#2807=EDGE_LOOP('',(#596,#597,#598,#599));
#2808=EDGE_LOOP('',(#600,#601,#602,#603));
#2809=EDGE_LOOP('',(#604,#605,#606,#607));
#2810=EDGE_LOOP('',(#608,#609,#610,#611));
#2811=EDGE_LOOP('',(#612,#613,#614,#615));
#2812=EDGE_LOOP('',(#616,#617,#618,#619));
#2813=EDGE_LOOP('',(#620,#621,#622,#623));
#2814=EDGE_LOOP('',(#624,#625,#626,#627));
#2815=EDGE_LOOP('',(#628,#629,#630,#631));
#2816=EDGE_LOOP('',(#632,#633,#634,#635));
#2817=EDGE_LOOP('',(#636,#637,#638,#639));
#2818=EDGE_LOOP('',(#640,#641,#642,#643));
#2819=EDGE_LOOP('',(#644,#645,#646,#647));
#2820=EDGE_LOOP('',(#648,#649,#650,#651));
#2821=EDGE_LOOP('',(#652,#653,#654,#655));
#2822=EDGE_LOOP('',(#656,#657,#658,#659));
#2823=EDGE_LOOP('',(#660,#661,#662,#663));
#2824=EDGE_LOOP('',(#664,#665,#666,#667));
#2825=EDGE_LOOP('',(#668,#669,#670,#671));
#2826=EDGE_LOOP('',(#672,#673,#674,#675));
#2827=EDGE_LOOP('',(#676,#677,#678,#679));
#2828=EDGE_LOOP('',(#680,#681,#682,#683));
#2829=EDGE_LOOP('',(#684,#685,#686,#687));
#2830=EDGE_LOOP('',(#688,#689,#690,#691));
#2831=EDGE_LOOP('',(#692,#693,#694,#695));
#2832=EDGE_LOOP('',(#696,#697,#698,#699));
#2833=EDGE_LOOP('',(#700,#701,#702,#703));
#2834=EDGE_LOOP('',(#704,#705,#706,#707));
#2835=EDGE_LOOP('',(#708,#709,#710,#711));
#2836=EDGE_LOOP('',(#712,#713,#714,#715));
#2837=EDGE_LOOP('',(#716,#717,#718,#719));
#2838=EDGE_LOOP('',(#720,#721,#722,#723));
#2839=EDGE_LOOP('',(#724,#725,#726,#727));
#2840=EDGE_LOOP('',(#728,#729,#730,#731));
#2841=EDGE_LOOP('',(#732,#733,#734,#735));
#2842=EDGE_LOOP('',(#736,#737,#738,#739));
#2843=EDGE_LOOP('',(#740,#741,#742,#743));
#2844=EDGE_LOOP('',(#744,#745,#746,#747));
#2845=EDGE_LOOP('',(#748,#749,#750,#751));
#2846=EDGE_LOOP('',(#752,#753,#754,#755));
#2847=EDGE_LOOP('',(#756,#757,#758,#759));
#2848=EDGE_LOOP('',(#760,#761,#762,#763));
#2849=EDGE_LOOP('',(#764,#765,#766,#767));
#2850=EDGE_LOOP('',(#768,#769,#770,#771));
#2851=EDGE_LOOP('',(#772,#773,#774,#775));
#2852=EDGE_LOOP('',(#776,#777,#778,#779));
#2853=EDGE_LOOP('',(#780,#781,#782,#783));
#2854=EDGE_LOOP('',(#784,#785,#786,#787));
#2855=EDGE_LOOP('',(#788,#789,#790,#791));
#2856=EDGE_LOOP('',(#792,#793,#794,#795));
#2857=EDGE_LOOP('',(#796,#797,#798,#799));
#2858=EDGE_LOOP('',(#800,#801,#802,#803));
#2859=EDGE_LOOP('',(#804,#805,#806,#807));
#2860=EDGE_LOOP('',(#808,#809,#810,#811,#812,#813));
#2861=EDGE_LOOP('',(#814,#815,#816,#817));
#2862=EDGE_LOOP('',(#818,#819,#820,#821));
#2863=EDGE_LOOP('',(#822,#823,#824,#825));
#2864=EDGE_LOOP('',(#826,#827,#828,#829));
#2865=EDGE_LOOP('',(#830,#831,#832,#833));
#2866=EDGE_LOOP('',(#834,#835,#836,#837));
#2867=EDGE_LOOP('',(#838,#839,#840,#841));
#2868=EDGE_LOOP('',(#842,#843,#844,#845));
#2869=EDGE_LOOP('',(#846,#847,#848,#849));
#2870=EDGE_LOOP('',(#850,#851,#852,#853));
#2871=EDGE_LOOP('',(#854,#855,#856,#857));
#2872=EDGE_LOOP('',(#858,#859,#860,#861));
#2873=EDGE_LOOP('',(#862,#863,#864,#865));
#2874=EDGE_LOOP('',(#866,#867,#868,#869));
#2875=EDGE_LOOP('',(#870,#871,#872,#873));
#2876=EDGE_LOOP('',(#874,#875,#876,#877));
#2877=EDGE_LOOP('',(#878,#879,#880,#881));
#2878=EDGE_LOOP('',(#882,#883,#884,#885));
#2879=EDGE_LOOP('',(#886,#887,#888,#889));
#2880=EDGE_LOOP('',(#890,#891,#892,#893));
#2881=EDGE_LOOP('',(#894,#895,#896,#897));
#2882=EDGE_LOOP('',(#898,#899,#900,#901));
#2883=EDGE_LOOP('',(#902,#903,#904,#905));
#2884=EDGE_LOOP('',(#906,#907,#908,#909));
#2885=EDGE_LOOP('',(#910,#911,#912,#913));
#2886=EDGE_LOOP('',(#914,#915,#916,#917));
#2887=EDGE_LOOP('',(#918,#919,#920,#921));
#2888=EDGE_LOOP('',(#922,#923,#924,#925));
#2889=EDGE_LOOP('',(#926,#927,#928,#929));
#2890=EDGE_LOOP('',(#930,#931,#932,#933));
#2891=EDGE_LOOP('',(#934));
#2892=EDGE_LOOP('',(#935));
#2893=EDGE_LOOP('',(#936));
#2894=EDGE_LOOP('',(#937));
#2895=EDGE_LOOP('',(#938));
#2896=EDGE_LOOP('',(#939));
#2897=EDGE_LOOP('',(#940));
#2898=EDGE_LOOP('',(#941));
#2899=EDGE_LOOP('',(#942));
#2900=EDGE_LOOP('',(#943));
#2901=EDGE_LOOP('',(#944));
#2902=EDGE_LOOP('',(#945));
#2903=EDGE_LOOP('',(#946));
#2904=EDGE_LOOP('',(#947));
#2905=EDGE_LOOP('',(#948));
#2906=EDGE_LOOP('',(#949));
#2907=EDGE_LOOP('',(#950));
#2908=EDGE_LOOP('',(#951));
#2909=EDGE_LOOP('',(#952));
#2910=EDGE_LOOP('',(#953));
#2911=EDGE_LOOP('',(#954));
#2912=EDGE_LOOP('',(#955));
#2913=EDGE_LOOP('',(#956));
#2914=EDGE_LOOP('',(#957));
#2915=EDGE_LOOP('',(#958));
#2916=EDGE_LOOP('',(#959));
#2917=EDGE_LOOP('',(#960));
#2918=EDGE_LOOP('',(#961));
#2919=EDGE_LOOP('',(#962));
#2920=EDGE_LOOP('',(#963));
#2921=EDGE_LOOP('',(#964));
#2922=EDGE_LOOP('',(#965));
#2923=EDGE_LOOP('',(#966));
#2924=EDGE_LOOP('',(#967));
#2925=EDGE_LOOP('',(#968));
#2926=EDGE_LOOP('',(#969));
#2927=EDGE_LOOP('',(#970,#971,#972,#973));
#2928=EDGE_LOOP('',(#974,#975,#976,#977));
#2929=EDGE_LOOP('',(#978,#979,#980,#981));
#2930=EDGE_LOOP('',(#982,#983,#984,#985));
#2931=EDGE_LOOP('',(#986,#987,#988,#989));
#2932=EDGE_LOOP('',(#990,#991,#992,#993));
#2933=EDGE_LOOP('',(#994,#995,#996,#997,#998,#999,#1000,#1001));
#2934=FACE_BOUND('',#2658,.T.);
#2935=FACE_BOUND('',#2659,.T.);
#2936=FACE_BOUND('',#2660,.T.);
#2937=FACE_BOUND('',#2661,.T.);
#2938=FACE_BOUND('',#2662,.T.);
#2939=FACE_BOUND('',#2663,.T.);
#2940=FACE_BOUND('',#2664,.T.);
#2941=FACE_BOUND('',#2665,.T.);
#2942=FACE_BOUND('',#2666,.T.);
#2943=FACE_BOUND('',#2667,.T.);
#2944=FACE_BOUND('',#2668,.T.);
#2945=FACE_BOUND('',#2669,.T.);
#2946=FACE_BOUND('',#2670,.T.);
#2947=FACE_BOUND('',#2671,.T.);
#2948=FACE_BOUND('',#2672,.T.);
#2949=FACE_BOUND('',#2673,.T.);
#2950=FACE_BOUND('',#2674,.T.);
#2951=FACE_BOUND('',#2675,.T.);
#2952=FACE_BOUND('',#2676,.T.);
#2953=FACE_BOUND('',#2677,.T.);
#2954=FACE_BOUND('',#2678,.T.);
#2955=FACE_BOUND('',#2679,.T.);
#2956=FACE_BOUND('',#2680,.T.);
#2957=FACE_BOUND('',#2681,.T.);
#2958=FACE_BOUND('',#2682,.T.);
#2959=FACE_BOUND('',#2683,.T.);
#2960=FACE_BOUND('',#2684,.T.);
#2961=FACE_BOUND('',#2685,.T.);
#2962=FACE_BOUND('',#2686,.T.);
#2963=FACE_BOUND('',#2687,.T.);
#2964=FACE_BOUND('',#2688,.T.);
#2965=FACE_BOUND('',#2689,.T.);
#2966=FACE_BOUND('',#2690,.T.);
#2967=FACE_BOUND('',#2691,.T.);
#2968=FACE_BOUND('',#2692,.T.);
#2969=FACE_BOUND('',#2693,.T.);
#2970=FACE_BOUND('',#2694,.T.);
#2971=FACE_BOUND('',#2695,.T.);
#2972=FACE_BOUND('',#2696,.T.);
#2973=FACE_BOUND('',#2697,.T.);
#2974=FACE_BOUND('',#2698,.T.);
#2975=FACE_BOUND('',#2699,.T.);
#2976=FACE_BOUND('',#2700,.T.);
#2977=FACE_BOUND('',#2701,.T.);
#2978=FACE_BOUND('',#2702,.T.);
#2979=FACE_BOUND('',#2703,.T.);
#2980=FACE_BOUND('',#2704,.T.);
#2981=FACE_BOUND('',#2705,.T.);
#2982=FACE_BOUND('',#2706,.T.);
#2983=FACE_BOUND('',#2707,.T.);
#2984=FACE_BOUND('',#2708,.T.);
#2985=FACE_BOUND('',#2709,.T.);
#2986=FACE_BOUND('',#2710,.T.);
#2987=FACE_BOUND('',#2711,.T.);
#2988=FACE_BOUND('',#2712,.T.);
#2989=FACE_BOUND('',#2713,.T.);
#2990=FACE_BOUND('',#2714,.T.);
#2991=FACE_BOUND('',#2715,.T.);
#2992=FACE_BOUND('',#2716,.T.);
#2993=FACE_BOUND('',#2717,.T.);
#2994=FACE_BOUND('',#2718,.T.);
#2995=FACE_BOUND('',#2719,.T.);
#2996=FACE_BOUND('',#2720,.T.);
#2997=FACE_BOUND('',#2721,.T.);
#2998=FACE_BOUND('',#2722,.T.);
#2999=FACE_BOUND('',#2723,.T.);
#3000=FACE_BOUND('',#2724,.T.);
#3001=FACE_BOUND('',#2725,.T.);
#3002=FACE_BOUND('',#2726,.T.);
#3003=FACE_BOUND('',#2727,.T.);
#3004=FACE_BOUND('',#2728,.T.);
#3005=FACE_BOUND('',#2729,.T.);
#3006=FACE_BOUND('',#2730,.T.);
#3007=FACE_BOUND('',#2731,.T.);
#3008=FACE_BOUND('',#2732,.T.);
#3009=FACE_BOUND('',#2733,.T.);
#3010=FACE_BOUND('',#2734,.T.);
#3011=FACE_BOUND('',#2735,.T.);
#3012=FACE_BOUND('',#2736,.T.);
#3013=FACE_BOUND('',#2737,.T.);
#3014=FACE_BOUND('',#2738,.T.);
#3015=FACE_BOUND('',#2739,.T.);
#3016=FACE_BOUND('',#2740,.T.);
#3017=FACE_BOUND('',#2741,.T.);
#3018=FACE_BOUND('',#2742,.T.);
#3019=FACE_BOUND('',#2743,.T.);
#3020=FACE_BOUND('',#2744,.T.);
#3021=FACE_BOUND('',#2745,.T.);
#3022=FACE_BOUND('',#2746,.T.);
#3023=FACE_BOUND('',#2747,.T.);
#3024=FACE_BOUND('',#2748,.T.);
#3025=FACE_BOUND('',#2749,.T.);
#3026=FACE_BOUND('',#2750,.T.);
#3027=FACE_BOUND('',#2751,.T.);
#3028=FACE_BOUND('',#2752,.T.);
#3029=FACE_BOUND('',#2753,.T.);
#3030=FACE_BOUND('',#2754,.T.);
#3031=FACE_BOUND('',#2755,.T.);
#3032=FACE_BOUND('',#2756,.T.);
#3033=FACE_BOUND('',#2757,.T.);
#3034=FACE_BOUND('',#2758,.T.);
#3035=FACE_BOUND('',#2759,.T.);
#3036=FACE_BOUND('',#2760,.T.);
#3037=FACE_BOUND('',#2761,.T.);
#3038=FACE_BOUND('',#2762,.T.);
#3039=FACE_BOUND('',#2763,.T.);
#3040=FACE_BOUND('',#2764,.T.);
#3041=FACE_BOUND('',#2765,.T.);
#3042=FACE_BOUND('',#2766,.T.);
#3043=FACE_BOUND('',#2767,.T.);
#3044=FACE_BOUND('',#2768,.T.);
#3045=FACE_BOUND('',#2769,.T.);
#3046=FACE_BOUND('',#2770,.T.);
#3047=FACE_BOUND('',#2771,.T.);
#3048=FACE_BOUND('',#2772,.T.);
#3049=FACE_BOUND('',#2773,.T.);
#3050=FACE_BOUND('',#2774,.T.);
#3051=FACE_BOUND('',#2775,.T.);
#3052=FACE_BOUND('',#2776,.T.);
#3053=FACE_BOUND('',#2777,.T.);
#3054=FACE_BOUND('',#2778,.T.);
#3055=FACE_BOUND('',#2779,.T.);
#3056=FACE_BOUND('',#2780,.T.);
#3057=FACE_BOUND('',#2781,.T.);
#3058=FACE_BOUND('',#2782,.T.);
#3059=FACE_BOUND('',#2783,.T.);
#3060=FACE_BOUND('',#2784,.T.);
#3061=FACE_BOUND('',#2785,.T.);
#3062=FACE_BOUND('',#2786,.T.);
#3063=FACE_BOUND('',#2787,.T.);
#3064=FACE_BOUND('',#2788,.T.);
#3065=FACE_BOUND('',#2789,.T.);
#3066=FACE_BOUND('',#2790,.T.);
#3067=FACE_BOUND('',#2791,.T.);
#3068=FACE_BOUND('',#2792,.T.);
#3069=FACE_BOUND('',#2793,.T.);
#3070=FACE_BOUND('',#2794,.T.);
#3071=FACE_BOUND('',#2795,.T.);
#3072=FACE_BOUND('',#2796,.T.);
#3073=FACE_BOUND('',#2797,.T.);
#3074=FACE_BOUND('',#2798,.T.);
#3075=FACE_BOUND('',#2799,.T.);
#3076=FACE_BOUND('',#2800,.T.);
#3077=FACE_BOUND('',#2801,.T.);
#3078=FACE_BOUND('',#2802,.T.);
#3079=FACE_BOUND('',#2803,.T.);
#3080=FACE_BOUND('',#2804,.T.);
#3081=FACE_BOUND('',#2805,.T.);
#3082=FACE_BOUND('',#2806,.T.);
#3083=FACE_BOUND('',#2807,.T.);
#3084=FACE_BOUND('',#2808,.T.);
#3085=FACE_BOUND('',#2809,.T.);
#3086=FACE_BOUND('',#2810,.T.);
#3087=FACE_BOUND('',#2811,.T.);
#3088=FACE_BOUND('',#2812,.T.);
#3089=FACE_BOUND('',#2813,.T.);
#3090=FACE_BOUND('',#2814,.T.);
#3091=FACE_BOUND('',#2815,.T.);
#3092=FACE_BOUND('',#2816,.T.);
#3093=FACE_BOUND('',#2817,.T.);
#3094=FACE_BOUND('',#2818,.T.);
#3095=FACE_BOUND('',#2819,.T.);
#3096=FACE_BOUND('',#2820,.T.);
#3097=FACE_BOUND('',#2821,.T.);
#3098=FACE_BOUND('',#2822,.T.);
#3099=FACE_BOUND('',#2823,.T.);
#3100=FACE_BOUND('',#2824,.T.);
#3101=FACE_BOUND('',#2825,.T.);
#3102=FACE_BOUND('',#2826,.T.);
#3103=FACE_BOUND('',#2827,.T.);
#3104=FACE_BOUND('',#2828,.T.);
#3105=FACE_BOUND('',#2829,.T.);
#3106=FACE_BOUND('',#2830,.T.);
#3107=FACE_BOUND('',#2831,.T.);
#3108=FACE_BOUND('',#2832,.T.);
#3109=FACE_BOUND('',#2833,.T.);
#3110=FACE_BOUND('',#2834,.T.);
#3111=FACE_BOUND('',#2835,.T.);
#3112=FACE_BOUND('',#2836,.T.);
#3113=FACE_BOUND('',#2837,.T.);
#3114=FACE_BOUND('',#2838,.T.);
#3115=FACE_BOUND('',#2839,.T.);
#3116=FACE_BOUND('',#2840,.T.);
#3117=FACE_BOUND('',#2841,.T.);
#3118=FACE_BOUND('',#2842,.T.);
#3119=FACE_BOUND('',#2843,.T.);
#3120=FACE_BOUND('',#2844,.T.);
#3121=FACE_BOUND('',#2845,.T.);
#3122=FACE_BOUND('',#2846,.T.);
#3123=FACE_BOUND('',#2847,.T.);
#3124=FACE_BOUND('',#2848,.T.);
#3125=FACE_BOUND('',#2849,.T.);
#3126=FACE_BOUND('',#2850,.T.);
#3127=FACE_BOUND('',#2851,.T.);
#3128=FACE_BOUND('',#2852,.T.);
#3129=FACE_BOUND('',#2853,.T.);
#3130=FACE_BOUND('',#2854,.T.);
#3131=FACE_BOUND('',#2855,.T.);
#3132=FACE_BOUND('',#2856,.T.);
#3133=FACE_BOUND('',#2857,.T.);
#3134=FACE_BOUND('',#2858,.T.);
#3135=FACE_BOUND('',#2859,.T.);
#3136=FACE_BOUND('',#2860,.T.);
#3137=FACE_BOUND('',#2861,.T.);
#3138=FACE_BOUND('',#2862,.T.);
#3139=FACE_BOUND('',#2863,.T.);
#3140=FACE_BOUND('',#2864,.T.);
#3141=FACE_BOUND('',#2865,.T.);
#3142=FACE_BOUND('',#2866,.T.);
#3143=FACE_BOUND('',#2867,.T.);
#3144=FACE_BOUND('',#2868,.T.);
#3145=FACE_BOUND('',#2869,.T.);
#3146=FACE_BOUND('',#2870,.T.);
#3147=FACE_BOUND('',#2871,.T.);
#3148=FACE_BOUND('',#2872,.T.);
#3149=FACE_BOUND('',#2873,.T.);
#3150=FACE_BOUND('',#2874,.T.);
#3151=FACE_BOUND('',#2875,.T.);
#3152=FACE_BOUND('',#2876,.T.);
#3153=FACE_BOUND('',#2877,.T.);
#3154=FACE_BOUND('',#2878,.T.);
#3155=FACE_BOUND('',#2879,.T.);
#3156=FACE_BOUND('',#2880,.T.);
#3157=FACE_BOUND('',#2881,.T.);
#3158=FACE_BOUND('',#2882,.T.);
#3159=FACE_BOUND('',#2883,.T.);
#3160=FACE_BOUND('',#2884,.T.);
#3161=FACE_BOUND('',#2885,.T.);
#3162=FACE_BOUND('',#2886,.T.);
#3163=FACE_BOUND('',#2887,.T.);
#3164=FACE_BOUND('',#2888,.T.);
#3165=FACE_BOUND('',#2889,.T.);
#3166=FACE_BOUND('',#2890,.T.);
#3167=FACE_BOUND('',#2891,.T.);
#3168=FACE_BOUND('',#2892,.T.);
#3169=FACE_BOUND('',#2893,.T.);
#3170=FACE_BOUND('',#2894,.T.);
#3171=FACE_BOUND('',#2895,.T.);
#3172=FACE_BOUND('',#2896,.T.);
#3173=FACE_BOUND('',#2897,.T.);
#3174=FACE_BOUND('',#2898,.T.);
#3175=FACE_BOUND('',#2899,.T.);
#3176=FACE_BOUND('',#2900,.T.);
#3177=FACE_BOUND('',#2901,.T.);
#3178=FACE_BOUND('',#2902,.T.);
#3179=FACE_BOUND('',#2903,.T.);
#3180=FACE_BOUND('',#2904,.T.);
#3181=FACE_BOUND('',#2905,.T.);
#3182=FACE_BOUND('',#2906,.T.);
#3183=FACE_BOUND('',#2907,.T.);
#3184=FACE_BOUND('',#2908,.T.);
#3185=FACE_BOUND('',#2909,.T.);
#3186=FACE_BOUND('',#2910,.T.);
#3187=FACE_BOUND('',#2911,.T.);
#3188=FACE_BOUND('',#2912,.T.);
#3189=FACE_BOUND('',#2913,.T.);
#3190=FACE_BOUND('',#2914,.T.);
#3191=FACE_BOUND('',#2915,.T.);
#3192=FACE_BOUND('',#2916,.T.);
#3193=FACE_BOUND('',#2917,.T.);
#3194=FACE_BOUND('',#2918,.T.);
#3195=FACE_BOUND('',#2919,.T.);
#3196=FACE_BOUND('',#2920,.T.);
#3197=FACE_BOUND('',#2921,.T.);
#3198=FACE_BOUND('',#2922,.T.);
#3199=FACE_BOUND('',#2923,.T.);
#3200=FACE_BOUND('',#2924,.T.);
#3201=FACE_BOUND('',#2925,.T.);
#3202=FACE_BOUND('',#2926,.T.);
#3203=FACE_BOUND('',#2927,.T.);
#3204=FACE_BOUND('',#2928,.T.);
#3205=FACE_BOUND('',#2929,.T.);
#3206=FACE_BOUND('',#2930,.T.);
#3207=FACE_BOUND('',#2931,.T.);
#3208=FACE_BOUND('',#2932,.T.);
#3209=FACE_BOUND('',#2933,.T.);
#3210=PLANE('',#3533);
#3211=PLANE('',#3534);
#3212=PLANE('',#3553);
#3213=PLANE('',#3572);
#3214=PLANE('',#3573);
#3215=PLANE('',#3574);
#3216=PLANE('',#3575);
#3217=PLANE('',#3576);
#3218=PLANE('',#3577);
#3219=PLANE('',#3578);
#3220=PLANE('',#3579);
#3221=PLANE('',#3580);
#3222=PLANE('',#3581);
#3223=PLANE('',#3582);
#3224=PLANE('',#3583);
#3225=PLANE('',#3584);
#3226=PLANE('',#3585);
#3227=PLANE('',#3586);
#3228=PLANE('',#3587);
#3229=PLANE('',#3588);
#3230=PLANE('',#3589);
#3231=PLANE('',#3590);
#3232=PLANE('',#3591);
#3233=PLANE('',#3592);
#3234=PLANE('',#3593);
#3235=PLANE('',#3594);
#3236=PLANE('',#3595);
#3237=PLANE('',#3596);
#3238=PLANE('',#3597);
#3239=PLANE('',#3598);
#3240=PLANE('',#3599);
#3241=PLANE('',#3600);
#3242=PLANE('',#3601);
#3243=PLANE('',#3602);
#3244=PLANE('',#3603);
#3245=PLANE('',#3604);
#3246=PLANE('',#3605);
#3247=PLANE('',#3606);
#3248=PLANE('',#3607);
#3249=PLANE('',#3608);
#3250=PLANE('',#3609);
#3251=PLANE('',#3610);
#3252=PLANE('',#3611);
#3253=PLANE('',#3612);
#3254=PLANE('',#3613);
#3255=PLANE('',#3614);
#3256=PLANE('',#3615);
#3257=PLANE('',#3616);
#3258=PLANE('',#3617);
#3259=PLANE('',#3618);
#3260=PLANE('',#3619);
#3261=PLANE('',#3620);
#3262=PLANE('',#3621);
#3263=PLANE('',#3622);
#3264=PLANE('',#3623);
#3265=PLANE('',#3624);
#3266=PLANE('',#3625);
#3267=PLANE('',#3626);
#3268=PLANE('',#3627);
#3269=PLANE('',#3628);
#3270=PLANE('',#3629);
#3271=PLANE('',#3630);
#3272=PLANE('',#3631);
#3273=PLANE('',#3632);
#3274=PLANE('',#3633);
#3275=PLANE('',#3634);
#3276=PLANE('',#3635);
#3277=PLANE('',#3636);
#3278=PLANE('',#3637);
#3279=PLANE('',#3638);
#3280=PLANE('',#3639);
#3281=PLANE('',#3640);
#3282=PLANE('',#3641);
#3283=PLANE('',#3642);
#3284=PLANE('',#3643);
#3285=PLANE('',#3644);
#3286=PLANE('',#3645);
#3287=PLANE('',#3646);
#3288=PLANE('',#3647);
#3289=PLANE('',#3648);
#3290=PLANE('',#3649);
#3291=PLANE('',#3650);
#3292=PLANE('',#3651);
#3293=PLANE('',#3652);
#3294=PLANE('',#3653);
#3295=PLANE('',#3654);
#3296=PLANE('',#3655);
#3297=PLANE('',#3656);
#3298=PLANE('',#3657);
#3299=PLANE('',#3658);
#3300=PLANE('',#3659);
#3301=PLANE('',#3660);
#3302=PLANE('',#3661);
#3303=PLANE('',#3662);
#3304=PLANE('',#3663);
#3305=PLANE('',#3664);
#3306=PLANE('',#3665);
#3307=PLANE('',#3666);
#3308=PLANE('',#3667);
#3309=PLANE('',#3668);
#3310=PLANE('',#3669);
#3311=PLANE('',#3670);
#3312=PLANE('',#3671);
#3313=PLANE('',#3672);
#3314=PLANE('',#3673);
#3315=PLANE('',#3674);
#3316=PLANE('',#3675);
#3317=PLANE('',#3676);
#3318=PLANE('',#3677);
#3319=PLANE('',#3678);
#3320=PLANE('',#3679);
#3321=PLANE('',#3680);
#3322=PLANE('',#3681);
#3323=PLANE('',#3682);
#3324=PLANE('',#3683);
#3325=PLANE('',#3684);
#3326=PLANE('',#3685);
#3327=PLANE('',#3686);
#3328=PLANE('',#3687);
#3329=PLANE('',#3688);
#3330=PLANE('',#3689);
#3331=PLANE('',#3690);
#3332=PLANE('',#3691);
#3333=PLANE('',#3692);
#3334=PLANE('',#3693);
#3335=PLANE('',#3694);
#3336=PLANE('',#3695);
#3337=PLANE('',#3696);
#3338=PLANE('',#3697);
#3339=PLANE('',#3698);
#3340=PLANE('',#3699);
#3341=PLANE('',#3700);
#3342=PLANE('',#3701);
#3343=PLANE('',#3702);
#3344=PLANE('',#3703);
#3345=PLANE('',#3704);
#3346=PLANE('',#3705);
#3347=PLANE('',#3706);
#3348=PLANE('',#3707);
#3349=PLANE('',#3726);
#3350=PLANE('',#3727);
#3351=PLANE('',#3728);
#3352=PLANE('',#3729);
#3353=PLANE('',#3730);
#3354=PLANE('',#3731);
#3355=PLANE('',#3732);
#3356=ADVANCED_FACE('',(#2934),#3210,.T.);
#3357=ADVANCED_FACE('',(#2935,#2936,#2937,#2938,#2939,#2940,#2941,#2942,
#2943,#2944,#2945,#2946,#2947,#2948,#2949,#2950,#2951,#2952,#2953,#2954,
#2955,#2956,#2957,#2958,#2959,#2960,#2961,#2962,#2963,#2964,#2965,#2966,
#2967,#2968,#2969,#2970,#2971,#2972,#2973,#2974,#2975,#2976,#2977,#2978,
#2979,#2980,#2981,#2982),#3211,.F.);
#3358=ADVANCED_FACE('',(#2983,#2984,#2985,#2986,#2987,#2988,#2989,#2990,
#2991,#2992,#2993,#2994,#2995,#2996,#2997,#2998,#2999,#3000,#3001,#3002,
#3003,#3004,#3005,#3006,#3007,#3008,#3009,#3010,#3011,#3012,#3013,#3014,
#3015,#3016,#3017,#3018,#3019,#3020,#3021,#3022,#3023,#3024,#3025,#3026,
#3027,#3028,#3029,#3030),#3212,.T.);
#3359=ADVANCED_FACE('',(#3031),#3213,.T.);
#3360=ADVANCED_FACE('',(#3032),#3214,.F.);
#3361=ADVANCED_FACE('',(#3033),#3215,.F.);
#3362=ADVANCED_FACE('',(#3034),#3216,.F.);
#3363=ADVANCED_FACE('',(#3035),#3217,.T.);
#3364=ADVANCED_FACE('',(#3036),#3218,.T.);
#3365=ADVANCED_FACE('',(#3037),#3219,.F.);
#3366=ADVANCED_FACE('',(#3038),#3220,.T.);
#3367=ADVANCED_FACE('',(#3039),#3221,.T.);
#3368=ADVANCED_FACE('',(#3040),#3222,.T.);
#3369=ADVANCED_FACE('',(#3041),#3223,.F.);
#3370=ADVANCED_FACE('',(#3042),#3224,.T.);
#3371=ADVANCED_FACE('',(#3043),#3225,.T.);
#3372=ADVANCED_FACE('',(#3044),#3226,.T.);
#3373=ADVANCED_FACE('',(#3045),#3227,.F.);
#3374=ADVANCED_FACE('',(#3046),#3228,.F.);
#3375=ADVANCED_FACE('',(#3047),#3229,.T.);
#3376=ADVANCED_FACE('',(#3048),#3230,.F.);
#3377=ADVANCED_FACE('',(#3049),#3231,.F.);
#3378=ADVANCED_FACE('',(#3050),#3232,.T.);
#3379=ADVANCED_FACE('',(#3051),#3233,.F.);
#3380=ADVANCED_FACE('',(#3052),#3234,.F.);
#3381=ADVANCED_FACE('',(#3053),#3235,.T.);
#3382=ADVANCED_FACE('',(#3054),#3236,.F.);
#3383=ADVANCED_FACE('',(#3055),#3237,.F.);
#3384=ADVANCED_FACE('',(#3056),#3238,.T.);
#3385=ADVANCED_FACE('',(#3057),#3239,.F.);
#3386=ADVANCED_FACE('',(#3058),#3240,.F.);
#3387=ADVANCED_FACE('',(#3059),#3241,.T.);
#3388=ADVANCED_FACE('',(#3060),#3242,.F.);
#3389=ADVANCED_FACE('',(#3061),#3243,.F.);
#3390=ADVANCED_FACE('',(#3062),#3244,.T.);
#3391=ADVANCED_FACE('',(#3063),#3245,.F.);
#3392=ADVANCED_FACE('',(#3064),#3246,.F.);
#3393=ADVANCED_FACE('',(#3065),#3247,.T.);
#3394=ADVANCED_FACE('',(#3066),#3248,.F.);
#3395=ADVANCED_FACE('',(#3067),#3249,.F.);
#3396=ADVANCED_FACE('',(#3068),#3250,.T.);
#3397=ADVANCED_FACE('',(#3069),#3251,.F.);
#3398=ADVANCED_FACE('',(#3070),#3252,.T.);
#3399=ADVANCED_FACE('',(#3071),#3253,.T.);
#3400=ADVANCED_FACE('',(#3072),#3254,.F.);
#3401=ADVANCED_FACE('',(#3073),#3255,.T.);
#3402=ADVANCED_FACE('',(#3074),#3256,.T.);
#3403=ADVANCED_FACE('',(#3075),#3257,.F.);
#3404=ADVANCED_FACE('',(#3076),#3258,.F.);
#3405=ADVANCED_FACE('',(#3077),#3259,.T.);
#3406=ADVANCED_FACE('',(#3078),#3260,.F.);
#3407=ADVANCED_FACE('',(#3079),#3261,.F.);
#3408=ADVANCED_FACE('',(#3080),#3262,.T.);
#3409=ADVANCED_FACE('',(#3081),#3263,.T.);
#3410=ADVANCED_FACE('',(#3082),#3264,.F.);
#3411=ADVANCED_FACE('',(#3083),#3265,.T.);
#3412=ADVANCED_FACE('',(#3084),#3266,.F.);
#3413=ADVANCED_FACE('',(#3085),#3267,.F.);
#3414=ADVANCED_FACE('',(#3086),#3268,.T.);
#3415=ADVANCED_FACE('',(#3087),#3269,.T.);
#3416=ADVANCED_FACE('',(#3088),#3270,.F.);
#3417=ADVANCED_FACE('',(#3089),#3271,.T.);
#3418=ADVANCED_FACE('',(#3090),#3272,.F.);
#3419=ADVANCED_FACE('',(#3091),#3273,.F.);
#3420=ADVANCED_FACE('',(#3092),#3274,.T.);
#3421=ADVANCED_FACE('',(#3093),#3275,.F.);
#3422=ADVANCED_FACE('',(#3094),#3276,.F.);
#3423=ADVANCED_FACE('',(#3095),#3277,.T.);
#3424=ADVANCED_FACE('',(#3096),#3278,.F.);
#3425=ADVANCED_FACE('',(#3097),#3279,.F.);
#3426=ADVANCED_FACE('',(#3098),#3280,.T.);
#3427=ADVANCED_FACE('',(#3099),#3281,.F.);
#3428=ADVANCED_FACE('',(#3100),#3282,.F.);
#3429=ADVANCED_FACE('',(#3101),#3283,.T.);
#3430=ADVANCED_FACE('',(#3102),#3284,.F.);
#3431=ADVANCED_FACE('',(#3103),#3285,.F.);
#3432=ADVANCED_FACE('',(#3104),#3286,.T.);
#3433=ADVANCED_FACE('',(#3105),#3287,.F.);
#3434=ADVANCED_FACE('',(#3106),#3288,.F.);
#3435=ADVANCED_FACE('',(#3107),#3289,.T.);
#3436=ADVANCED_FACE('',(#3108),#3290,.F.);
#3437=ADVANCED_FACE('',(#3109),#3291,.F.);
#3438=ADVANCED_FACE('',(#3110),#3292,.T.);
#3439=ADVANCED_FACE('',(#3111),#3293,.F.);
#3440=ADVANCED_FACE('',(#3112),#3294,.F.);
#3441=ADVANCED_FACE('',(#3113),#3295,.T.);
#3442=ADVANCED_FACE('',(#3114),#3296,.F.);
#3443=ADVANCED_FACE('',(#3115),#3297,.F.);
#3444=ADVANCED_FACE('',(#3116),#3298,.T.);
#3445=ADVANCED_FACE('',(#3117),#3299,.F.);
#3446=ADVANCED_FACE('',(#3118),#3300,.F.);
#3447=ADVANCED_FACE('',(#3119),#3301,.T.);
#3448=ADVANCED_FACE('',(#3120),#3302,.F.);
#3449=ADVANCED_FACE('',(#3121),#3303,.F.);
#3450=ADVANCED_FACE('',(#3122),#3304,.T.);
#3451=ADVANCED_FACE('',(#3123),#3305,.F.);
#3452=ADVANCED_FACE('',(#3124),#3306,.F.);
#3453=ADVANCED_FACE('',(#3125),#3307,.T.);
#3454=ADVANCED_FACE('',(#3126),#3308,.F.);
#3455=ADVANCED_FACE('',(#3127),#3309,.F.);
#3456=ADVANCED_FACE('',(#3128),#3310,.T.);
#3457=ADVANCED_FACE('',(#3129),#3311,.F.);
#3458=ADVANCED_FACE('',(#3130),#3312,.F.);
#3459=ADVANCED_FACE('',(#3131),#3313,.T.);
#3460=ADVANCED_FACE('',(#3132),#3314,.F.);
#3461=ADVANCED_FACE('',(#3133),#3315,.F.);
#3462=ADVANCED_FACE('',(#3134),#3316,.T.);
#3463=ADVANCED_FACE('',(#3135),#3317,.T.);
#3464=ADVANCED_FACE('',(#3136),#3318,.T.);
#3465=ADVANCED_FACE('',(#3137),#3319,.T.);
#3466=ADVANCED_FACE('',(#3138),#3320,.T.);
#3467=ADVANCED_FACE('',(#3139),#3321,.T.);
#3468=ADVANCED_FACE('',(#3140),#3322,.T.);
#3469=ADVANCED_FACE('',(#3141),#3323,.T.);
#3470=ADVANCED_FACE('',(#3142),#3324,.T.);
#3471=ADVANCED_FACE('',(#3143),#3325,.T.);
#3472=ADVANCED_FACE('',(#3144),#3326,.T.);
#3473=ADVANCED_FACE('',(#3145),#3327,.T.);
#3474=ADVANCED_FACE('',(#3146),#3328,.T.);
#3475=ADVANCED_FACE('',(#3147),#3329,.T.);
#3476=ADVANCED_FACE('',(#3148),#3330,.T.);
#3477=ADVANCED_FACE('',(#3149),#3331,.F.);
#3478=ADVANCED_FACE('',(#3150),#3332,.T.);
#3479=ADVANCED_FACE('',(#3151),#3333,.T.);
#3480=ADVANCED_FACE('',(#3152),#3334,.T.);
#3481=ADVANCED_FACE('',(#3153),#3335,.T.);
#3482=ADVANCED_FACE('',(#3154),#3336,.T.);
#3483=ADVANCED_FACE('',(#3155),#3337,.T.);
#3484=ADVANCED_FACE('',(#3156),#3338,.T.);
#3485=ADVANCED_FACE('',(#3157),#3339,.T.);
#3486=ADVANCED_FACE('',(#3158),#3340,.T.);
#3487=ADVANCED_FACE('',(#3159),#3341,.T.);
#3488=ADVANCED_FACE('',(#3160),#3342,.F.);
#3489=ADVANCED_FACE('',(#3161),#3343,.F.);
#3490=ADVANCED_FACE('',(#3162),#3344,.T.);
#3491=ADVANCED_FACE('',(#3163),#3345,.T.);
#3492=ADVANCED_FACE('',(#3164),#3346,.T.);
#3493=ADVANCED_FACE('',(#3165),#3347,.T.);
#3494=ADVANCED_FACE('',(#3166),#3348,.F.);
#3495=ADVANCED_FACE('',(#3167,#3168),#12,.F.);
#3496=ADVANCED_FACE('',(#3169,#3170),#13,.F.);
#3497=ADVANCED_FACE('',(#3171,#3172),#14,.F.);
#3498=ADVANCED_FACE('',(#3173,#3174),#15,.F.);
#3499=ADVANCED_FACE('',(#3175,#3176),#16,.F.);
#3500=ADVANCED_FACE('',(#3177,#3178),#17,.F.);
#3501=ADVANCED_FACE('',(#3179,#3180),#18,.F.);
#3502=ADVANCED_FACE('',(#3181,#3182),#19,.F.);
#3503=ADVANCED_FACE('',(#3183,#3184),#20,.F.);
#3504=ADVANCED_FACE('',(#3185,#3186),#21,.F.);
#3505=ADVANCED_FACE('',(#3187,#3188),#22,.F.);
#3506=ADVANCED_FACE('',(#3189,#3190),#23,.F.);
#3507=ADVANCED_FACE('',(#3191,#3192),#24,.F.);
#3508=ADVANCED_FACE('',(#3193,#3194),#25,.F.);
#3509=ADVANCED_FACE('',(#3195,#3196),#26,.F.);
#3510=ADVANCED_FACE('',(#3197,#3198),#27,.F.);
#3511=ADVANCED_FACE('',(#3199,#3200),#28,.F.);
#3512=ADVANCED_FACE('',(#3201,#3202),#29,.F.);
#3513=ADVANCED_FACE('',(#3203),#3349,.F.);
#3514=ADVANCED_FACE('',(#3204),#3350,.F.);
#3515=ADVANCED_FACE('',(#3205),#3351,.F.);
#3516=ADVANCED_FACE('',(#3206),#3352,.T.);
#3517=ADVANCED_FACE('',(#3207),#3353,.T.);
#3518=ADVANCED_FACE('',(#3208),#3354,.T.);
#3519=ADVANCED_FACE('',(#3209),#3355,.T.);
#3520=CLOSED_SHELL('',(#3356,#3357,#3358,#3359,#3360,#3361,#3362,#3363,
#3364,#3365,#3366,#3367,#3368,#3369,#3370,#3371,#3372,#3373,#3374,#3375,
#3376,#3377,#3378,#3379,#3380,#3381,#3382,#3383,#3384,#3385,#3386,#3387,
#3388,#3389,#3390,#3391,#3392,#3393,#3394,#3395,#3396,#3397,#3398,#3399,
#3400,#3401,#3402,#3403,#3404,#3405,#3406,#3407,#3408,#3409,#3410,#3411,
#3412,#3413,#3414,#3415,#3416,#3417,#3418,#3419,#3420,#3421,#3422,#3423,
#3424,#3425,#3426,#3427,#3428,#3429,#3430,#3431,#3432,#3433,#3434,#3435,
#3436,#3437,#3438,#3439,#3440,#3441,#3442,#3443,#3444,#3445,#3446,#3447,
#3448,#3449,#3450,#3451,#3452,#3453,#3454,#3455,#3456,#3457,#3458,#3459,
#3460,#3461,#3462,#3463,#3464,#3465,#3466,#3467,#3468,#3469,#3470,#3471,
#3472,#3473,#3474,#3475,#3476,#3477,#3478,#3479,#3480,#3481,#3482,#3483,
#3484,#3485,#3486,#3487,#3488,#3489,#3490,#3491,#3492,#3493,#3494,#3495,
#3496,#3497,#3498,#3499,#3500,#3501,#3502,#3503,#3504,#3505,#3506,#3507,
#3508,#3509,#3510,#3511,#3512,#3513,#3514,#3515,#3516,#3517,#3518,#3519));
#3521=STYLED_ITEM('',(#3522),#3529);
#3522=PRESENTATION_STYLE_ASSIGNMENT((#3523));
#3523=SURFACE_STYLE_USAGE(.BOTH.,#3524);
#3524=SURFACE_SIDE_STYLE('',(#3525));
#3525=SURFACE_STYLE_FILL_AREA(#3526);
#3526=FILL_AREA_STYLE('',(#3527));
#3527=FILL_AREA_STYLE_COLOUR('',#3528);
#3528=DRAUGHTING_PRE_DEFINED_COLOUR('red');
#3529=MANIFOLD_SOLID_BREP('Part 2',#3520);
#3530=SHAPE_DEFINITION_REPRESENTATION(#5530,#3531);
#3531=SHAPE_REPRESENTATION('Part 2',(#3532),#5525);
#3532=AXIS2_PLACEMENT_3D('',#4567,#3733,#3734);
#3533=AXIS2_PLACEMENT_3D('',#4568,#3735,#3736);
#3534=AXIS2_PLACEMENT_3D('',#4581,#3743,#3744);
#3535=AXIS2_PLACEMENT_3D('',#4846,#3877,#3878);
#3536=AXIS2_PLACEMENT_3D('',#4848,#3879,#3880);
#3537=AXIS2_PLACEMENT_3D('',#4850,#3881,#3882);
#3538=AXIS2_PLACEMENT_3D('',#4852,#3883,#3884);
#3539=AXIS2_PLACEMENT_3D('',#4854,#3885,#3886);
#3540=AXIS2_PLACEMENT_3D('',#4856,#3887,#3888);
#3541=AXIS2_PLACEMENT_3D('',#4858,#3889,#3890);
#3542=AXIS2_PLACEMENT_3D('',#4860,#3891,#3892);
#3543=AXIS2_PLACEMENT_3D('',#4862,#3893,#3894);
#3544=AXIS2_PLACEMENT_3D('',#4864,#3895,#3896);
#3545=AXIS2_PLACEMENT_3D('',#4866,#3897,#3898);
#3546=AXIS2_PLACEMENT_3D('',#4868,#3899,#3900);
#3547=AXIS2_PLACEMENT_3D('',#4870,#3901,#3902);
#3548=AXIS2_PLACEMENT_3D('',#4872,#3903,#3904);
#3549=AXIS2_PLACEMENT_3D('',#4874,#3905,#3906);
#3550=AXIS2_PLACEMENT_3D('',#4876,#3907,#3908);
#3551=AXIS2_PLACEMENT_3D('',#4878,#3909,#3910);
#3552=AXIS2_PLACEMENT_3D('',#4880,#3911,#3912);
#3553=AXIS2_PLACEMENT_3D('',#4895,#3920,#3921);
#3554=AXIS2_PLACEMENT_3D('',#5160,#4054,#4055);
#3555=AXIS2_PLACEMENT_3D('',#5162,#4056,#4057);
#3556=AXIS2_PLACEMENT_3D('',#5164,#4058,#4059);
#3557=AXIS2_PLACEMENT_3D('',#5166,#4060,#4061);
#3558=AXIS2_PLACEMENT_3D('',#5168,#4062,#4063);
#3559=AXIS2_PLACEMENT_3D('',#5170,#4064,#4065);
#3560=AXIS2_PLACEMENT_3D('',#5172,#4066,#4067);
#3561=AXIS2_PLACEMENT_3D('',#5174,#4068,#4069);
#3562=AXIS2_PLACEMENT_3D('',#5176,#4070,#4071);
#3563=AXIS2_PLACEMENT_3D('',#5178,#4072,#4073);
#3564=AXIS2_PLACEMENT_3D('',#5180,#4074,#4075);
#3565=AXIS2_PLACEMENT_3D('',#5182,#4076,#4077);
#3566=AXIS2_PLACEMENT_3D('',#5184,#4078,#4079);
#3567=AXIS2_PLACEMENT_3D('',#5186,#4080,#4081);
#3568=AXIS2_PLACEMENT_3D('',#5188,#4082,#4083);
#3569=AXIS2_PLACEMENT_3D('',#5190,#4084,#4085);
#3570=AXIS2_PLACEMENT_3D('',#5192,#4086,#4087);
#3571=AXIS2_PLACEMENT_3D('',#5194,#4088,#4089);
#3572=AXIS2_PLACEMENT_3D('',#5209,#4097,#4098);
#3573=AXIS2_PLACEMENT_3D('',#5212,#4101,#4102);
#3574=AXIS2_PLACEMENT_3D('',#5214,#4104,#4105);
#3575=AXIS2_PLACEMENT_3D('',#5216,#4107,#4108);
#3576=AXIS2_PLACEMENT_3D('',#5218,#4110,#4111);
#3577=AXIS2_PLACEMENT_3D('',#5220,#4113,#4114);
#3578=AXIS2_PLACEMENT_3D('',#5222,#4116,#4117);
#3579=AXIS2_PLACEMENT_3D('',#5224,#4119,#4120);
#3580=AXIS2_PLACEMENT_3D('',#5226,#4122,#4123);
#3581=AXIS2_PLACEMENT_3D('',#5228,#4125,#4126);
#3582=AXIS2_PLACEMENT_3D('',#5230,#4128,#4129);
#3583=AXIS2_PLACEMENT_3D('',#5232,#4131,#4132);
#3584=AXIS2_PLACEMENT_3D('',#5234,#4134,#4135);
#3585=AXIS2_PLACEMENT_3D('',#5236,#4137,#4138);
#3586=AXIS2_PLACEMENT_3D('',#5238,#4140,#4141);
#3587=AXIS2_PLACEMENT_3D('',#5240,#4143,#4144);
#3588=AXIS2_PLACEMENT_3D('',#5242,#4146,#4147);
#3589=AXIS2_PLACEMENT_3D('',#5244,#4149,#4150);
#3590=AXIS2_PLACEMENT_3D('',#5246,#4152,#4153);
#3591=AXIS2_PLACEMENT_3D('',#5248,#4155,#4156);
#3592=AXIS2_PLACEMENT_3D('',#5251,#4159,#4160);
#3593=AXIS2_PLACEMENT_3D('',#5253,#4162,#4163);
#3594=AXIS2_PLACEMENT_3D('',#5255,#4165,#4166);
#3595=AXIS2_PLACEMENT_3D('',#5258,#4169,#4170);
#3596=AXIS2_PLACEMENT_3D('',#5260,#4172,#4173);
#3597=AXIS2_PLACEMENT_3D('',#5262,#4175,#4176);
#3598=AXIS2_PLACEMENT_3D('',#5265,#4179,#4180);
#3599=AXIS2_PLACEMENT_3D('',#5267,#4182,#4183);
#3600=AXIS2_PLACEMENT_3D('',#5269,#4185,#4186);
#3601=AXIS2_PLACEMENT_3D('',#5272,#4189,#4190);
#3602=AXIS2_PLACEMENT_3D('',#5274,#4192,#4193);
#3603=AXIS2_PLACEMENT_3D('',#5276,#4195,#4196);
#3604=AXIS2_PLACEMENT_3D('',#5279,#4199,#4200);
#3605=AXIS2_PLACEMENT_3D('',#5281,#4202,#4203);
#3606=AXIS2_PLACEMENT_3D('',#5283,#4205,#4206);
#3607=AXIS2_PLACEMENT_3D('',#5286,#4209,#4210);
#3608=AXIS2_PLACEMENT_3D('',#5288,#4212,#4213);
#3609=AXIS2_PLACEMENT_3D('',#5290,#4215,#4216);
#3610=AXIS2_PLACEMENT_3D('',#5293,#4219,#4220);
#3611=AXIS2_PLACEMENT_3D('',#5295,#4222,#4223);
#3612=AXIS2_PLACEMENT_3D('',#5297,#4225,#4226);
#3613=AXIS2_PLACEMENT_3D('',#5300,#4229,#4230);
#3614=AXIS2_PLACEMENT_3D('',#5302,#4232,#4233);
#3615=AXIS2_PLACEMENT_3D('',#5304,#4235,#4236);
#3616=AXIS2_PLACEMENT_3D('',#5307,#4239,#4240);
#3617=AXIS2_PLACEMENT_3D('',#5309,#4242,#4243);
#3618=AXIS2_PLACEMENT_3D('',#5311,#4245,#4246);
#3619=AXIS2_PLACEMENT_3D('',#5314,#4249,#4250);
#3620=AXIS2_PLACEMENT_3D('',#5316,#4252,#4253);
#3621=AXIS2_PLACEMENT_3D('',#5318,#4255,#4256);
#3622=AXIS2_PLACEMENT_3D('',#5321,#4259,#4260);
#3623=AXIS2_PLACEMENT_3D('',#5323,#4262,#4263);
#3624=AXIS2_PLACEMENT_3D('',#5325,#4265,#4266);
#3625=AXIS2_PLACEMENT_3D('',#5328,#4269,#4270);
#3626=AXIS2_PLACEMENT_3D('',#5330,#4272,#4273);
#3627=AXIS2_PLACEMENT_3D('',#5332,#4275,#4276);
#3628=AXIS2_PLACEMENT_3D('',#5335,#4279,#4280);
#3629=AXIS2_PLACEMENT_3D('',#5337,#4282,#4283);
#3630=AXIS2_PLACEMENT_3D('',#5339,#4285,#4286);
#3631=AXIS2_PLACEMENT_3D('',#5342,#4289,#4290);
#3632=AXIS2_PLACEMENT_3D('',#5344,#4292,#4293);
#3633=AXIS2_PLACEMENT_3D('',#5346,#4295,#4296);
#3634=AXIS2_PLACEMENT_3D('',#5349,#4299,#4300);
#3635=AXIS2_PLACEMENT_3D('',#5351,#4302,#4303);
#3636=AXIS2_PLACEMENT_3D('',#5353,#4305,#4306);
#3637=AXIS2_PLACEMENT_3D('',#5356,#4309,#4310);
#3638=AXIS2_PLACEMENT_3D('',#5358,#4312,#4313);
#3639=AXIS2_PLACEMENT_3D('',#5360,#4315,#4316);
#3640=AXIS2_PLACEMENT_3D('',#5363,#4319,#4320);
#3641=AXIS2_PLACEMENT_3D('',#5365,#4322,#4323);
#3642=AXIS2_PLACEMENT_3D('',#5367,#4325,#4326);
#3643=AXIS2_PLACEMENT_3D('',#5370,#4329,#4330);
#3644=AXIS2_PLACEMENT_3D('',#5372,#4332,#4333);
#3645=AXIS2_PLACEMENT_3D('',#5374,#4335,#4336);
#3646=AXIS2_PLACEMENT_3D('',#5377,#4339,#4340);
#3647=AXIS2_PLACEMENT_3D('',#5379,#4342,#4343);
#3648=AXIS2_PLACEMENT_3D('',#5381,#4345,#4346);
#3649=AXIS2_PLACEMENT_3D('',#5384,#4349,#4350);
#3650=AXIS2_PLACEMENT_3D('',#5386,#4352,#4353);
#3651=AXIS2_PLACEMENT_3D('',#5388,#4355,#4356);
#3652=AXIS2_PLACEMENT_3D('',#5391,#4359,#4360);
#3653=AXIS2_PLACEMENT_3D('',#5393,#4362,#4363);
#3654=AXIS2_PLACEMENT_3D('',#5395,#4365,#4366);
#3655=AXIS2_PLACEMENT_3D('',#5398,#4369,#4370);
#3656=AXIS2_PLACEMENT_3D('',#5400,#4372,#4373);
#3657=AXIS2_PLACEMENT_3D('',#5402,#4375,#4376);
#3658=AXIS2_PLACEMENT_3D('',#5405,#4379,#4380);
#3659=AXIS2_PLACEMENT_3D('',#5407,#4382,#4383);
#3660=AXIS2_PLACEMENT_3D('',#5409,#4385,#4386);
#3661=AXIS2_PLACEMENT_3D('',#5412,#4389,#4390);
#3662=AXIS2_PLACEMENT_3D('',#5414,#4392,#4393);
#3663=AXIS2_PLACEMENT_3D('',#5416,#4395,#4396);
#3664=AXIS2_PLACEMENT_3D('',#5419,#4399,#4400);
#3665=AXIS2_PLACEMENT_3D('',#5421,#4402,#4403);
#3666=AXIS2_PLACEMENT_3D('',#5423,#4405,#4406);
#3667=AXIS2_PLACEMENT_3D('',#5426,#4409,#4410);
#3668=AXIS2_PLACEMENT_3D('',#5428,#4412,#4413);
#3669=AXIS2_PLACEMENT_3D('',#5430,#4415,#4416);
#3670=AXIS2_PLACEMENT_3D('',#5433,#4419,#4420);
#3671=AXIS2_PLACEMENT_3D('',#5435,#4422,#4423);
#3672=AXIS2_PLACEMENT_3D('',#5437,#4425,#4426);
#3673=AXIS2_PLACEMENT_3D('',#5440,#4429,#4430);
#3674=AXIS2_PLACEMENT_3D('',#5442,#4432,#4433);
#3675=AXIS2_PLACEMENT_3D('',#5444,#4435,#4436);
#3676=AXIS2_PLACEMENT_3D('',#5447,#4439,#4440);
#3677=AXIS2_PLACEMENT_3D('',#5449,#4442,#4443);
#3678=AXIS2_PLACEMENT_3D('',#5455,#4447,#4448);
#3679=AXIS2_PLACEMENT_3D('',#5456,#4449,#4450);
#3680=AXIS2_PLACEMENT_3D('',#5457,#4451,#4452);
#3681=AXIS2_PLACEMENT_3D('',#5458,#4453,#4454);
#3682=AXIS2_PLACEMENT_3D('',#5459,#4455,#4456);
#3683=AXIS2_PLACEMENT_3D('',#5460,#4457,#4458);
#3684=AXIS2_PLACEMENT_3D('',#5461,#4459,#4460);
#3685=AXIS2_PLACEMENT_3D('',#5462,#4461,#4462);
#3686=AXIS2_PLACEMENT_3D('',#5463,#4463,#4464);
#3687=AXIS2_PLACEMENT_3D('',#5464,#4465,#4466);
#3688=AXIS2_PLACEMENT_3D('',#5465,#4467,#4468);
#3689=AXIS2_PLACEMENT_3D('',#5466,#4469,#4470);
#3690=AXIS2_PLACEMENT_3D('',#5467,#4471,#4472);
#3691=AXIS2_PLACEMENT_3D('',#5468,#4473,#4474);
#3692=AXIS2_PLACEMENT_3D('',#5469,#4475,#4476);
#3693=AXIS2_PLACEMENT_3D('',#5470,#4477,#4478);
#3694=AXIS2_PLACEMENT_3D('',#5471,#4479,#4480);
#3695=AXIS2_PLACEMENT_3D('',#5472,#4481,#4482);
#3696=AXIS2_PLACEMENT_3D('',#5473,#4483,#4484);
#3697=AXIS2_PLACEMENT_3D('',#5474,#4485,#4486);
#3698=AXIS2_PLACEMENT_3D('',#5475,#4487,#4488);
#3699=AXIS2_PLACEMENT_3D('',#5476,#4489,#4490);
#3700=AXIS2_PLACEMENT_3D('',#5477,#4491,#4492);
#3701=AXIS2_PLACEMENT_3D('',#5478,#4493,#4494);
#3702=AXIS2_PLACEMENT_3D('',#5479,#4495,#4496);
#3703=AXIS2_PLACEMENT_3D('',#5480,#4497,#4498);
#3704=AXIS2_PLACEMENT_3D('',#5481,#4499,#4500);
#3705=AXIS2_PLACEMENT_3D('',#5482,#4501,#4502);
#3706=AXIS2_PLACEMENT_3D('',#5483,#4503,#4504);
#3707=AXIS2_PLACEMENT_3D('',#5484,#4505,#4506);
#3708=AXIS2_PLACEMENT_3D('',#5485,#4507,#4508);
#3709=AXIS2_PLACEMENT_3D('',#5486,#4509,#4510);
#3710=AXIS2_PLACEMENT_3D('',#5487,#4511,#4512);
#3711=AXIS2_PLACEMENT_3D('',#5488,#4513,#4514);
#3712=AXIS2_PLACEMENT_3D('',#5489,#4515,#4516);
#3713=AXIS2_PLACEMENT_3D('',#5490,#4517,#4518);
#3714=AXIS2_PLACEMENT_3D('',#5491,#4519,#4520);
#3715=AXIS2_PLACEMENT_3D('',#5492,#4521,#4522);
#3716=AXIS2_PLACEMENT_3D('',#5493,#4523,#4524);
#3717=AXIS2_PLACEMENT_3D('',#5494,#4525,#4526);
#3718=AXIS2_PLACEMENT_3D('',#5495,#4527,#4528);
#3719=AXIS2_PLACEMENT_3D('',#5496,#4529,#4530);
#3720=AXIS2_PLACEMENT_3D('',#5497,#4531,#4532);
#3721=AXIS2_PLACEMENT_3D('',#5498,#4533,#4534);
#3722=AXIS2_PLACEMENT_3D('',#5499,#4535,#4536);
#3723=AXIS2_PLACEMENT_3D('',#5500,#4537,#4538);
#3724=AXIS2_PLACEMENT_3D('',#5501,#4539,#4540);
#3725=AXIS2_PLACEMENT_3D('',#5502,#4541,#4542);
#3726=AXIS2_PLACEMENT_3D('',#5503,#4543,#4544);
#3727=AXIS2_PLACEMENT_3D('',#5509,#4548,#4549);
#3728=AXIS2_PLACEMENT_3D('',#5511,#4551,#4552);
#3729=AXIS2_PLACEMENT_3D('',#5515,#4555,#4556);
#3730=AXIS2_PLACEMENT_3D('',#5519,#4559,#4560);
#3731=AXIS2_PLACEMENT_3D('',#5521,#4562,#4563);
#3732=AXIS2_PLACEMENT_3D('',#5523,#4565,#4566);
#3733=DIRECTION('',(0.,0.,1.));
#3734=DIRECTION('',(1.,0.,0.));
#3735=DIRECTION('',(-2.87986004780383E-16,0.,1.));
#3736=DIRECTION('',(1.,0.,2.87986004780383E-16));
#3737=DIRECTION('',(0.,1.,0.));
#3738=DIRECTION('',(1.,0.,2.87986004780383E-16));
#3739=DIRECTION('',(0.,1.,0.));
#3740=DIRECTION('',(1.,0.,2.87986004780383E-16));
#3741=DIRECTION('',(0.,1.,0.));
#3742=DIRECTION('',(1.,0.,0.));
#3743=DIRECTION('',(0.,-1.,0.));
#3744=DIRECTION('',(1.,0.,0.));
#3745=DIRECTION('',(0.,0.,-1.));
#3746=DIRECTION('',(1.,0.,0.));
#3747=DIRECTION('',(0.,0.,-1.));
#3748=DIRECTION('',(1.,0.,0.));
#3749=DIRECTION('',(0.,0.,-1.));
#3750=DIRECTION('',(1.,0.,0.));
#3751=DIRECTION('',(0.,0.,-1.));
#3752=DIRECTION('',(1.,0.,0.));
#3753=DIRECTION('',(0.,0.,-1.));
#3754=DIRECTION('',(1.,0.,0.));
#3755=DIRECTION('',(0.,0.,-1.));
#3756=DIRECTION('',(1.,0.,0.));
#3757=DIRECTION('',(0.,0.,-1.));
#3758=DIRECTION('',(-1.,0.,0.));
#3759=DIRECTION('',(0.,0.,-1.));
#3760=DIRECTION('',(1.,0.,0.));
#3761=DIRECTION('',(0.,0.,-1.));
#3762=DIRECTION('',(-1.,0.,0.));
#3763=DIRECTION('',(0.,0.,-1.));
#3764=DIRECTION('',(1.,0.,0.));
#3765=DIRECTION('',(0.,0.,-1.));
#3766=DIRECTION('',(1.,0.,0.));
#3767=DIRECTION('',(0.,0.,-1.));
#3768=DIRECTION('',(1.,0.,0.));
#3769=DIRECTION('',(0.,0.,-1.));
#3770=DIRECTION('',(1.,0.,0.));
#3771=DIRECTION('',(0.,0.,-1.));
#3772=DIRECTION('',(1.,0.,0.));
#3773=DIRECTION('',(0.,0.,-1.));
#3774=DIRECTION('',(1.,0.,0.));
#3775=DIRECTION('',(0.,0.,-1.));
#3776=DIRECTION('',(1.,0.,0.));
#3777=DIRECTION('',(0.,0.,-1.));
#3778=DIRECTION('',(1.,0.,0.));
#3779=DIRECTION('',(0.,0.,-1.));
#3780=DIRECTION('',(1.,0.,0.));
#3781=DIRECTION('',(0.,0.,-1.));
#3782=DIRECTION('',(1.,0.,0.));
#3783=DIRECTION('',(0.,0.,-1.));
#3784=DIRECTION('',(1.,0.,0.));
#3785=DIRECTION('',(0.,0.,-1.));
#3786=DIRECTION('',(1.,0.,0.));
#3787=DIRECTION('',(0.,0.,-1.));
#3788=DIRECTION('',(1.,0.,0.));
#3789=DIRECTION('',(0.,0.,-1.));
#3790=DIRECTION('',(1.,0.,0.));
#3791=DIRECTION('',(0.,0.,-1.));
#3792=DIRECTION('',(1.,0.,0.));
#3793=DIRECTION('',(0.,0.,-1.));
#3794=DIRECTION('',(1.,0.,0.));
#3795=DIRECTION('',(0.,0.,-1.));
#3796=DIRECTION('',(1.,0.,0.));
#3797=DIRECTION('',(0.,0.,-1.));
#3798=DIRECTION('',(1.,0.,0.));
#3799=DIRECTION('',(0.,0.,-1.));
#3800=DIRECTION('',(1.,0.,0.));
#3801=DIRECTION('',(0.,0.,-1.));
#3802=DIRECTION('',(1.,0.,0.));
#3803=DIRECTION('',(0.,0.,-1.));
#3804=DIRECTION('',(1.,0.,0.));
#3805=DIRECTION('',(1.,0.,0.));
#3806=DIRECTION('',(0.,0.,-1.));
#3807=DIRECTION('',(1.,0.,0.));
#3808=DIRECTION('',(0.,0.,-1.));
#3809=DIRECTION('',(1.,0.,0.));
#3810=DIRECTION('',(-1.83263505836153E-16,0.,1.));
#3811=DIRECTION('',(1.,0.,0.));
#3812=DIRECTION('',(0.,0.,1.));
#3813=DIRECTION('',(1.,0.,0.));
#3814=DIRECTION('',(-2.44351341114872E-16,0.,1.));
#3815=DIRECTION('',(1.,0.,0.));
#3816=DIRECTION('',(6.10878352787179E-17,0.,-1.));
#3817=DIRECTION('',(1.,0.,0.));
#3818=DIRECTION('',(-2.46556678128544E-16,0.,1.));
#3819=DIRECTION('',(1.,0.,0.));
#3820=DIRECTION('',(0.,0.,1.));
#3821=DIRECTION('',(1.,0.,0.));
#3822=DIRECTION('',(-1.79501799928846E-16,0.,1.));
#3823=DIRECTION('',(1.,0.,0.));
#3824=DIRECTION('',(0.,0.,1.));
#3825=DIRECTION('',(0.,0.,-1.));
#3826=DIRECTION('',(1.,0.,2.44351341114872E-16));
#3827=DIRECTION('',(0.,0.,1.));
#3828=DIRECTION('',(1.,0.,0.));
#3829=DIRECTION('',(0.,0.,-1.));
#3830=DIRECTION('',(1.,0.,2.44351341114872E-16));
#3831=DIRECTION('',(0.,0.,1.));
#3832=DIRECTION('',(1.,0.,0.));
#3833=DIRECTION('',(1.,0.,0.));
#3834=DIRECTION('',(-2.46556678128544E-16,0.,1.));
#3835=DIRECTION('',(1.,0.,0.));
#3836=DIRECTION('',(0.,0.,1.));
#3837=DIRECTION('',(1.,0.,0.));
#3838=DIRECTION('',(-1.23278339064272E-16,0.,1.));
#3839=DIRECTION('',(1.,0.,0.));
#3840=DIRECTION('',(0.,0.,1.));
#3841=DIRECTION('',(1.,0.,0.));
#3842=DIRECTION('',(0.,0.,1.));
#3843=DIRECTION('',(1.,0.,0.));
#3844=DIRECTION('',(0.,0.,1.));
#3845=DIRECTION('',(1.,0.,0.));
#3846=DIRECTION('',(0.,0.,1.));
#3847=DIRECTION('',(1.,0.,0.));
#3848=DIRECTION('',(0.,0.,1.));
#3849=DIRECTION('',(1.,0.,0.));
#3850=DIRECTION('',(0.,0.,1.));
#3851=DIRECTION('',(1.,0.,0.));
#3852=DIRECTION('',(0.,0.,1.));
#3853=DIRECTION('',(1.,0.,0.));
#3854=DIRECTION('',(0.,0.,1.));
#3855=DIRECTION('',(1.,0.,0.));
#3856=DIRECTION('',(0.,0.,1.));
#3857=DIRECTION('',(0.,0.,-1.));
#3858=DIRECTION('',(1.,0.,0.));
#3859=DIRECTION('',(0.,0.,-1.));
#3860=DIRECTION('',(1.,0.,0.));
#3861=DIRECTION('',(0.,0.,-1.));
#3862=DIRECTION('',(-1.,0.,0.));
#3863=DIRECTION('',(0.,0.,-1.));
#3864=DIRECTION('',(1.,0.,0.));
#3865=DIRECTION('',(0.,0.,-1.));
#3866=DIRECTION('',(1.,0.,0.));
#3867=DIRECTION('',(0.,0.,-1.));
#3868=DIRECTION('',(1.,0.,3.72228041567496E-17));
#3869=DIRECTION('',(0.,0.,-1.));
#3870=DIRECTION('',(1.,0.,0.));
#3871=DIRECTION('',(0.,0.,-1.));
#3872=DIRECTION('',(-1.,0.,2.40821143436E-16));
#3873=DIRECTION('',(0.,0.,-1.));
#3874=DIRECTION('',(1.,0.,-3.72228041567496E-17));
#3875=DIRECTION('',(0.,0.,-1.));
#3876=DIRECTION('',(1.,0.,0.));
#3877=DIRECTION('',(0.,-1.,0.));
#3878=DIRECTION('',(0.,0.,-1.));
#3879=DIRECTION('',(0.,-1.,0.));
#3880=DIRECTION('',(0.,0.,-1.));
#3881=DIRECTION('',(0.,-1.,0.));
#3882=DIRECTION('',(0.,0.,-1.));
#3883=DIRECTION('',(0.,-1.,0.));
#3884=DIRECTION('',(0.,0.,-1.));
#3885=DIRECTION('',(0.,-1.,0.));
#3886=DIRECTION('',(0.,0.,-1.));
#3887=DIRECTION('',(0.,-1.,0.));
#3888=DIRECTION('',(0.,0.,-1.));
#3889=DIRECTION('',(0.,-1.,0.));
#3890=DIRECTION('',(0.,0.,-1.));
#3891=DIRECTION('',(0.,-1.,0.));
#3892=DIRECTION('',(0.,0.,-1.));
#3893=DIRECTION('',(0.,-1.,0.));
#3894=DIRECTION('',(0.,0.,-1.));
#3895=DIRECTION('',(0.,-1.,0.));
#3896=DIRECTION('',(0.,0.,-1.));
#3897=DIRECTION('',(0.,-1.,0.));
#3898=DIRECTION('',(0.,0.,-1.));
#3899=DIRECTION('',(0.,-1.,0.));
#3900=DIRECTION('',(0.,0.,-1.));
#3901=DIRECTION('',(0.,-1.,0.));
#3902=DIRECTION('',(0.,0.,-1.));
#3903=DIRECTION('',(0.,-1.,0.));
#3904=DIRECTION('',(0.,0.,-1.));
#3905=DIRECTION('',(0.,-1.,0.));
#3906=DIRECTION('',(0.,0.,-1.));
#3907=DIRECTION('',(0.,-1.,0.));
#3908=DIRECTION('',(0.,0.,-1.));
#3909=DIRECTION('',(0.,-1.,0.));
#3910=DIRECTION('',(0.,0.,-1.));
#3911=DIRECTION('',(0.,-1.,0.));
#3912=DIRECTION('',(0.,0.,-1.));
#3913=DIRECTION('',(0.,0.,-1.));
#3914=DIRECTION('',(1.,0.,2.87986004780383E-16));
#3915=DIRECTION('',(0.,0.,-1.));
#3916=DIRECTION('',(-1.,0.,0.));
#3917=DIRECTION('',(0.,0.,1.));
#3918=DIRECTION('',(0.,0.,-1.));
#3919=DIRECTION('',(1.,0.,0.));
#3920=DIRECTION('',(0.,-1.,0.));
#3921=DIRECTION('',(1.,0.,0.));
#3922=DIRECTION('',(0.,0.,-1.));
#3923=DIRECTION('',(1.,0.,0.));
#3924=DIRECTION('',(0.,0.,-1.));
#3925=DIRECTION('',(1.,0.,0.));
#3926=DIRECTION('',(0.,0.,-1.));
#3927=DIRECTION('',(1.,0.,0.));
#3928=DIRECTION('',(0.,0.,-1.));
#3929=DIRECTION('',(1.,0.,0.));
#3930=DIRECTION('',(0.,0.,-1.));
#3931=DIRECTION('',(1.,0.,0.));
#3932=DIRECTION('',(0.,0.,-1.));
#3933=DIRECTION('',(1.,0.,0.));
#3934=DIRECTION('',(0.,0.,-1.));
#3935=DIRECTION('',(1.,0.,0.));
#3936=DIRECTION('',(0.,0.,-1.));
#3937=DIRECTION('',(-1.,0.,0.));
#3938=DIRECTION('',(0.,0.,-1.));
#3939=DIRECTION('',(1.,0.,0.));
#3940=DIRECTION('',(0.,0.,-1.));
#3941=DIRECTION('',(-1.,0.,0.));
#3942=DIRECTION('',(0.,0.,-1.));
#3943=DIRECTION('',(1.,0.,0.));
#3944=DIRECTION('',(0.,0.,-1.));
#3945=DIRECTION('',(1.,0.,0.));
#3946=DIRECTION('',(0.,0.,-1.));
#3947=DIRECTION('',(1.,0.,0.));
#3948=DIRECTION('',(0.,0.,-1.));
#3949=DIRECTION('',(1.,0.,0.));
#3950=DIRECTION('',(0.,0.,-1.));
#3951=DIRECTION('',(1.,0.,0.));
#3952=DIRECTION('',(0.,0.,-1.));
#3953=DIRECTION('',(1.,0.,0.));
#3954=DIRECTION('',(0.,0.,-1.));
#3955=DIRECTION('',(1.,0.,0.));
#3956=DIRECTION('',(0.,0.,-1.));
#3957=DIRECTION('',(1.,0.,0.));
#3958=DIRECTION('',(0.,0.,-1.));
#3959=DIRECTION('',(1.,0.,0.));
#3960=DIRECTION('',(0.,0.,-1.));
#3961=DIRECTION('',(1.,0.,0.));
#3962=DIRECTION('',(0.,0.,-1.));
#3963=DIRECTION('',(1.,0.,0.));
#3964=DIRECTION('',(0.,0.,-1.));
#3965=DIRECTION('',(1.,0.,0.));
#3966=DIRECTION('',(0.,0.,-1.));
#3967=DIRECTION('',(1.,0.,0.));
#3968=DIRECTION('',(0.,0.,-1.));
#3969=DIRECTION('',(1.,0.,0.));
#3970=DIRECTION('',(0.,0.,-1.));
#3971=DIRECTION('',(1.,0.,0.));
#3972=DIRECTION('',(0.,0.,-1.));
#3973=DIRECTION('',(1.,0.,0.));
#3974=DIRECTION('',(0.,0.,-1.));
#3975=DIRECTION('',(1.,0.,0.));
#3976=DIRECTION('',(0.,0.,-1.));
#3977=DIRECTION('',(1.,0.,0.));
#3978=DIRECTION('',(0.,0.,-1.));
#3979=DIRECTION('',(1.,0.,0.));
#3980=DIRECTION('',(0.,0.,-1.));
#3981=DIRECTION('',(1.,0.,0.));
#3982=DIRECTION('',(1.,0.,0.));
#3983=DIRECTION('',(0.,0.,-1.));
#3984=DIRECTION('',(1.,0.,0.));
#3985=DIRECTION('',(0.,0.,-1.));
#3986=DIRECTION('',(1.,0.,0.));
#3987=DIRECTION('',(0.,0.,1.));
#3988=DIRECTION('',(1.,0.,0.));
#3989=DIRECTION('',(-1.83263505836153E-16,0.,1.));
#3990=DIRECTION('',(1.,0.,0.));
#3991=DIRECTION('',(6.10878352787179E-17,0.,-1.));
#3992=DIRECTION('',(1.,0.,0.));
#3993=DIRECTION('',(-2.44351341114872E-16,0.,1.));
#3994=DIRECTION('',(1.,0.,0.));
#3995=DIRECTION('',(0.,0.,1.));
#3996=DIRECTION('',(1.,0.,0.));
#3997=DIRECTION('',(-2.46556678128544E-16,0.,1.));
#3998=DIRECTION('',(1.,0.,0.));
#3999=DIRECTION('',(0.,0.,1.));
#4000=DIRECTION('',(1.,0.,0.));
#4001=DIRECTION('',(-1.79501799928846E-16,0.,1.));
#4002=DIRECTION('',(0.,0.,-1.));
#4003=DIRECTION('',(1.,0.,0.));
#4004=DIRECTION('',(0.,0.,1.));
#4005=DIRECTION('',(1.,0.,2.44351341114872E-16));
#4006=DIRECTION('',(0.,0.,-1.));
#4007=DIRECTION('',(1.,0.,0.));
#4008=DIRECTION('',(0.,0.,1.));
#4009=DIRECTION('',(1.,0.,2.44351341114872E-16));
#4010=DIRECTION('',(1.,0.,0.));
#4011=DIRECTION('',(0.,0.,1.));
#4012=DIRECTION('',(1.,0.,0.));
#4013=DIRECTION('',(-2.46556678128544E-16,0.,1.));
#4014=DIRECTION('',(1.,0.,0.));
#4015=DIRECTION('',(0.,0.,1.));
#4016=DIRECTION('',(1.,0.,0.));
#4017=DIRECTION('',(-1.23278339064272E-16,0.,1.));
#4018=DIRECTION('',(1.,0.,0.));
#4019=DIRECTION('',(0.,0.,1.));
#4020=DIRECTION('',(1.,0.,0.));
#4021=DIRECTION('',(0.,0.,1.));
#4022=DIRECTION('',(1.,0.,0.));
#4023=DIRECTION('',(0.,0.,1.));
#4024=DIRECTION('',(1.,0.,0.));
#4025=DIRECTION('',(0.,0.,1.));
#4026=DIRECTION('',(1.,0.,0.));
#4027=DIRECTION('',(0.,0.,1.));
#4028=DIRECTION('',(1.,0.,0.));
#4029=DIRECTION('',(0.,0.,1.));
#4030=DIRECTION('',(1.,0.,0.));
#4031=DIRECTION('',(0.,0.,1.));
#4032=DIRECTION('',(1.,0.,0.));
#4033=DIRECTION('',(0.,0.,1.));
#4034=DIRECTION('',(0.,0.,-1.));
#4035=DIRECTION('',(1.,0.,0.));
#4036=DIRECTION('',(0.,0.,-1.));
#4037=DIRECTION('',(1.,0.,-3.72228041567496E-17));
#4038=DIRECTION('',(0.,0.,-1.));
#4039=DIRECTION('',(-1.,0.,2.40821143436E-16));
#4040=DIRECTION('',(0.,0.,-1.));
#4041=DIRECTION('',(1.,0.,0.));
#4042=DIRECTION('',(0.,0.,-1.));
#4043=DIRECTION('',(1.,0.,3.72228041567496E-17));
#4044=DIRECTION('',(0.,0.,-1.));
#4045=DIRECTION('',(1.,0.,0.));
#4046=DIRECTION('',(0.,0.,-1.));
#4047=DIRECTION('',(1.,0.,0.));
#4048=DIRECTION('',(0.,0.,-1.));
#4049=DIRECTION('',(-1.,0.,0.));
#4050=DIRECTION('',(0.,0.,-1.));
#4051=DIRECTION('',(1.,0.,0.));
#4052=DIRECTION('',(0.,0.,-1.));
#4053=DIRECTION('',(1.,0.,0.));
#4054=DIRECTION('',(0.,-1.,0.));
#4055=DIRECTION('',(0.,0.,-1.));
#4056=DIRECTION('',(0.,-1.,0.));
#4057=DIRECTION('',(0.,0.,-1.));
#4058=DIRECTION('',(0.,-1.,0.));
#4059=DIRECTION('',(0.,0.,-1.));
#4060=DIRECTION('',(0.,-1.,0.));
#4061=DIRECTION('',(0.,0.,-1.));
#4062=DIRECTION('',(0.,-1.,0.));
#4063=DIRECTION('',(0.,0.,-1.));
#4064=DIRECTION('',(0.,-1.,0.));
#4065=DIRECTION('',(0.,0.,-1.));
#4066=DIRECTION('',(0.,-1.,0.));
#4067=DIRECTION('',(0.,0.,-1.));
#4068=DIRECTION('',(0.,-1.,0.));
#4069=DIRECTION('',(0.,0.,-1.));
#4070=DIRECTION('',(0.,-1.,0.));
#4071=DIRECTION('',(0.,0.,-1.));
#4072=DIRECTION('',(0.,-1.,0.));
#4073=DIRECTION('',(0.,0.,-1.));
#4074=DIRECTION('',(0.,-1.,0.));
#4075=DIRECTION('',(0.,0.,-1.));
#4076=DIRECTION('',(0.,-1.,0.));
#4077=DIRECTION('',(0.,0.,-1.));
#4078=DIRECTION('',(0.,-1.,0.));
#4079=DIRECTION('',(0.,0.,-1.));
#4080=DIRECTION('',(0.,-1.,0.));
#4081=DIRECTION('',(0.,0.,-1.));
#4082=DIRECTION('',(0.,-1.,0.));
#4083=DIRECTION('',(0.,0.,-1.));
#4084=DIRECTION('',(0.,-1.,0.));
#4085=DIRECTION('',(0.,0.,-1.));
#4086=DIRECTION('',(0.,-1.,0.));
#4087=DIRECTION('',(0.,0.,-1.));
#4088=DIRECTION('',(0.,-1.,0.));
#4089=DIRECTION('',(0.,0.,-1.));
#4090=DIRECTION('',(1.,0.,2.87986004780383E-16));
#4091=DIRECTION('',(4.96473596939165E-16,0.,-1.));
#4092=DIRECTION('',(-1.,0.,0.));
#4093=DIRECTION('',(0.,0.,-1.));
#4094=DIRECTION('',(0.,0.,1.));
#4095=DIRECTION('',(-1.,0.,0.));
#4096=DIRECTION('',(0.,0.,-1.));
#4097=DIRECTION('',(1.,0.,0.));
#4098=DIRECTION('',(0.,0.,-1.));
#4099=DIRECTION('',(0.,1.,0.));
#4100=DIRECTION('',(0.,1.,0.));
#4101=DIRECTION('',(0.,0.,1.));
#4102=DIRECTION('',(1.,0.,0.));
#4103=DIRECTION('',(0.,1.,0.));
#4104=DIRECTION('',(1.,0.,0.));
#4105=DIRECTION('',(0.,0.,-1.));
#4106=DIRECTION('',(0.,1.,0.));
#4107=DIRECTION('',(3.72228041567496E-17,0.,1.));
#4108=DIRECTION('',(1.,0.,-3.72228041567496E-17));
#4109=DIRECTION('',(0.,1.,0.));
#4110=DIRECTION('',(1.,0.,0.));
#4111=DIRECTION('',(0.,0.,-1.));
#4112=DIRECTION('',(0.,1.,0.));
#4113=DIRECTION('',(-2.40821143436E-16,0.,-1.));
#4114=DIRECTION('',(-1.,0.,2.40821143436E-16));
#4115=DIRECTION('',(0.,1.,0.));
#4116=DIRECTION('',(1.,0.,0.));
#4117=DIRECTION('',(0.,0.,-1.));
#4118=DIRECTION('',(0.,1.,0.));
#4119=DIRECTION('',(0.,0.,1.));
#4120=DIRECTION('',(1.,0.,0.));
#4121=DIRECTION('',(0.,1.,0.));
#4122=DIRECTION('',(1.,0.,0.));
#4123=DIRECTION('',(0.,0.,-1.));
#4124=DIRECTION('',(0.,1.,0.));
#4125=DIRECTION('',(-3.72228041567496E-17,0.,1.));
#4126=DIRECTION('',(1.,0.,3.72228041567496E-17));
#4127=DIRECTION('',(0.,1.,0.));
#4128=DIRECTION('',(1.,0.,0.));
#4129=DIRECTION('',(0.,0.,-1.));
#4130=DIRECTION('',(0.,1.,0.));
#4131=DIRECTION('',(0.,0.,1.));
#4132=DIRECTION('',(1.,0.,0.));
#4133=DIRECTION('',(0.,1.,0.));
#4134=DIRECTION('',(1.,0.,0.));
#4135=DIRECTION('',(0.,0.,-1.));
#4136=DIRECTION('',(0.,1.,0.));
#4137=DIRECTION('',(0.,0.,1.));
#4138=DIRECTION('',(1.,0.,0.));
#4139=DIRECTION('',(0.,1.,0.));
#4140=DIRECTION('',(1.,0.,0.));
#4141=DIRECTION('',(0.,0.,-1.));
#4142=DIRECTION('',(0.,1.,0.));
#4143=DIRECTION('',(0.,0.,-1.));
#4144=DIRECTION('',(-1.,0.,0.));
#4145=DIRECTION('',(0.,1.,0.));
#4146=DIRECTION('',(1.,0.,0.));
#4147=DIRECTION('',(0.,0.,-1.));
#4148=DIRECTION('',(0.,1.,0.));
#4149=DIRECTION('',(0.,0.,1.));
#4150=DIRECTION('',(1.,0.,0.));
#4151=DIRECTION('',(0.,1.,0.));
#4152=DIRECTION('',(1.,0.,0.));
#4153=DIRECTION('',(0.,0.,-1.));
#4154=DIRECTION('',(0.,1.,0.));
#4155=DIRECTION('',(0.,0.,1.));
#4156=DIRECTION('',(1.,0.,0.));
#4157=DIRECTION('',(0.,1.,0.));
#4158=DIRECTION('',(0.,1.,0.));
#4159=DIRECTION('',(-1.,0.,0.));
#4160=DIRECTION('',(0.,0.,1.));
#4161=DIRECTION('',(0.,1.,0.));
#4162=DIRECTION('',(0.,0.,1.));
#4163=DIRECTION('',(1.,0.,0.));
#4164=DIRECTION('',(0.,1.,0.));
#4165=DIRECTION('',(0.,0.,1.));
#4166=DIRECTION('',(1.,0.,0.));
#4167=DIRECTION('',(0.,1.,0.));
#4168=DIRECTION('',(0.,1.,0.));
#4169=DIRECTION('',(-1.,0.,0.));
#4170=DIRECTION('',(0.,0.,1.));
#4171=DIRECTION('',(0.,1.,0.));
#4172=DIRECTION('',(0.,0.,1.));
#4173=DIRECTION('',(1.,0.,0.));
#4174=DIRECTION('',(0.,1.,0.));
#4175=DIRECTION('',(0.,0.,1.));
#4176=DIRECTION('',(1.,0.,0.));
#4177=DIRECTION('',(0.,1.,0.));
#4178=DIRECTION('',(0.,1.,0.));
#4179=DIRECTION('',(-1.,0.,0.));
#4180=DIRECTION('',(0.,0.,1.));
#4181=DIRECTION('',(0.,1.,0.));
#4182=DIRECTION('',(0.,0.,1.));
#4183=DIRECTION('',(1.,0.,0.));
#4184=DIRECTION('',(0.,1.,0.));
#4185=DIRECTION('',(0.,0.,1.));
#4186=DIRECTION('',(1.,0.,0.));
#4187=DIRECTION('',(0.,1.,0.));
#4188=DIRECTION('',(0.,1.,0.));
#4189=DIRECTION('',(-1.,0.,0.));
#4190=DIRECTION('',(0.,0.,1.));
#4191=DIRECTION('',(0.,1.,0.));
#4192=DIRECTION('',(0.,0.,1.));
#4193=DIRECTION('',(1.,0.,0.));
#4194=DIRECTION('',(0.,1.,0.));
#4195=DIRECTION('',(0.,0.,1.));
#4196=DIRECTION('',(1.,0.,0.));
#4197=DIRECTION('',(0.,1.,0.));
#4198=DIRECTION('',(0.,1.,0.));
#4199=DIRECTION('',(-1.,0.,0.));
#4200=DIRECTION('',(0.,0.,1.));
#4201=DIRECTION('',(0.,1.,0.));
#4202=DIRECTION('',(0.,0.,1.));
#4203=DIRECTION('',(1.,0.,0.));
#4204=DIRECTION('',(0.,1.,0.));
#4205=DIRECTION('',(0.,0.,1.));
#4206=DIRECTION('',(1.,0.,0.));
#4207=DIRECTION('',(0.,1.,0.));
#4208=DIRECTION('',(0.,1.,0.));
#4209=DIRECTION('',(-1.,0.,0.));
#4210=DIRECTION('',(0.,0.,1.));
#4211=DIRECTION('',(0.,1.,0.));
#4212=DIRECTION('',(0.,0.,1.));
#4213=DIRECTION('',(1.,0.,0.));
#4214=DIRECTION('',(0.,1.,0.));
#4215=DIRECTION('',(1.,0.,0.));
#4216=DIRECTION('',(0.,0.,-1.));
#4217=DIRECTION('',(0.,1.,0.));
#4218=DIRECTION('',(0.,1.,0.));
#4219=DIRECTION('',(0.,0.,1.));
#4220=DIRECTION('',(1.,0.,0.));
#4221=DIRECTION('',(0.,1.,0.));
#4222=DIRECTION('',(-1.,0.,0.));
#4223=DIRECTION('',(0.,0.,1.));
#4224=DIRECTION('',(0.,1.,0.));
#4225=DIRECTION('',(1.,0.,0.));
#4226=DIRECTION('',(0.,0.,-1.));
#4227=DIRECTION('',(0.,1.,0.));
#4228=DIRECTION('',(0.,1.,0.));
#4229=DIRECTION('',(0.,0.,1.));
#4230=DIRECTION('',(1.,0.,0.));
#4231=DIRECTION('',(0.,1.,0.));
#4232=DIRECTION('',(-1.,0.,0.));
#4233=DIRECTION('',(0.,0.,1.));
#4234=DIRECTION('',(0.,1.,0.));
#4235=DIRECTION('',(0.,0.,1.));
#4236=DIRECTION('',(1.,0.,0.));
#4237=DIRECTION('',(0.,1.,0.));
#4238=DIRECTION('',(0.,1.,0.));
#4239=DIRECTION('',(-1.,0.,0.));
#4240=DIRECTION('',(0.,0.,1.));
#4241=DIRECTION('',(0.,1.,0.));
#4242=DIRECTION('',(0.,0.,1.));
#4243=DIRECTION('',(1.,0.,0.));
#4244=DIRECTION('',(0.,1.,0.));
#4245=DIRECTION('',(0.,0.,1.));
#4246=DIRECTION('',(1.,0.,0.));
#4247=DIRECTION('',(0.,1.,0.));
#4248=DIRECTION('',(0.,1.,0.));
#4249=DIRECTION('',(-1.,0.,0.));
#4250=DIRECTION('',(0.,0.,1.));
#4251=DIRECTION('',(0.,1.,0.));
#4252=DIRECTION('',(0.,0.,1.));
#4253=DIRECTION('',(1.,0.,0.));
#4254=DIRECTION('',(0.,1.,0.));
#4255=DIRECTION('',(0.,0.,1.));
#4256=DIRECTION('',(1.,0.,0.));
#4257=DIRECTION('',(0.,1.,0.));
#4258=DIRECTION('',(0.,1.,0.));
#4259=DIRECTION('',(1.,0.,6.10878352787179E-17));
#4260=DIRECTION('',(6.10878352787179E-17,0.,-1.));
#4261=DIRECTION('',(0.,1.,0.));
#4262=DIRECTION('',(0.,0.,1.));
#4263=DIRECTION('',(1.,0.,0.));
#4264=DIRECTION('',(0.,1.,0.));
#4265=DIRECTION('',(0.,0.,1.));
#4266=DIRECTION('',(1.,0.,0.));
#4267=DIRECTION('',(0.,1.,0.));
#4268=DIRECTION('',(0.,1.,0.));
#4269=DIRECTION('',(-1.,0.,0.));
#4270=DIRECTION('',(0.,0.,1.));
#4271=DIRECTION('',(0.,1.,0.));
#4272=DIRECTION('',(0.,0.,1.));
#4273=DIRECTION('',(1.,0.,0.));
#4274=DIRECTION('',(0.,1.,0.));
#4275=DIRECTION('',(0.,0.,1.));
#4276=DIRECTION('',(1.,0.,0.));
#4277=DIRECTION('',(0.,1.,0.));
#4278=DIRECTION('',(0.,1.,0.));
#4279=DIRECTION('',(1.,0.,0.));
#4280=DIRECTION('',(0.,0.,-1.));
#4281=DIRECTION('',(0.,1.,0.));
#4282=DIRECTION('',(0.,0.,1.));
#4283=DIRECTION('',(1.,0.,0.));
#4284=DIRECTION('',(0.,1.,0.));
#4285=DIRECTION('',(1.,0.,0.));
#4286=DIRECTION('',(0.,0.,-1.));
#4287=DIRECTION('',(0.,1.,0.));
#4288=DIRECTION('',(0.,1.,0.));
#4289=DIRECTION('',(0.,0.,1.));
#4290=DIRECTION('',(1.,0.,0.));
#4291=DIRECTION('',(0.,1.,0.));
#4292=DIRECTION('',(1.,0.,0.));
#4293=DIRECTION('',(0.,0.,-1.));
#4294=DIRECTION('',(0.,1.,0.));
#4295=DIRECTION('',(1.,0.,0.));
#4296=DIRECTION('',(0.,0.,-1.));
#4297=DIRECTION('',(0.,1.,0.));
#4298=DIRECTION('',(0.,1.,0.));
#4299=DIRECTION('',(0.,0.,1.));
#4300=DIRECTION('',(1.,0.,0.));
#4301=DIRECTION('',(0.,1.,0.));
#4302=DIRECTION('',(1.,0.,0.));
#4303=DIRECTION('',(0.,0.,-1.));
#4304=DIRECTION('',(0.,1.,0.));
#4305=DIRECTION('',(1.,0.,0.));
#4306=DIRECTION('',(0.,0.,-1.));
#4307=DIRECTION('',(0.,1.,0.));
#4308=DIRECTION('',(0.,1.,0.));
#4309=DIRECTION('',(0.,0.,1.));
#4310=DIRECTION('',(1.,0.,0.));
#4311=DIRECTION('',(0.,1.,0.));
#4312=DIRECTION('',(1.,0.,0.));
#4313=DIRECTION('',(0.,0.,-1.));
#4314=DIRECTION('',(0.,1.,0.));
#4315=DIRECTION('',(1.,0.,0.));
#4316=DIRECTION('',(0.,0.,-1.));
#4317=DIRECTION('',(0.,1.,0.));
#4318=DIRECTION('',(0.,1.,0.));
#4319=DIRECTION('',(0.,0.,1.));
#4320=DIRECTION('',(1.,0.,0.));
#4321=DIRECTION('',(0.,1.,0.));
#4322=DIRECTION('',(1.,0.,0.));
#4323=DIRECTION('',(0.,0.,-1.));
#4324=DIRECTION('',(0.,1.,0.));
#4325=DIRECTION('',(1.,0.,0.));
#4326=DIRECTION('',(0.,0.,-1.));
#4327=DIRECTION('',(0.,1.,0.));
#4328=DIRECTION('',(0.,1.,0.));
#4329=DIRECTION('',(0.,0.,1.));
#4330=DIRECTION('',(1.,0.,0.));
#4331=DIRECTION('',(0.,1.,0.));
#4332=DIRECTION('',(1.,0.,0.));
#4333=DIRECTION('',(0.,0.,-1.));
#4334=DIRECTION('',(0.,1.,0.));
#4335=DIRECTION('',(1.,0.,0.));
#4336=DIRECTION('',(0.,0.,-1.));
#4337=DIRECTION('',(0.,1.,0.));
#4338=DIRECTION('',(0.,1.,0.));
#4339=DIRECTION('',(0.,0.,1.));
#4340=DIRECTION('',(1.,0.,0.));
#4341=DIRECTION('',(0.,1.,0.));
#4342=DIRECTION('',(1.,0.,0.));
#4343=DIRECTION('',(0.,0.,-1.));
#4344=DIRECTION('',(0.,1.,0.));
#4345=DIRECTION('',(1.,0.,0.));
#4346=DIRECTION('',(0.,0.,-1.));
#4347=DIRECTION('',(0.,1.,0.));
#4348=DIRECTION('',(0.,1.,0.));
#4349=DIRECTION('',(0.,0.,1.));
#4350=DIRECTION('',(1.,0.,0.));
#4351=DIRECTION('',(0.,1.,0.));
#4352=DIRECTION('',(1.,0.,0.));
#4353=DIRECTION('',(0.,0.,-1.));
#4354=DIRECTION('',(0.,1.,0.));
#4355=DIRECTION('',(1.,0.,0.));
#4356=DIRECTION('',(0.,0.,-1.));
#4357=DIRECTION('',(0.,1.,0.));
#4358=DIRECTION('',(0.,1.,0.));
#4359=DIRECTION('',(0.,0.,1.));
#4360=DIRECTION('',(1.,0.,0.));
#4361=DIRECTION('',(0.,1.,0.));
#4362=DIRECTION('',(1.,0.,0.));
#4363=DIRECTION('',(0.,0.,-1.));
#4364=DIRECTION('',(0.,1.,0.));
#4365=DIRECTION('',(1.,0.,0.));
#4366=DIRECTION('',(0.,0.,-1.));
#4367=DIRECTION('',(0.,1.,0.));
#4368=DIRECTION('',(0.,1.,0.));
#4369=DIRECTION('',(0.,0.,1.));
#4370=DIRECTION('',(1.,0.,0.));
#4371=DIRECTION('',(0.,1.,0.));
#4372=DIRECTION('',(1.,0.,0.));
#4373=DIRECTION('',(0.,0.,-1.));
#4374=DIRECTION('',(0.,1.,0.));
#4375=DIRECTION('',(1.,0.,0.));
#4376=DIRECTION('',(0.,0.,-1.));
#4377=DIRECTION('',(0.,1.,0.));
#4378=DIRECTION('',(0.,1.,0.));
#4379=DIRECTION('',(0.,0.,1.));
#4380=DIRECTION('',(1.,0.,0.));
#4381=DIRECTION('',(0.,1.,0.));
#4382=DIRECTION('',(1.,0.,0.));
#4383=DIRECTION('',(0.,0.,-1.));
#4384=DIRECTION('',(0.,1.,0.));
#4385=DIRECTION('',(1.,0.,0.));
#4386=DIRECTION('',(0.,0.,-1.));
#4387=DIRECTION('',(0.,1.,0.));
#4388=DIRECTION('',(0.,1.,0.));
#4389=DIRECTION('',(0.,0.,1.));
#4390=DIRECTION('',(1.,0.,0.));
#4391=DIRECTION('',(0.,1.,0.));
#4392=DIRECTION('',(1.,0.,0.));
#4393=DIRECTION('',(0.,0.,-1.));
#4394=DIRECTION('',(0.,1.,0.));
#4395=DIRECTION('',(1.,0.,0.));
#4396=DIRECTION('',(0.,0.,-1.));
#4397=DIRECTION('',(0.,1.,0.));
#4398=DIRECTION('',(0.,1.,0.));
#4399=DIRECTION('',(0.,0.,1.));
#4400=DIRECTION('',(1.,0.,0.));
#4401=DIRECTION('',(0.,1.,0.));
#4402=DIRECTION('',(1.,0.,0.));
#4403=DIRECTION('',(0.,0.,-1.));
#4404=DIRECTION('',(0.,1.,0.));
#4405=DIRECTION('',(1.,0.,0.));
#4406=DIRECTION('',(0.,0.,-1.));
#4407=DIRECTION('',(0.,1.,0.));
#4408=DIRECTION('',(0.,1.,0.));
#4409=DIRECTION('',(0.,0.,1.));
#4410=DIRECTION('',(1.,0.,0.));
#4411=DIRECTION('',(0.,1.,0.));
#4412=DIRECTION('',(1.,0.,0.));
#4413=DIRECTION('',(0.,0.,-1.));
#4414=DIRECTION('',(0.,1.,0.));
#4415=DIRECTION('',(1.,0.,0.));
#4416=DIRECTION('',(0.,0.,-1.));
#4417=DIRECTION('',(0.,1.,0.));
#4418=DIRECTION('',(0.,1.,0.));
#4419=DIRECTION('',(0.,0.,1.));
#4420=DIRECTION('',(1.,0.,0.));
#4421=DIRECTION('',(0.,1.,0.));
#4422=DIRECTION('',(1.,0.,0.));
#4423=DIRECTION('',(0.,0.,-1.));
#4424=DIRECTION('',(0.,1.,0.));
#4425=DIRECTION('',(1.,0.,0.));
#4426=DIRECTION('',(0.,0.,-1.));
#4427=DIRECTION('',(0.,1.,0.));
#4428=DIRECTION('',(0.,1.,0.));
#4429=DIRECTION('',(0.,0.,1.));
#4430=DIRECTION('',(1.,0.,0.));
#4431=DIRECTION('',(0.,1.,0.));
#4432=DIRECTION('',(1.,0.,0.));
#4433=DIRECTION('',(0.,0.,-1.));
#4434=DIRECTION('',(0.,1.,0.));
#4435=DIRECTION('',(0.,0.,-1.));
#4436=DIRECTION('',(-1.,0.,0.));
#4437=DIRECTION('',(0.,1.,0.));
#4438=DIRECTION('',(0.,1.,0.));
#4439=DIRECTION('',(1.,0.,0.));
#4440=DIRECTION('',(0.,0.,-1.));
#4441=DIRECTION('',(0.,1.,0.));
#4442=DIRECTION('',(-2.87986004780383E-16,0.,1.));
#4443=DIRECTION('',(1.,0.,2.87986004780383E-16));
#4444=DIRECTION('',(0.,1.,0.));
#4445=DIRECTION('',(1.,0.,4.12381913319373E-16));
#4446=DIRECTION('',(0.,1.,0.));
#4447=DIRECTION('',(-1.,0.,0.));
#4448=DIRECTION('',(0.,0.,1.));
#4449=DIRECTION('',(-1.,0.,0.));
#4450=DIRECTION('',(0.,0.,1.));
#4451=DIRECTION('',(-1.,0.,0.));
#4452=DIRECTION('',(0.,0.,1.));
#4453=DIRECTION('',(-1.,0.,0.));
#4454=DIRECTION('',(0.,0.,1.));
#4455=DIRECTION('',(-1.,0.,-1.23278339064272E-16));
#4456=DIRECTION('',(-1.23278339064272E-16,0.,1.));
#4457=DIRECTION('',(-1.,0.,-2.46556678128544E-16));
#4458=DIRECTION('',(-2.46556678128544E-16,0.,1.));
#4459=DIRECTION('',(-2.44351341114872E-16,0.,1.));
#4460=DIRECTION('',(1.,0.,2.44351341114872E-16));
#4461=DIRECTION('',(-2.44351341114872E-16,0.,1.));
#4462=DIRECTION('',(1.,0.,2.44351341114872E-16));
#4463=DIRECTION('',(-1.,0.,-1.79501799928846E-16));
#4464=DIRECTION('',(-1.79501799928846E-16,0.,1.));
#4465=DIRECTION('',(-1.,0.,-2.46556678128544E-16));
#4466=DIRECTION('',(-2.46556678128544E-16,0.,1.));
#4467=DIRECTION('',(-1.,0.,-2.44351341114872E-16));
#4468=DIRECTION('',(-2.44351341114872E-16,0.,1.));
#4469=DIRECTION('',(-1.,0.,-1.83263505836153E-16));
#4470=DIRECTION('',(-1.83263505836153E-16,0.,1.));
#4471=DIRECTION('',(1.,0.,0.));
#4472=DIRECTION('',(0.,0.,-1.));
#4473=DIRECTION('',(0.,0.,1.));
#4474=DIRECTION('',(1.,0.,0.));
#4475=DIRECTION('',(0.,0.,1.));
#4476=DIRECTION('',(1.,0.,0.));
#4477=DIRECTION('',(0.,0.,1.));
#4478=DIRECTION('',(1.,0.,0.));
#4479=DIRECTION('',(0.,0.,1.));
#4480=DIRECTION('',(1.,0.,0.));
#4481=DIRECTION('',(0.,0.,1.));
#4482=DIRECTION('',(1.,0.,0.));
#4483=DIRECTION('',(0.,0.,1.));
#4484=DIRECTION('',(1.,0.,0.));
#4485=DIRECTION('',(0.,0.,1.));
#4486=DIRECTION('',(1.,0.,0.));
#4487=DIRECTION('',(0.,0.,1.));
#4488=DIRECTION('',(1.,0.,0.));
#4489=DIRECTION('',(0.,0.,1.));
#4490=DIRECTION('',(1.,0.,0.));
#4491=DIRECTION('',(0.,0.,1.));
#4492=DIRECTION('',(1.,0.,0.));
#4493=DIRECTION('',(0.,0.,-1.));
#4494=DIRECTION('',(-1.,0.,0.));
#4495=DIRECTION('',(0.,0.,-1.));
#4496=DIRECTION('',(-1.,0.,0.));
#4497=DIRECTION('',(0.,0.,1.));
#4498=DIRECTION('',(1.,0.,0.));
#4499=DIRECTION('',(0.,0.,1.));
#4500=DIRECTION('',(1.,0.,0.));
#4501=DIRECTION('',(0.,0.,1.));
#4502=DIRECTION('',(1.,0.,0.));
#4503=DIRECTION('',(-1.,0.,0.));
#4504=DIRECTION('',(0.,0.,1.));
#4505=DIRECTION('',(0.,0.,1.));
#4506=DIRECTION('',(1.,0.,0.));
#4507=DIRECTION('',(0.,1.,0.));
#4508=DIRECTION('',(0.,0.,1.));
#4509=DIRECTION('',(0.,1.,0.));
#4510=DIRECTION('',(0.,0.,1.));
#4511=DIRECTION('',(0.,1.,0.));
#4512=DIRECTION('',(0.,0.,1.));
#4513=DIRECTION('',(0.,1.,0.));
#4514=DIRECTION('',(0.,0.,1.));
#4515=DIRECTION('',(0.,1.,0.));
#4516=DIRECTION('',(0.,0.,1.));
#4517=DIRECTION('',(0.,1.,0.));
#4518=DIRECTION('',(0.,0.,1.));
#4519=DIRECTION('',(0.,1.,0.));
#4520=DIRECTION('',(0.,0.,1.));
#4521=DIRECTION('',(0.,1.,0.));
#4522=DIRECTION('',(0.,0.,1.));
#4523=DIRECTION('',(0.,1.,0.));
#4524=DIRECTION('',(0.,0.,1.));
#4525=DIRECTION('',(0.,1.,0.));
#4526=DIRECTION('',(0.,0.,1.));
#4527=DIRECTION('',(0.,1.,0.));
#4528=DIRECTION('',(0.,0.,1.));
#4529=DIRECTION('',(0.,1.,0.));
#4530=DIRECTION('',(0.,0.,1.));
#4531=DIRECTION('',(0.,1.,0.));
#4532=DIRECTION('',(0.,0.,1.));
#4533=DIRECTION('',(0.,1.,0.));
#4534=DIRECTION('',(0.,0.,1.));
#4535=DIRECTION('',(0.,1.,0.));
#4536=DIRECTION('',(0.,0.,1.));
#4537=DIRECTION('',(0.,1.,0.));
#4538=DIRECTION('',(0.,0.,1.));
#4539=DIRECTION('',(0.,1.,0.));
#4540=DIRECTION('',(0.,0.,1.));
#4541=DIRECTION('',(0.,1.,0.));
#4542=DIRECTION('',(0.,0.,1.));
#4543=DIRECTION('',(0.,0.,1.));
#4544=DIRECTION('',(1.,0.,0.));
#4545=DIRECTION('',(0.,1.,0.));
#4546=DIRECTION('',(1.,0.,0.));
#4547=DIRECTION('',(0.,1.,0.));
#4548=DIRECTION('',(-1.,0.,-4.96473596939165E-16));
#4549=DIRECTION('',(-4.96473596939165E-16,0.,1.));
#4550=DIRECTION('',(-4.96473596939165E-16,0.,1.));
#4551=DIRECTION('',(1.,0.,0.));
#4552=DIRECTION('',(0.,0.,-1.));
#4553=DIRECTION('',(0.,1.,0.));
#4554=DIRECTION('',(0.,0.,-1.));
#4555=DIRECTION('',(0.,0.,1.));
#4556=DIRECTION('',(1.,0.,0.));
#4557=DIRECTION('',(0.,1.,0.));
#4558=DIRECTION('',(1.,0.,0.));
#4559=DIRECTION('',(1.,0.,0.));
#4560=DIRECTION('',(0.,0.,-1.));
#4561=DIRECTION('',(0.,0.,-1.));
#4562=DIRECTION('',(-1.,0.,0.));
#4563=DIRECTION('',(0.,0.,1.));
#4564=DIRECTION('',(0.,0.,1.));
#4565=DIRECTION('',(0.,-1.,0.));
#4566=DIRECTION('',(1.,0.,0.));
#4567=CARTESIAN_POINT('',(0.,0.,0.));
#4568=CARTESIAN_POINT('',(0.0460069432221626,-0.003,0.0559054414710999));
#4569=CARTESIAN_POINT('',(0.0222891212081194,-0.007,0.0559054414710999));
#4570=CARTESIAN_POINT('',(0.0222891212081194,-0.007,0.0559054414710999));
#4571=CARTESIAN_POINT('',(0.0222891212081194,0.,0.0559054414710999));
#4572=CARTESIAN_POINT('',(0.0460069432221626,0.,0.0559054414710999));
#4573=CARTESIAN_POINT('',(-0.0813522370310278,0.,0.0559054414710998));
#4574=CARTESIAN_POINT('',(-0.0813522370310278,-0.003,0.0559054414710998));
#4575=CARTESIAN_POINT('',(-0.0813522370310278,-0.003,0.0559054414710998));
#4576=CARTESIAN_POINT('',(0.0460069432221626,-0.003,0.0559054414710999));
#4577=CARTESIAN_POINT('',(0.0194886646322575,-0.003,0.0559054414710999));
#4578=CARTESIAN_POINT('',(0.0194886646322575,-0.007,0.0559054414710999));
#4579=CARTESIAN_POINT('',(0.0194886646322575,-0.007,0.0559054414710999));
#4580=CARTESIAN_POINT('',(0.0208888929201884,-0.007,0.0559054414710999));
#4581=CARTESIAN_POINT('',(0.0448709463252797,0.,0.0154283017929197));
#4582=CARTESIAN_POINT('',(-0.0768032370310278,0.,0.0441194414710998));
#4583=CARTESIAN_POINT('',(-0.0768032370310278,0.,0.0511594414710999));
#4584=CARTESIAN_POINT('',(-0.0768032370310278,0.,0.0370794414710998));
#4585=CARTESIAN_POINT('',(-0.0697032370310278,0.,0.0370794414710998));
#4586=CARTESIAN_POINT('',(-0.0626032370310278,0.,0.0370794414710998));
#4587=CARTESIAN_POINT('',(-0.0626032370310278,0.,0.0441194414710998));
#4588=CARTESIAN_POINT('',(-0.0626032370310278,0.,0.0511594414710998));
#4589=CARTESIAN_POINT('',(-0.0697032370310278,0.,0.0511594414710999));
#4590=CARTESIAN_POINT('',(-0.0768032370310278,0.,0.0251936414710998));
#4591=CARTESIAN_POINT('',(-0.0768032370310278,0.,0.0322294414710998));
#4592=CARTESIAN_POINT('',(-0.0768032370310278,0.,0.0181578414710998));
#4593=CARTESIAN_POINT('',(-0.0697039370310278,0.,0.0181578414710998));
#4594=CARTESIAN_POINT('',(-0.0626046370310278,0.,0.0181578414710998));
#4595=CARTESIAN_POINT('',(-0.0626046370310278,0.,0.0251936414710998));
#4596=CARTESIAN_POINT('',(-0.0626046370310278,0.,0.0322294414710998));
#4597=CARTESIAN_POINT('',(-0.0697039370310278,0.,0.0322294414710998));
#4598=CARTESIAN_POINT('',(0.0753518719753365,0.,0.0441236414710998));
#4599=CARTESIAN_POINT('',(0.0753518719753365,0.,0.0511594414710998));
#4600=CARTESIAN_POINT('',(0.0753518719753365,0.,0.0370878414710998));
#4601=CARTESIAN_POINT('',(0.0824511719753365,0.,0.0370878414710998));
#4602=CARTESIAN_POINT('',(0.0895504719753365,0.,0.0370878414710998));
#4603=CARTESIAN_POINT('',(0.0895504719753365,0.,0.0441236414710998));
#4604=CARTESIAN_POINT('',(0.0895504719753365,0.,0.0511594414710998));
#4605=CARTESIAN_POINT('',(0.0824511719753365,0.,0.0511594414710998));
#4606=CARTESIAN_POINT('',(0.0753518719753365,0.,0.0252006414710999));
#4607=CARTESIAN_POINT('',(0.0753518719753365,0.,0.0322364414710999));
#4608=CARTESIAN_POINT('',(0.0753518719753365,0.,0.0181648414710998));
#4609=CARTESIAN_POINT('',(0.0824511719753365,0.,0.0181648414710998));
#4610=CARTESIAN_POINT('',(0.0895504719753365,0.,0.0181648414710998));
#4611=CARTESIAN_POINT('',(0.0895504719753365,0.,0.0252006414710999));
#4612=CARTESIAN_POINT('',(0.0895504719753365,0.,0.0322364414710999));
#4613=CARTESIAN_POINT('',(0.0824511719753365,0.,0.0322364414710999));
#4614=CARTESIAN_POINT('',(0.0753518719753365,0.,0.00627204147109979));
#4615=CARTESIAN_POINT('',(0.0753518719753365,0.,0.0133078414710998));
#4616=CARTESIAN_POINT('',(0.0753518719753365,0.,-0.000763758528900211));
#4617=CARTESIAN_POINT('',(0.0824511719753365,0.,-0.000763758528900211));
#4618=CARTESIAN_POINT('',(0.0895504719753365,0.,-0.000763758528900211));
#4619=CARTESIAN_POINT('',(0.0895504719753365,0.,0.00627204147109979));
#4620=CARTESIAN_POINT('',(0.0895504719753365,0.,0.0133078414710998));
#4621=CARTESIAN_POINT('',(0.0824511719753365,0.,0.0133078414710998));
#4622=CARTESIAN_POINT('',(0.0939610899018049,0.,0.0441236414710998));
#4623=CARTESIAN_POINT('',(0.0939610899018049,0.,0.0511594414710998));
#4624=CARTESIAN_POINT('',(0.0939610899018049,0.,0.0370878414710998));
#4625=CARTESIAN_POINT('',(0.101060389901805,0.,0.0370878414710998));
#4626=CARTESIAN_POINT('',(0.108159689901805,0.,0.0370878414710998));
#4627=CARTESIAN_POINT('',(0.108159689901805,0.,0.0441236414710998));
#4628=CARTESIAN_POINT('',(0.108159689901805,0.,0.0511594414710998));
#4629=CARTESIAN_POINT('',(0.101060389901805,0.,0.0511594414710998));
#4630=CARTESIAN_POINT('',(0.112889689901805,0.,0.0441236414710998));
#4631=CARTESIAN_POINT('',(0.112889689901805,0.,0.0511594414710998));
#4632=CARTESIAN_POINT('',(0.112889689901805,0.,0.0370878414710998));
#4633=CARTESIAN_POINT('',(0.119988989901805,0.,0.0370878414710998));
#4634=CARTESIAN_POINT('',(0.127088289901805,0.,0.0370878414710998));
#4635=CARTESIAN_POINT('',(0.127088289901805,0.,0.0441236414710998));
#4636=CARTESIAN_POINT('',(0.127088289901805,0.,0.0511594414710998));
#4637=CARTESIAN_POINT('',(0.119988989901805,0.,0.0511594414710998));
#4638=CARTESIAN_POINT('',(0.131818289901805,0.,0.0441236414710998));
#4639=CARTESIAN_POINT('',(0.131818289901805,0.,0.0511594414710998));
#4640=CARTESIAN_POINT('',(0.131818289901805,0.,0.0370878414710998));
#4641=CARTESIAN_POINT('',(0.138917589901805,0.,0.0370878414710998));
#4642=CARTESIAN_POINT('',(0.146016889901805,0.,0.0370878414710998));
#4643=CARTESIAN_POINT('',(0.146016889901805,0.,0.0441236414710998));
#4644=CARTESIAN_POINT('',(0.146016889901805,0.,0.0511594414710998));
#4645=CARTESIAN_POINT('',(0.138917589901805,0.,0.0511594414710998));
#4646=CARTESIAN_POINT('',(0.150746889901805,0.,0.0441391244530678));
#4647=CARTESIAN_POINT('',(0.150746889901805,0.,0.0511749244530678));
#4648=CARTESIAN_POINT('',(0.150746889901805,0.,0.0371033244530678));
#4649=CARTESIAN_POINT('',(0.157846189901805,0.,0.0371033244530678));
#4650=CARTESIAN_POINT('',(0.164945489901805,0.,0.0371033244530678));
#4651=CARTESIAN_POINT('',(0.164945489901805,0.,0.0441391244530678));
#4652=CARTESIAN_POINT('',(0.164945489901805,0.,0.0511749244530678));
#4653=CARTESIAN_POINT('',(0.157846189901805,0.,0.0511749244530678));
#4654=CARTESIAN_POINT('',(0.0939610899018049,0.,0.00627204147109979));
#4655=CARTESIAN_POINT('',(0.0939610899018049,0.,0.0133078414710998));
#4656=CARTESIAN_POINT('',(0.0939610899018049,0.,-0.00076375852890021));
#4657=CARTESIAN_POINT('',(0.101060389901805,0.,-0.00076375852890021));
#4658=CARTESIAN_POINT('',(0.108159689901805,0.,-0.00076375852890021));
#4659=CARTESIAN_POINT('',(0.108159689901805,0.,0.00627204147109979));
#4660=CARTESIAN_POINT('',(0.108159689901805,0.,0.0133078414710998));
#4661=CARTESIAN_POINT('',(0.101060389901805,0.,0.0133078414710998));
#4662=CARTESIAN_POINT('',(0.112889689901805,0.,0.0252241604030133));
#4663=CARTESIAN_POINT('',(0.112889689901805,0.,0.0322599604030133));
#4664=CARTESIAN_POINT('',(0.112889689901805,0.,0.0181883604030132));
#4665=CARTESIAN_POINT('',(0.119988989901805,0.,0.0181883604030132));
#4666=CARTESIAN_POINT('',(0.127088289901805,0.,0.0181883604030132));
#4667=CARTESIAN_POINT('',(0.127088289901805,0.,0.0252241604030133));
#4668=CARTESIAN_POINT('',(0.127088289901805,0.,0.0322599604030133));
#4669=CARTESIAN_POINT('',(0.119988989901805,0.,0.0322599604030133));
#4670=CARTESIAN_POINT('',(0.131818289901805,0.,0.0252241604030133));
#4671=CARTESIAN_POINT('',(0.131818289901805,0.,0.0322599604030133));
#4672=CARTESIAN_POINT('',(0.131818289901805,0.,0.0181883604030132));
#4673=CARTESIAN_POINT('',(0.138917589901805,0.,0.0181883604030132));
#4674=CARTESIAN_POINT('',(0.146016889901805,0.,0.0181883604030132));
#4675=CARTESIAN_POINT('',(0.146016889901805,0.,0.0252241604030133));
#4676=CARTESIAN_POINT('',(0.146016889901805,0.,0.0322599604030133));
#4677=CARTESIAN_POINT('',(0.138917589901805,0.,0.0322599604030133));
#4678=CARTESIAN_POINT('',(0.150746889901805,0.,0.0252241604030133));
#4679=CARTESIAN_POINT('',(0.150746889901805,0.,0.0322599604030133));
#4680=CARTESIAN_POINT('',(0.150746889901805,0.,0.0181883604030132));
#4681=CARTESIAN_POINT('',(0.157846189901805,0.,0.0181883604030132));
#4682=CARTESIAN_POINT('',(0.164945489901805,0.,0.0181883604030132));
#4683=CARTESIAN_POINT('',(0.164945489901805,0.,0.0252241604030133));
#4684=CARTESIAN_POINT('',(0.164945489901805,0.,0.0322599604030133));
#4685=CARTESIAN_POINT('',(0.157846189901805,0.,0.0322599604030133));
#4686=CARTESIAN_POINT('',(0.112913035479259,0.,0.00627204147109979));
#4687=CARTESIAN_POINT('',(0.112913035479259,0.,0.0133078414710998));
#4688=CARTESIAN_POINT('',(0.112913035479259,0.,-0.00076375852890021));
#4689=CARTESIAN_POINT('',(0.120012335479259,0.,-0.00076375852890021));
#4690=CARTESIAN_POINT('',(0.127111635479259,0.,-0.00076375852890021));
#4691=CARTESIAN_POINT('',(0.127111635479259,0.,0.00627204147109979));
#4692=CARTESIAN_POINT('',(0.127111635479259,0.,0.0133078414710998));
#4693=CARTESIAN_POINT('',(0.120012335479259,0.,0.0133078414710998));
#4694=CARTESIAN_POINT('',(0.131841635479259,0.,0.00627204147109979));
#4695=CARTESIAN_POINT('',(0.131841635479259,0.,0.0133078414710998));
#4696=CARTESIAN_POINT('',(0.131841635479259,0.,-0.00076375852890021));
#4697=CARTESIAN_POINT('',(0.138940935479259,0.,-0.00076375852890021));
#4698=CARTESIAN_POINT('',(0.146040235479259,0.,-0.00076375852890021));
#4699=CARTESIAN_POINT('',(0.146040235479259,0.,0.00627204147109979));
#4700=CARTESIAN_POINT('',(0.146040235479259,0.,0.0133078414710998));
#4701=CARTESIAN_POINT('',(0.138940935479259,0.,0.0133078414710998));
#4702=CARTESIAN_POINT('',(0.101060389901805,0.,0.0181883604030132));
#4703=CARTESIAN_POINT('',(0.0939610899018049,0.,0.0181883604030132));
#4704=CARTESIAN_POINT('',(0.108159689901805,0.,0.0181883604030132));
#4705=CARTESIAN_POINT('',(0.108159689901805,0.,0.0252876604030132));
#4706=CARTESIAN_POINT('',(0.108159689901805,0.,0.0323869604030132));
#4707=CARTESIAN_POINT('',(0.101060389901805,0.,0.0323869604030132));
#4708=CARTESIAN_POINT('',(0.0939610899018049,0.,0.0323869604030132));
#4709=CARTESIAN_POINT('',(0.0939610899018049,0.,0.0252876604030132));
#4710=CARTESIAN_POINT('',(-0.0128844100981951,0.,0.0181883604030132));
#4711=CARTESIAN_POINT('',(-0.0199837100981951,0.,0.0181883604030132));
#4712=CARTESIAN_POINT('',(-0.00578511009819507,0.,0.0181883604030132));
#4713=CARTESIAN_POINT('',(-0.00578511009819507,0.,0.0252876604030132));
#4714=CARTESIAN_POINT('',(-0.00578511009819507,0.,0.0323869604030132));
#4715=CARTESIAN_POINT('',(-0.0128844100981951,0.,0.0323869604030132));
#4716=CARTESIAN_POINT('',(-0.0199837100981951,0.,0.0323869604030132));
#4717=CARTESIAN_POINT('',(-0.0199837100981951,0.,0.0252876604030132));
#4718=CARTESIAN_POINT('',(0.00598068990180493,0.,0.0181648414710998));
#4719=CARTESIAN_POINT('',(-0.00105511009819507,0.,0.0181648414710998));
#4720=CARTESIAN_POINT('',(0.0130164899018049,0.,0.0181648414710998));
#4721=CARTESIAN_POINT('',(0.0130164899018049,0.,0.0252641414710998));
#4722=CARTESIAN_POINT('',(0.0130164899018049,0.,0.0323634414710998));
#4723=CARTESIAN_POINT('',(0.00598068990180493,0.,0.0323634414710998));
#4724=CARTESIAN_POINT('',(-0.00105511009819508,0.,0.0323634414710998));
#4725=CARTESIAN_POINT('',(-0.00105511009819508,0.,0.0252641414710998));
#4726=CARTESIAN_POINT('',(0.00604418990180493,0.,-0.000763758528900211));
#4727=CARTESIAN_POINT('',(-0.00105511009819507,0.,-0.000763758528900211));
#4728=CARTESIAN_POINT('',(0.0131434899018049,0.,-0.000763758528900204));
#4729=CARTESIAN_POINT('',(0.0131434899018049,0.,0.00627204147109979));
#4730=CARTESIAN_POINT('',(0.0131434899018049,0.,0.0133078414710998));
#4731=CARTESIAN_POINT('',(0.00604418990180493,0.,0.0133078414710998));
#4732=CARTESIAN_POINT('',(-0.00105511009819507,0.,0.0133078414710998));
#4733=CARTESIAN_POINT('',(-0.00105511009819507,0.,0.00627204147109979));
#4734=CARTESIAN_POINT('',(-0.0128612115430433,0.,-0.000763758528900211));
#4735=CARTESIAN_POINT('',(-0.0199837100981951,0.,-0.000763758528900211));
#4736=CARTESIAN_POINT('',(-0.00573871298789151,0.,-0.000763758528900211));
#4737=CARTESIAN_POINT('',(-0.00573871298789152,0.,0.00648431701963652));
#4738=CARTESIAN_POINT('',(-0.00573871298789152,0.,0.0137323925681732));
#4739=CARTESIAN_POINT('',(-0.0128612115430433,0.,0.0137323925681732));
#4740=CARTESIAN_POINT('',(-0.0199837100981951,0.,0.0137323925681732));
#4741=CARTESIAN_POINT('',(-0.0199837100981951,0.,0.00648431701963652));
#4742=CARTESIAN_POINT('',(-0.038996047648716,0.,0.00627204147109979));
#4743=CARTESIAN_POINT('',(-0.038996047648716,0.,0.0133078414710998));
#4744=CARTESIAN_POINT('',(-0.038996047648716,0.,-0.000763758528900206));
#4745=CARTESIAN_POINT('',(-0.031896747648716,0.,-0.000763758528900205));
#4746=CARTESIAN_POINT('',(-0.024797447648716,0.,-0.000763758528900203));
#4747=CARTESIAN_POINT('',(-0.024797447648716,0.,0.0062720414710998));
#4748=CARTESIAN_POINT('',(-0.024797447648716,0.,0.0133078414710998));
#4749=CARTESIAN_POINT('',(-0.031896747648716,0.,0.0133078414710998));
#4750=CARTESIAN_POINT('',(-0.0578732370310278,0.,0.00627204147109979));
#4751=CARTESIAN_POINT('',(-0.0578732370310278,0.,0.0133078414710998));
#4752=CARTESIAN_POINT('',(-0.0578732370310278,0.,-0.00076375852890021));
#4753=CARTESIAN_POINT('',(-0.0507739370310278,0.,-0.000763758528900208));
#4754=CARTESIAN_POINT('',(-0.0436746370310278,0.,-0.000763758528900206));
#4755=CARTESIAN_POINT('',(-0.0436746370310278,0.,0.00627204147109979));
#4756=CARTESIAN_POINT('',(-0.0436746370310278,0.,0.0133078414710998));
#4757=CARTESIAN_POINT('',(-0.0507739370310278,0.,0.0133078414710998));
#4758=CARTESIAN_POINT('',(0.00604418990180493,0.,0.0370794414710998));
#4759=CARTESIAN_POINT('',(-0.00105511009819507,0.,0.0370794414710998));
#4760=CARTESIAN_POINT('',(0.0131434899018049,0.,0.0370794414710998));
#4761=CARTESIAN_POINT('',(0.0131434899018049,0.,0.0441152414710998));
#4762=CARTESIAN_POINT('',(0.0131434899018049,0.,0.0511510414710998));
#4763=CARTESIAN_POINT('',(0.00604418990180493,0.,0.0511510414710998));
#4764=CARTESIAN_POINT('',(-0.00105511009819507,0.,0.0511510414710998));
#4765=CARTESIAN_POINT('',(-0.00105511009819507,0.,0.0441152414710998));
#4766=CARTESIAN_POINT('',(-0.0128844100981951,0.,0.0370794414710998));
#4767=CARTESIAN_POINT('',(-0.0199837100981951,0.,0.0370794414710998));
#4768=CARTESIAN_POINT('',(-0.00578511009819507,0.,0.0370794414710998));
#4769=CARTESIAN_POINT('',(-0.00578511009819507,0.,0.0441152414710998));
#4770=CARTESIAN_POINT('',(-0.00578511009819507,0.,0.0511510414710998));
#4771=CARTESIAN_POINT('',(-0.0128844100981951,0.,0.0511510414710998));
#4772=CARTESIAN_POINT('',(-0.0199837100981951,0.,0.0511510414710998));
#4773=CARTESIAN_POINT('',(-0.0199837100981951,0.,0.0441152414710998));
#4774=CARTESIAN_POINT('',(-0.0318453370310278,0.,0.0181648414710998));
#4775=CARTESIAN_POINT('',(-0.0389446370310277,0.,0.0181648414710998));
#4776=CARTESIAN_POINT('',(-0.0247460370310277,0.,0.0181648414710998));
#4777=CARTESIAN_POINT('',(-0.0247460370310277,0.,0.0252006414710998));
#4778=CARTESIAN_POINT('',(-0.0247460370310277,0.,0.0322364414710999));
#4779=CARTESIAN_POINT('',(-0.0318453370310278,0.,0.0322364414710999));
#4780=CARTESIAN_POINT('',(-0.0389446370310277,0.,0.0322364414710999));
#4781=CARTESIAN_POINT('',(-0.0389446370310277,0.,0.0252006414710998));
#4782=CARTESIAN_POINT('',(-0.0318453370310278,0.,0.0370794414710998));
#4783=CARTESIAN_POINT('',(-0.0389446370310277,0.,0.0370794414710998));
#4784=CARTESIAN_POINT('',(-0.0247460370310277,0.,0.0370794414710998));
#4785=CARTESIAN_POINT('',(-0.0247460370310277,0.,0.0441152414710998));
#4786=CARTESIAN_POINT('',(-0.0247460370310277,0.,0.0511510414710998));
#4787=CARTESIAN_POINT('',(-0.0318453370310278,0.,0.0511510414710998));
#4788=CARTESIAN_POINT('',(-0.0389446370310277,0.,0.0511510414710998));
#4789=CARTESIAN_POINT('',(-0.0389446370310277,0.,0.0441152414710998));
#4790=CARTESIAN_POINT('',(-0.0507739370310278,0.,0.0181578414710998));
#4791=CARTESIAN_POINT('',(-0.0578732370310278,0.,0.0181578414710998));
#4792=CARTESIAN_POINT('',(-0.0436746370310278,0.,0.0181578414710998));
#4793=CARTESIAN_POINT('',(-0.0436746370310278,0.,0.0251936414710998));
#4794=CARTESIAN_POINT('',(-0.0436746370310278,0.,0.0322294414710998));
#4795=CARTESIAN_POINT('',(-0.0507739370310278,0.,0.0322294414710998));
#4796=CARTESIAN_POINT('',(-0.0578732370310278,0.,0.0322294414710998));
#4797=CARTESIAN_POINT('',(-0.0578732370310278,0.,0.0251936414710998));
#4798=CARTESIAN_POINT('',(-0.0507739370310278,0.,0.0370794414710998));
#4799=CARTESIAN_POINT('',(-0.0578732370310278,0.,0.0370794414710998));
#4800=CARTESIAN_POINT('',(-0.0436746370310278,0.,0.0370794414710998));
#4801=CARTESIAN_POINT('',(-0.0436746370310278,0.,0.0441152414710998));
#4802=CARTESIAN_POINT('',(-0.0436746370310278,0.,0.0511510414710998));
#4803=CARTESIAN_POINT('',(-0.0507739370310278,0.,0.0511510414710998));
#4804=CARTESIAN_POINT('',(-0.0578732370310278,0.,0.0511510414710998));
#4805=CARTESIAN_POINT('',(-0.0578732370310278,0.,0.0441152414710998));
#4806=CARTESIAN_POINT('',(0.036917889901805,0.,-0.00837633698084354));
#4807=CARTESIAN_POINT('',(0.036917889901805,0.,-0.00573791198084354));
#4808=CARTESIAN_POINT('',(0.036917889901805,0.,-0.0110147619808435));
#4809=CARTESIAN_POINT('',(0.0138633334564118,0.,-0.0110147619808435));
#4810=CARTESIAN_POINT('',(-0.0091912229889814,0.,-0.0110147619808435));
#4811=CARTESIAN_POINT('',(-0.0091912229889814,0.,-0.00758457220458525));
#4812=CARTESIAN_POINT('',(-0.0091912229889814,0.,-0.00415438242832695));
#4813=CARTESIAN_POINT('',(-0.0127929073162502,0.,-0.00415438242832695));
#4814=CARTESIAN_POINT('',(-0.0163945916435191,0.,-0.00415438242832695));
#4815=CARTESIAN_POINT('',(-0.0163945916435191,0.,-0.0140393969684492));
#4816=CARTESIAN_POINT('',(-0.0163945916435191,0.,-0.0239244115085714));
#4817=CARTESIAN_POINT('',(-0.0127929073162502,0.,-0.0239244115085714));
#4818=CARTESIAN_POINT('',(-0.0091912229889814,0.,-0.0239244115085714));
#4819=CARTESIAN_POINT('',(-0.0091912229889814,0.,-0.0192285367447074));
#4820=CARTESIAN_POINT('',(-0.0091912229889814,0.,-0.0145326619808435));
#4821=CARTESIAN_POINT('',(0.0138633334564118,0.,-0.0145326619808435));
#4822=CARTESIAN_POINT('',(0.036917889901805,0.,-0.0145326619808435));
#4823=CARTESIAN_POINT('',(0.036917889901805,0.,-0.0171710869808436));
#4824=CARTESIAN_POINT('',(0.036917889901805,0.,-0.0198095119808436));
#4825=CARTESIAN_POINT('',(0.044017189901805,0.,-0.0198095119808436));
#4826=CARTESIAN_POINT('',(0.0511164899018049,0.,-0.0198095119808436));
#4827=CARTESIAN_POINT('',(0.0511164899018049,0.,-0.0171710869808436));
#4828=CARTESIAN_POINT('',(0.0511164899018049,0.,-0.0145326619808435));
#4829=CARTESIAN_POINT('',(0.0744183812460422,0.,-0.0145326619808435));
#4830=CARTESIAN_POINT('',(0.0977202725902795,0.,-0.0145326619808435));
#4831=CARTESIAN_POINT('',(0.0977202725902795,0.,-0.0192285367447074));
#4832=CARTESIAN_POINT('',(0.0977202725902795,0.,-0.0239244115085714));
#4833=CARTESIAN_POINT('',(0.101321956917548,0.,-0.0239244115085714));
#4834=CARTESIAN_POINT('',(0.104923641244817,0.,-0.0239244115085714));
#4835=CARTESIAN_POINT('',(0.104923641244817,0.,-0.0140393969684492));
#4836=CARTESIAN_POINT('',(0.104923641244817,0.,-0.00415438242832695));
#4837=CARTESIAN_POINT('',(0.101321956917548,0.,-0.00415438242832695));
#4838=CARTESIAN_POINT('',(0.0977202725902795,0.,-0.00415438242832695));
#4839=CARTESIAN_POINT('',(0.0977202725902795,0.,-0.00758457220458525));
#4840=CARTESIAN_POINT('',(0.0977202725902795,0.,-0.0110147619808435));
#4841=CARTESIAN_POINT('',(0.0744183812460422,0.,-0.0110147619808435));
#4842=CARTESIAN_POINT('',(0.0511164899018049,0.,-0.0110147619808435));
#4843=CARTESIAN_POINT('',(0.0511164899018049,0.,-0.00837633698084354));
#4844=CARTESIAN_POINT('',(0.0511164899018049,0.,-0.00573791198084354));
#4845=CARTESIAN_POINT('',(0.044017189901805,0.,-0.00573791198084354));
#4846=CARTESIAN_POINT('',(0.0155028555639506,0.,-0.00307850154023902));
#4847=CARTESIAN_POINT('',(0.0155028555639506,0.,-0.00407850154023903));
#4848=CARTESIAN_POINT('',(0.0726674899018049,0.,-0.00307850154023902));
#4849=CARTESIAN_POINT('',(0.0726674899018049,0.,-0.00407850154023903));
#4850=CARTESIAN_POINT('',(-0.0602385869792384,0.,0.0346548002974892));
#4851=CARTESIAN_POINT('',(-0.0602385869792384,0.,0.0336548002974891));
#4852=CARTESIAN_POINT('',(-0.0413079290974675,0.,0.0346561927348984));
#4853=CARTESIAN_POINT('',(-0.0413079290974675,0.,0.0336561927348984));
#4854=CARTESIAN_POINT('',(-0.0222024924758207,0.,0.0348230732699253));
#4855=CARTESIAN_POINT('',(-0.0222024924758207,0.,0.0338230732699253));
#4856=CARTESIAN_POINT('',(-0.003273033327597,0.,0.0348230732699253));
#4857=CARTESIAN_POINT('',(-0.003273033327597,0.,0.0338230732699253));
#4858=CARTESIAN_POINT('',(-0.0602385869792384,0.,0.0157324826447105));
#4859=CARTESIAN_POINT('',(-0.0602385869792384,0.,0.0147324826447104));
#4860=CARTESIAN_POINT('',(-0.0413242468049147,0.,0.0157213394263284));
#4861=CARTESIAN_POINT('',(-0.0413242468049147,0.,0.0147213394263284));
#4862=CARTESIAN_POINT('',(-0.0224169741996284,0.,0.0157213394263284));
#4863=CARTESIAN_POINT('',(-0.0224169741996284,0.,0.0147213394263284));
#4864=CARTESIAN_POINT('',(-0.00342386802465621,0.,0.0157324826447105));
#4865=CARTESIAN_POINT('',(-0.00342386802465621,0.,0.0147324826447104));
#4866=CARTESIAN_POINT('',(0.129453289901805,0.,0.0346739009370566));
#4867=CARTESIAN_POINT('',(0.129453289901805,0.,0.0336739009370566));
#4868=CARTESIAN_POINT('',(0.14837810370345,0.,0.0346777654857577));
#4869=CARTESIAN_POINT('',(0.14837810370345,0.,0.0336777654857577));
#4870=CARTESIAN_POINT('',(0.0915903777410005,0.,0.015742207002818));
#4871=CARTESIAN_POINT('',(0.0915903777410005,0.,0.014742207002818));
#4872=CARTESIAN_POINT('',(0.110542103044506,0.,0.015742207002818));
#4873=CARTESIAN_POINT('',(0.110542103044506,0.,0.014742207002818));
#4874=CARTESIAN_POINT('',(0.129453289901805,0.,0.0157359969537901));
#4875=CARTESIAN_POINT('',(0.129453289901805,0.,0.0147359969537901));
#4876=CARTESIAN_POINT('',(0.148381889901805,0.,0.0157359969537901));
#4877=CARTESIAN_POINT('',(0.148381889901805,0.,0.0147359969537901));
#4878=CARTESIAN_POINT('',(0.11049316901843,0.,0.0348230732699253));
#4879=CARTESIAN_POINT('',(0.11049316901843,0.,0.0338230732699253));
#4880=CARTESIAN_POINT('',(0.0916333561077968,0.,0.0348230732699253));
#4881=CARTESIAN_POINT('',(0.0916333561077968,0.,0.0338230732699253));
#4882=CARTESIAN_POINT('',(0.0705491212081194,0.,0.0292354414710999));
#4883=CARTESIAN_POINT('',(0.0705491212081194,0.,0.0559054414710999));
#4884=CARTESIAN_POINT('',(0.0705491212081194,0.,0.00256544147109984));
#4885=CARTESIAN_POINT('',(0.0460069432221626,0.,0.0559054414710999));
#4886=CARTESIAN_POINT('',(0.171059762968972,0.,0.0559054414710999));
#4887=CARTESIAN_POINT('',(0.171059762968972,0.,0.0154370193859856));
#4888=CARTESIAN_POINT('',(0.171059762968972,0.,-0.0250314026991287));
#4889=CARTESIAN_POINT('',(-0.0498573096526916,0.,-0.0250314026991287));
#4890=CARTESIAN_POINT('',(-0.0813522370310278,0.,-0.0250314026991287));
#4891=CARTESIAN_POINT('',(-0.0813522370310278,0.,0.0154370193859855));
#4892=CARTESIAN_POINT('',(0.0222891212081194,0.,0.0292354414710999));
#4893=CARTESIAN_POINT('',(0.0222891212081194,0.,0.00256544147109984));
#4894=CARTESIAN_POINT('',(0.0464191212081194,0.,0.00256544147109984));
#4895=CARTESIAN_POINT('',(0.0448709463252797,-0.003,0.0154283017929197));
#4896=CARTESIAN_POINT('',(-0.0768032370310278,-0.003,0.0441194414710998));
#4897=CARTESIAN_POINT('',(-0.0768032370310278,-0.003,0.0511594414710999));
#4898=CARTESIAN_POINT('',(-0.0768032370310278,-0.003,0.0370794414710998));
#4899=CARTESIAN_POINT('',(-0.0697032370310278,-0.003,0.0511594414710999));
#4900=CARTESIAN_POINT('',(-0.0626032370310278,-0.003,0.0511594414710998));
#4901=CARTESIAN_POINT('',(-0.0626032370310278,-0.003,0.0441194414710998));
#4902=CARTESIAN_POINT('',(-0.0626032370310278,-0.003,0.0370794414710998));
#4903=CARTESIAN_POINT('',(-0.0697032370310278,-0.003,0.0370794414710998));
#4904=CARTESIAN_POINT('',(-0.0768032370310278,-0.003,0.0251936414710998));
#4905=CARTESIAN_POINT('',(-0.0768032370310278,-0.003,0.0322294414710998));
#4906=CARTESIAN_POINT('',(-0.0768032370310278,-0.003,0.0181578414710998));
#4907=CARTESIAN_POINT('',(-0.0697039370310278,-0.003,0.0322294414710998));
#4908=CARTESIAN_POINT('',(-0.0626046370310278,-0.003,0.0322294414710998));
#4909=CARTESIAN_POINT('',(-0.0626046370310278,-0.003,0.0251936414710998));
#4910=CARTESIAN_POINT('',(-0.0626046370310278,-0.003,0.0181578414710998));
#4911=CARTESIAN_POINT('',(-0.0697039370310278,-0.003,0.0181578414710998));
#4912=CARTESIAN_POINT('',(0.0753518719753365,-0.003,0.0441236414710998));
#4913=CARTESIAN_POINT('',(0.0753518719753365,-0.003,0.0511594414710998));
#4914=CARTESIAN_POINT('',(0.0753518719753365,-0.003,0.0370878414710998));
#4915=CARTESIAN_POINT('',(0.0824511719753365,-0.003,0.0511594414710998));
#4916=CARTESIAN_POINT('',(0.0895504719753365,-0.003,0.0511594414710998));
#4917=CARTESIAN_POINT('',(0.0895504719753365,-0.003,0.0441236414710998));
#4918=CARTESIAN_POINT('',(0.0895504719753365,-0.003,0.0370878414710998));
#4919=CARTESIAN_POINT('',(0.0824511719753365,-0.003,0.0370878414710998));
#4920=CARTESIAN_POINT('',(0.0753518719753365,-0.003,0.0252006414710999));
#4921=CARTESIAN_POINT('',(0.0753518719753365,-0.003,0.0322364414710999));
#4922=CARTESIAN_POINT('',(0.0753518719753365,-0.003,0.0181648414710998));
#4923=CARTESIAN_POINT('',(0.0824511719753365,-0.003,0.0322364414710999));
#4924=CARTESIAN_POINT('',(0.0895504719753365,-0.003,0.0322364414710999));
#4925=CARTESIAN_POINT('',(0.0895504719753365,-0.003,0.0252006414710999));
#4926=CARTESIAN_POINT('',(0.0895504719753365,-0.003,0.0181648414710998));
#4927=CARTESIAN_POINT('',(0.0824511719753365,-0.003,0.0181648414710998));
#4928=CARTESIAN_POINT('',(0.0753518719753365,-0.003,0.00627204147109979));
#4929=CARTESIAN_POINT('',(0.0753518719753365,-0.003,0.0133078414710998));
#4930=CARTESIAN_POINT('',(0.0753518719753365,-0.003,-0.000763758528900211));
#4931=CARTESIAN_POINT('',(0.0824511719753365,-0.003,0.0133078414710998));
#4932=CARTESIAN_POINT('',(0.0895504719753365,-0.003,0.0133078414710998));
#4933=CARTESIAN_POINT('',(0.0895504719753365,-0.003,0.00627204147109979));
#4934=CARTESIAN_POINT('',(0.0895504719753365,-0.003,-0.000763758528900211));
#4935=CARTESIAN_POINT('',(0.0824511719753365,-0.003,-0.000763758528900211));
#4936=CARTESIAN_POINT('',(0.0939610899018049,-0.003,0.0441236414710998));
#4937=CARTESIAN_POINT('',(0.0939610899018049,-0.003,0.0511594414710998));
#4938=CARTESIAN_POINT('',(0.0939610899018049,-0.003,0.0370878414710998));
#4939=CARTESIAN_POINT('',(0.101060389901805,-0.003,0.0511594414710998));
#4940=CARTESIAN_POINT('',(0.108159689901805,-0.003,0.0511594414710998));
#4941=CARTESIAN_POINT('',(0.108159689901805,-0.003,0.0441236414710998));
#4942=CARTESIAN_POINT('',(0.108159689901805,-0.003,0.0370878414710998));
#4943=CARTESIAN_POINT('',(0.101060389901805,-0.003,0.0370878414710998));
#4944=CARTESIAN_POINT('',(0.112889689901805,-0.003,0.0441236414710998));
#4945=CARTESIAN_POINT('',(0.112889689901805,-0.003,0.0511594414710998));
#4946=CARTESIAN_POINT('',(0.112889689901805,-0.003,0.0370878414710998));
#4947=CARTESIAN_POINT('',(0.119988989901805,-0.003,0.0511594414710998));
#4948=CARTESIAN_POINT('',(0.127088289901805,-0.003,0.0511594414710998));
#4949=CARTESIAN_POINT('',(0.127088289901805,-0.003,0.0441236414710998));
#4950=CARTESIAN_POINT('',(0.127088289901805,-0.003,0.0370878414710998));
#4951=CARTESIAN_POINT('',(0.119988989901805,-0.003,0.0370878414710998));
#4952=CARTESIAN_POINT('',(0.131818289901805,-0.003,0.0441236414710998));
#4953=CARTESIAN_POINT('',(0.131818289901805,-0.003,0.0511594414710998));
#4954=CARTESIAN_POINT('',(0.131818289901805,-0.003,0.0370878414710998));
#4955=CARTESIAN_POINT('',(0.138917589901805,-0.003,0.0511594414710998));
#4956=CARTESIAN_POINT('',(0.146016889901805,-0.003,0.0511594414710998));
#4957=CARTESIAN_POINT('',(0.146016889901805,-0.003,0.0441236414710998));
#4958=CARTESIAN_POINT('',(0.146016889901805,-0.003,0.0370878414710998));
#4959=CARTESIAN_POINT('',(0.138917589901805,-0.003,0.0370878414710998));
#4960=CARTESIAN_POINT('',(0.150746889901805,-0.003,0.0441391244530678));
#4961=CARTESIAN_POINT('',(0.150746889901805,-0.003,0.0511749244530678));
#4962=CARTESIAN_POINT('',(0.150746889901805,-0.003,0.0371033244530678));
#4963=CARTESIAN_POINT('',(0.157846189901805,-0.003,0.0511749244530678));
#4964=CARTESIAN_POINT('',(0.164945489901805,-0.003,0.0511749244530678));
#4965=CARTESIAN_POINT('',(0.164945489901805,-0.003,0.0441391244530678));
#4966=CARTESIAN_POINT('',(0.164945489901805,-0.003,0.0371033244530678));
#4967=CARTESIAN_POINT('',(0.157846189901805,-0.003,0.0371033244530678));
#4968=CARTESIAN_POINT('',(0.0939610899018049,-0.003,0.00627204147109979));
#4969=CARTESIAN_POINT('',(0.0939610899018049,-0.003,0.0133078414710998));
#4970=CARTESIAN_POINT('',(0.0939610899018049,-0.003,-0.00076375852890021));
#4971=CARTESIAN_POINT('',(0.101060389901805,-0.003,0.0133078414710998));
#4972=CARTESIAN_POINT('',(0.108159689901805,-0.003,0.0133078414710998));
#4973=CARTESIAN_POINT('',(0.108159689901805,-0.003,0.00627204147109979));
#4974=CARTESIAN_POINT('',(0.108159689901805,-0.003,-0.00076375852890021));
#4975=CARTESIAN_POINT('',(0.101060389901805,-0.003,-0.00076375852890021));
#4976=CARTESIAN_POINT('',(0.112889689901805,-0.003,0.0252241604030133));
#4977=CARTESIAN_POINT('',(0.112889689901805,-0.003,0.0322599604030133));
#4978=CARTESIAN_POINT('',(0.112889689901805,-0.003,0.0181883604030132));
#4979=CARTESIAN_POINT('',(0.119988989901805,-0.003,0.0322599604030133));
#4980=CARTESIAN_POINT('',(0.127088289901805,-0.003,0.0322599604030133));
#4981=CARTESIAN_POINT('',(0.127088289901805,-0.003,0.0252241604030133));
#4982=CARTESIAN_POINT('',(0.127088289901805,-0.003,0.0181883604030132));
#4983=CARTESIAN_POINT('',(0.119988989901805,-0.003,0.0181883604030132));
#4984=CARTESIAN_POINT('',(0.131818289901805,-0.003,0.0252241604030133));
#4985=CARTESIAN_POINT('',(0.131818289901805,-0.003,0.0322599604030133));
#4986=CARTESIAN_POINT('',(0.131818289901805,-0.003,0.0181883604030132));
#4987=CARTESIAN_POINT('',(0.138917589901805,-0.003,0.0322599604030133));
#4988=CARTESIAN_POINT('',(0.146016889901805,-0.003,0.0322599604030133));
#4989=CARTESIAN_POINT('',(0.146016889901805,-0.003,0.0252241604030133));
#4990=CARTESIAN_POINT('',(0.146016889901805,-0.003,0.0181883604030132));
#4991=CARTESIAN_POINT('',(0.138917589901805,-0.003,0.0181883604030132));
#4992=CARTESIAN_POINT('',(0.150746889901805,-0.003,0.0252241604030133));
#4993=CARTESIAN_POINT('',(0.150746889901805,-0.003,0.0322599604030133));
#4994=CARTESIAN_POINT('',(0.150746889901805,-0.003,0.0181883604030132));
#4995=CARTESIAN_POINT('',(0.157846189901805,-0.003,0.0322599604030133));
#4996=CARTESIAN_POINT('',(0.164945489901805,-0.003,0.0322599604030133));
#4997=CARTESIAN_POINT('',(0.164945489901805,-0.003,0.0252241604030133));
#4998=CARTESIAN_POINT('',(0.164945489901805,-0.003,0.0181883604030132));
#4999=CARTESIAN_POINT('',(0.157846189901805,-0.003,0.0181883604030132));
#5000=CARTESIAN_POINT('',(0.112913035479259,-0.003,0.00627204147109979));
#5001=CARTESIAN_POINT('',(0.112913035479259,-0.003,0.0133078414710998));
#5002=CARTESIAN_POINT('',(0.112913035479259,-0.003,-0.00076375852890021));
#5003=CARTESIAN_POINT('',(0.120012335479259,-0.003,0.0133078414710998));
#5004=CARTESIAN_POINT('',(0.127111635479259,-0.003,0.0133078414710998));
#5005=CARTESIAN_POINT('',(0.127111635479259,-0.003,0.00627204147109979));
#5006=CARTESIAN_POINT('',(0.127111635479259,-0.003,-0.00076375852890021));
#5007=CARTESIAN_POINT('',(0.120012335479259,-0.003,-0.00076375852890021));
#5008=CARTESIAN_POINT('',(0.131841635479259,-0.003,0.00627204147109979));
#5009=CARTESIAN_POINT('',(0.131841635479259,-0.003,0.0133078414710998));
#5010=CARTESIAN_POINT('',(0.131841635479259,-0.003,-0.00076375852890021));
#5011=CARTESIAN_POINT('',(0.138940935479259,-0.003,0.0133078414710998));
#5012=CARTESIAN_POINT('',(0.146040235479259,-0.003,0.0133078414710998));
#5013=CARTESIAN_POINT('',(0.146040235479259,-0.003,0.00627204147109979));
#5014=CARTESIAN_POINT('',(0.146040235479259,-0.003,-0.00076375852890021));
#5015=CARTESIAN_POINT('',(0.138940935479259,-0.003,-0.00076375852890021));
#5016=CARTESIAN_POINT('',(0.101060389901805,-0.003,0.0181883604030132));
#5017=CARTESIAN_POINT('',(0.0939610899018049,-0.003,0.0181883604030132));
#5018=CARTESIAN_POINT('',(0.108159689901805,-0.003,0.0181883604030132));
#5019=CARTESIAN_POINT('',(0.0939610899018049,-0.003,0.0252876604030132));
#5020=CARTESIAN_POINT('',(0.0939610899018049,-0.003,0.0323869604030132));
#5021=CARTESIAN_POINT('',(0.101060389901805,-0.003,0.0323869604030132));
#5022=CARTESIAN_POINT('',(0.108159689901805,-0.003,0.0323869604030132));
#5023=CARTESIAN_POINT('',(0.108159689901805,-0.003,0.0252876604030132));
#5024=CARTESIAN_POINT('',(-0.0128844100981951,-0.003,0.0181883604030132));
#5025=CARTESIAN_POINT('',(-0.0199837100981951,-0.003,0.0181883604030132));
#5026=CARTESIAN_POINT('',(-0.00578511009819507,-0.003,0.0181883604030132));
#5027=CARTESIAN_POINT('',(-0.0199837100981951,-0.003,0.0252876604030132));
#5028=CARTESIAN_POINT('',(-0.0199837100981951,-0.003,0.0323869604030132));
#5029=CARTESIAN_POINT('',(-0.0128844100981951,-0.003,0.0323869604030132));
#5030=CARTESIAN_POINT('',(-0.00578511009819507,-0.003,0.0323869604030132));
#5031=CARTESIAN_POINT('',(-0.00578511009819507,-0.003,0.0252876604030132));
#5032=CARTESIAN_POINT('',(0.00598068990180493,-0.003,0.0181648414710998));
#5033=CARTESIAN_POINT('',(-0.00105511009819507,-0.003,0.0181648414710998));
#5034=CARTESIAN_POINT('',(0.0130164899018049,-0.003,0.0181648414710998));
#5035=CARTESIAN_POINT('',(-0.00105511009819508,-0.003,0.0252641414710998));
#5036=CARTESIAN_POINT('',(-0.00105511009819508,-0.003,0.0323634414710998));
#5037=CARTESIAN_POINT('',(0.00598068990180493,-0.003,0.0323634414710998));
#5038=CARTESIAN_POINT('',(0.0130164899018049,-0.003,0.0323634414710998));
#5039=CARTESIAN_POINT('',(0.0130164899018049,-0.003,0.0252641414710998));
#5040=CARTESIAN_POINT('',(0.00604418990180493,-0.003,-0.000763758528900211));
#5041=CARTESIAN_POINT('',(-0.00105511009819507,-0.003,-0.000763758528900211));
#5042=CARTESIAN_POINT('',(0.0131434899018049,-0.003,-0.000763758528900204));
#5043=CARTESIAN_POINT('',(-0.00105511009819507,-0.003,0.00627204147109979));
#5044=CARTESIAN_POINT('',(-0.00105511009819507,-0.003,0.0133078414710998));
#5045=CARTESIAN_POINT('',(0.00604418990180493,-0.003,0.0133078414710998));
#5046=CARTESIAN_POINT('',(0.0131434899018049,-0.003,0.0133078414710998));
#5047=CARTESIAN_POINT('',(0.0131434899018049,-0.003,0.00627204147109979));
#5048=CARTESIAN_POINT('',(-0.0128612115430433,-0.003,-0.000763758528900211));
#5049=CARTESIAN_POINT('',(-0.0199837100981951,-0.003,-0.000763758528900211));
#5050=CARTESIAN_POINT('',(-0.00573871298789151,-0.003,-0.000763758528900211));
#5051=CARTESIAN_POINT('',(-0.0199837100981951,-0.003,0.00648431701963652));
#5052=CARTESIAN_POINT('',(-0.0199837100981951,-0.003,0.0137323925681732));
#5053=CARTESIAN_POINT('',(-0.0128612115430433,-0.003,0.0137323925681732));
#5054=CARTESIAN_POINT('',(-0.00573871298789152,-0.003,0.0137323925681732));
#5055=CARTESIAN_POINT('',(-0.00573871298789152,-0.003,0.00648431701963652));
#5056=CARTESIAN_POINT('',(-0.038996047648716,-0.003,0.00627204147109979));
#5057=CARTESIAN_POINT('',(-0.038996047648716,-0.003,0.0133078414710998));
#5058=CARTESIAN_POINT('',(-0.038996047648716,-0.003,-0.000763758528900206));
#5059=CARTESIAN_POINT('',(-0.031896747648716,-0.003,0.0133078414710998));
#5060=CARTESIAN_POINT('',(-0.024797447648716,-0.003,0.0133078414710998));
#5061=CARTESIAN_POINT('',(-0.024797447648716,-0.003,0.0062720414710998));
#5062=CARTESIAN_POINT('',(-0.024797447648716,-0.003,-0.000763758528900203));
#5063=CARTESIAN_POINT('',(-0.031896747648716,-0.003,-0.000763758528900205));
#5064=CARTESIAN_POINT('',(-0.0578732370310278,-0.003,0.00627204147109979));
#5065=CARTESIAN_POINT('',(-0.0578732370310278,-0.003,0.0133078414710998));
#5066=CARTESIAN_POINT('',(-0.0578732370310278,-0.003,-0.00076375852890021));
#5067=CARTESIAN_POINT('',(-0.0507739370310278,-0.003,0.0133078414710998));
#5068=CARTESIAN_POINT('',(-0.0436746370310278,-0.003,0.0133078414710998));
#5069=CARTESIAN_POINT('',(-0.0436746370310278,-0.003,0.00627204147109979));
#5070=CARTESIAN_POINT('',(-0.0436746370310278,-0.003,-0.000763758528900206));
#5071=CARTESIAN_POINT('',(-0.0507739370310278,-0.003,-0.000763758528900208));
#5072=CARTESIAN_POINT('',(0.00604418990180493,-0.003,0.0370794414710998));
#5073=CARTESIAN_POINT('',(-0.00105511009819507,-0.003,0.0370794414710998));
#5074=CARTESIAN_POINT('',(0.0131434899018049,-0.003,0.0370794414710998));
#5075=CARTESIAN_POINT('',(-0.00105511009819507,-0.003,0.0441152414710998));
#5076=CARTESIAN_POINT('',(-0.00105511009819507,-0.003,0.0511510414710998));
#5077=CARTESIAN_POINT('',(0.00604418990180493,-0.003,0.0511510414710998));
#5078=CARTESIAN_POINT('',(0.0131434899018049,-0.003,0.0511510414710998));
#5079=CARTESIAN_POINT('',(0.0131434899018049,-0.003,0.0441152414710998));
#5080=CARTESIAN_POINT('',(-0.0128844100981951,-0.003,0.0370794414710998));
#5081=CARTESIAN_POINT('',(-0.0199837100981951,-0.003,0.0370794414710998));
#5082=CARTESIAN_POINT('',(-0.00578511009819507,-0.003,0.0370794414710998));
#5083=CARTESIAN_POINT('',(-0.0199837100981951,-0.003,0.0441152414710998));
#5084=CARTESIAN_POINT('',(-0.0199837100981951,-0.003,0.0511510414710998));
#5085=CARTESIAN_POINT('',(-0.0128844100981951,-0.003,0.0511510414710998));
#5086=CARTESIAN_POINT('',(-0.00578511009819507,-0.003,0.0511510414710998));
#5087=CARTESIAN_POINT('',(-0.00578511009819507,-0.003,0.0441152414710998));
#5088=CARTESIAN_POINT('',(-0.0318453370310278,-0.003,0.0181648414710998));
#5089=CARTESIAN_POINT('',(-0.0389446370310277,-0.003,0.0181648414710998));
#5090=CARTESIAN_POINT('',(-0.0247460370310277,-0.003,0.0181648414710998));
#5091=CARTESIAN_POINT('',(-0.0389446370310277,-0.003,0.0252006414710998));
#5092=CARTESIAN_POINT('',(-0.0389446370310277,-0.003,0.0322364414710999));
#5093=CARTESIAN_POINT('',(-0.0318453370310278,-0.003,0.0322364414710999));
#5094=CARTESIAN_POINT('',(-0.0247460370310277,-0.003,0.0322364414710999));
#5095=CARTESIAN_POINT('',(-0.0247460370310277,-0.003,0.0252006414710998));
#5096=CARTESIAN_POINT('',(-0.0318453370310278,-0.003,0.0370794414710998));
#5097=CARTESIAN_POINT('',(-0.0389446370310277,-0.003,0.0370794414710998));
#5098=CARTESIAN_POINT('',(-0.0247460370310277,-0.003,0.0370794414710998));
#5099=CARTESIAN_POINT('',(-0.0389446370310277,-0.003,0.0441152414710998));
#5100=CARTESIAN_POINT('',(-0.0389446370310277,-0.003,0.0511510414710998));
#5101=CARTESIAN_POINT('',(-0.0318453370310278,-0.003,0.0511510414710998));
#5102=CARTESIAN_POINT('',(-0.0247460370310277,-0.003,0.0511510414710998));
#5103=CARTESIAN_POINT('',(-0.0247460370310277,-0.003,0.0441152414710998));
#5104=CARTESIAN_POINT('',(-0.0507739370310278,-0.003,0.0181578414710998));
#5105=CARTESIAN_POINT('',(-0.0578732370310278,-0.003,0.0181578414710998));
#5106=CARTESIAN_POINT('',(-0.0436746370310278,-0.003,0.0181578414710998));
#5107=CARTESIAN_POINT('',(-0.0578732370310278,-0.003,0.0251936414710998));
#5108=CARTESIAN_POINT('',(-0.0578732370310278,-0.003,0.0322294414710998));
#5109=CARTESIAN_POINT('',(-0.0507739370310278,-0.003,0.0322294414710998));
#5110=CARTESIAN_POINT('',(-0.0436746370310278,-0.003,0.0322294414710998));
#5111=CARTESIAN_POINT('',(-0.0436746370310278,-0.003,0.0251936414710998));
#5112=CARTESIAN_POINT('',(-0.0507739370310278,-0.003,0.0370794414710998));
#5113=CARTESIAN_POINT('',(-0.0578732370310278,-0.003,0.0370794414710998));
#5114=CARTESIAN_POINT('',(-0.0436746370310278,-0.003,0.0370794414710998));
#5115=CARTESIAN_POINT('',(-0.0578732370310278,-0.003,0.0441152414710998));
#5116=CARTESIAN_POINT('',(-0.0578732370310278,-0.003,0.0511510414710998));
#5117=CARTESIAN_POINT('',(-0.0507739370310278,-0.003,0.0511510414710998));
#5118=CARTESIAN_POINT('',(-0.0436746370310278,-0.003,0.0511510414710998));
#5119=CARTESIAN_POINT('',(-0.0436746370310278,-0.003,0.0441152414710998));
#5120=CARTESIAN_POINT('',(0.036917889901805,-0.003,-0.00837633698084354));
#5121=CARTESIAN_POINT('',(0.036917889901805,-0.003,-0.00573791198084354));
#5122=CARTESIAN_POINT('',(0.036917889901805,-0.003,-0.0110147619808435));
#5123=CARTESIAN_POINT('',(0.044017189901805,-0.003,-0.00573791198084354));
#5124=CARTESIAN_POINT('',(0.0511164899018049,-0.003,-0.00573791198084354));
#5125=CARTESIAN_POINT('',(0.0511164899018049,-0.003,-0.00837633698084354));
#5126=CARTESIAN_POINT('',(0.0511164899018049,-0.003,-0.0110147619808435));
#5127=CARTESIAN_POINT('',(0.0744183812460422,-0.003,-0.0110147619808435));
#5128=CARTESIAN_POINT('',(0.0977202725902795,-0.003,-0.0110147619808435));
#5129=CARTESIAN_POINT('',(0.0977202725902795,-0.003,-0.00758457220458525));
#5130=CARTESIAN_POINT('',(0.0977202725902795,-0.003,-0.00415438242832695));
#5131=CARTESIAN_POINT('',(0.101321956917548,-0.003,-0.00415438242832695));
#5132=CARTESIAN_POINT('',(0.104923641244817,-0.003,-0.00415438242832695));
#5133=CARTESIAN_POINT('',(0.104923641244817,-0.003,-0.0140393969684492));
#5134=CARTESIAN_POINT('',(0.104923641244817,-0.003,-0.0239244115085714));
#5135=CARTESIAN_POINT('',(0.101321956917548,-0.003,-0.0239244115085714));
#5136=CARTESIAN_POINT('',(0.0977202725902795,-0.003,-0.0239244115085714));
#5137=CARTESIAN_POINT('',(0.0977202725902795,-0.003,-0.0192285367447074));
#5138=CARTESIAN_POINT('',(0.0977202725902795,-0.003,-0.0145326619808435));
#5139=CARTESIAN_POINT('',(0.0744183812460422,-0.003,-0.0145326619808435));
#5140=CARTESIAN_POINT('',(0.0511164899018049,-0.003,-0.0145326619808435));
#5141=CARTESIAN_POINT('',(0.0511164899018049,-0.003,-0.0171710869808436));
#5142=CARTESIAN_POINT('',(0.0511164899018049,-0.003,-0.0198095119808436));
#5143=CARTESIAN_POINT('',(0.044017189901805,-0.003,-0.0198095119808436));
#5144=CARTESIAN_POINT('',(0.036917889901805,-0.003,-0.0198095119808436));
#5145=CARTESIAN_POINT('',(0.036917889901805,-0.003,-0.0171710869808436));
#5146=CARTESIAN_POINT('',(0.036917889901805,-0.003,-0.0145326619808435));
#5147=CARTESIAN_POINT('',(0.0138633334564118,-0.003,-0.0145326619808435));
#5148=CARTESIAN_POINT('',(-0.0091912229889814,-0.003,-0.0145326619808435));
#5149=CARTESIAN_POINT('',(-0.0091912229889814,-0.003,-0.0192285367447074));
#5150=CARTESIAN_POINT('',(-0.0091912229889814,-0.003,-0.0239244115085714));
#5151=CARTESIAN_POINT('',(-0.0127929073162502,-0.003,-0.0239244115085714));
#5152=CARTESIAN_POINT('',(-0.0163945916435191,-0.003,-0.0239244115085714));
#5153=CARTESIAN_POINT('',(-0.0163945916435191,-0.003,-0.0140393969684492));
#5154=CARTESIAN_POINT('',(-0.0163945916435191,-0.003,-0.00415438242832695));
#5155=CARTESIAN_POINT('',(-0.0127929073162502,-0.003,-0.00415438242832695));
#5156=CARTESIAN_POINT('',(-0.0091912229889814,-0.003,-0.00415438242832695));
#5157=CARTESIAN_POINT('',(-0.0091912229889814,-0.003,-0.00758457220458525));
#5158=CARTESIAN_POINT('',(-0.0091912229889814,-0.003,-0.0110147619808435));
#5159=CARTESIAN_POINT('',(0.0138633334564118,-0.003,-0.0110147619808435));
#5160=CARTESIAN_POINT('',(0.0155028555639506,-0.003,-0.00307850154023902));
#5161=CARTESIAN_POINT('',(0.0155028555639506,-0.003,-0.00407850154023903));
#5162=CARTESIAN_POINT('',(0.0726674899018049,-0.003,-0.00307850154023902));
#5163=CARTESIAN_POINT('',(0.0726674899018049,-0.003,-0.00407850154023903));
#5164=CARTESIAN_POINT('',(-0.0602385869792384,-0.003,0.0346548002974892));
#5165=CARTESIAN_POINT('',(-0.0602385869792384,-0.003,0.0336548002974891));
#5166=CARTESIAN_POINT('',(-0.0413079290974675,-0.003,0.0346561927348984));
#5167=CARTESIAN_POINT('',(-0.0413079290974675,-0.003,0.0336561927348984));
#5168=CARTESIAN_POINT('',(-0.0222024924758207,-0.003,0.0348230732699253));
#5169=CARTESIAN_POINT('',(-0.0222024924758207,-0.003,0.0338230732699253));
#5170=CARTESIAN_POINT('',(-0.003273033327597,-0.003,0.0348230732699253));
#5171=CARTESIAN_POINT('',(-0.003273033327597,-0.003,0.0338230732699253));
#5172=CARTESIAN_POINT('',(-0.0602385869792384,-0.003,0.0157324826447105));
#5173=CARTESIAN_POINT('',(-0.0602385869792384,-0.003,0.0147324826447104));
#5174=CARTESIAN_POINT('',(-0.0413242468049147,-0.003,0.0157213394263284));
#5175=CARTESIAN_POINT('',(-0.0413242468049147,-0.003,0.0147213394263284));
#5176=CARTESIAN_POINT('',(-0.0224169741996284,-0.003,0.0157213394263284));
#5177=CARTESIAN_POINT('',(-0.0224169741996284,-0.003,0.0147213394263284));
#5178=CARTESIAN_POINT('',(-0.00342386802465621,-0.003,0.0157324826447105));
#5179=CARTESIAN_POINT('',(-0.00342386802465621,-0.003,0.0147324826447104));
#5180=CARTESIAN_POINT('',(0.129453289901805,-0.003,0.0346739009370566));
#5181=CARTESIAN_POINT('',(0.129453289901805,-0.003,0.0336739009370566));
#5182=CARTESIAN_POINT('',(0.14837810370345,-0.003,0.0346777654857577));
#5183=CARTESIAN_POINT('',(0.14837810370345,-0.003,0.0336777654857577));
#5184=CARTESIAN_POINT('',(0.0915903777410005,-0.003,0.015742207002818));
#5185=CARTESIAN_POINT('',(0.0915903777410005,-0.003,0.014742207002818));
#5186=CARTESIAN_POINT('',(0.110542103044506,-0.003,0.015742207002818));
#5187=CARTESIAN_POINT('',(0.110542103044506,-0.003,0.014742207002818));
#5188=CARTESIAN_POINT('',(0.129453289901805,-0.003,0.0157359969537901));
#5189=CARTESIAN_POINT('',(0.129453289901805,-0.003,0.0147359969537901));
#5190=CARTESIAN_POINT('',(0.148381889901805,-0.003,0.0157359969537901));
#5191=CARTESIAN_POINT('',(0.148381889901805,-0.003,0.0147359969537901));
#5192=CARTESIAN_POINT('',(0.11049316901843,-0.003,0.0348230732699253));
#5193=CARTESIAN_POINT('',(0.11049316901843,-0.003,0.0338230732699253));
#5194=CARTESIAN_POINT('',(0.0916333561077968,-0.003,0.0348230732699253));
#5195=CARTESIAN_POINT('',(0.0916333561077968,-0.003,0.0338230732699253));
#5196=CARTESIAN_POINT('',(0.0460069432221626,-0.003,0.0559054414710999));
#5197=CARTESIAN_POINT('',(0.0728286646322575,-0.003,0.0559054414710999));
#5198=CARTESIAN_POINT('',(0.171059762968972,-0.003,0.0559054414710999));
#5199=CARTESIAN_POINT('',(0.0728286646322575,-0.003,0.0154283017929197));
#5200=CARTESIAN_POINT('',(0.0728286646322575,-0.003,0.));
#5201=CARTESIAN_POINT('',(0.0448709463252797,-0.003,0.));
#5202=CARTESIAN_POINT('',(0.0194886646322575,-0.003,0.));
#5203=CARTESIAN_POINT('',(0.0194886646322575,-0.003,0.0154283017929197));
#5204=CARTESIAN_POINT('',(-0.0813522370310278,-0.003,0.0154370193859855));
#5205=CARTESIAN_POINT('',(-0.0813522370310278,-0.003,-0.0250314026991287));
#5206=CARTESIAN_POINT('',(-0.0498573096526916,-0.003,-0.0250314026991287));
#5207=CARTESIAN_POINT('',(0.171059762968972,-0.003,-0.0250314026991287));
#5208=CARTESIAN_POINT('',(0.171059762968972,-0.003,0.0154370193859856));
#5209=CARTESIAN_POINT('',(0.036917889901805,-0.003,-0.00837633698084354));
#5210=CARTESIAN_POINT('',(0.036917889901805,-0.003,-0.00573791198084354));
#5211=CARTESIAN_POINT('',(0.036917889901805,-0.003,-0.0110147619808435));
#5212=CARTESIAN_POINT('',(0.044017189901805,-0.003,-0.00573791198084354));
#5213=CARTESIAN_POINT('',(0.0511164899018049,-0.003,-0.00573791198084354));
#5214=CARTESIAN_POINT('',(0.0511164899018049,-0.003,-0.00837633698084354));
#5215=CARTESIAN_POINT('',(0.0511164899018049,-0.003,-0.0110147619808435));
#5216=CARTESIAN_POINT('',(0.0744183812460422,-0.003,-0.0110147619808435));
#5217=CARTESIAN_POINT('',(0.0977202725902795,-0.003,-0.0110147619808435));
#5218=CARTESIAN_POINT('',(0.0977202725902795,-0.003,-0.00758457220458525));
#5219=CARTESIAN_POINT('',(0.0977202725902795,-0.003,-0.00415438242832695));
#5220=CARTESIAN_POINT('',(0.101321956917548,-0.003,-0.00415438242832695));
#5221=CARTESIAN_POINT('',(0.104923641244817,-0.003,-0.00415438242832695));
#5222=CARTESIAN_POINT('',(0.104923641244817,-0.003,-0.0140393969684492));
#5223=CARTESIAN_POINT('',(0.104923641244817,-0.003,-0.0239244115085714));
#5224=CARTESIAN_POINT('',(0.101321956917548,-0.003,-0.0239244115085714));
#5225=CARTESIAN_POINT('',(0.0977202725902795,-0.003,-0.0239244115085714));
#5226=CARTESIAN_POINT('',(0.0977202725902795,-0.003,-0.0192285367447074));
#5227=CARTESIAN_POINT('',(0.0977202725902795,-0.003,-0.0145326619808435));
#5228=CARTESIAN_POINT('',(0.0744183812460422,-0.003,-0.0145326619808435));
#5229=CARTESIAN_POINT('',(0.0511164899018049,-0.003,-0.0145326619808435));
#5230=CARTESIAN_POINT('',(0.0511164899018049,-0.003,-0.0171710869808436));
#5231=CARTESIAN_POINT('',(0.0511164899018049,-0.003,-0.0198095119808436));
#5232=CARTESIAN_POINT('',(0.044017189901805,-0.003,-0.0198095119808436));
#5233=CARTESIAN_POINT('',(0.036917889901805,-0.003,-0.0198095119808436));
#5234=CARTESIAN_POINT('',(0.036917889901805,-0.003,-0.0171710869808436));
#5235=CARTESIAN_POINT('',(0.036917889901805,-0.003,-0.0145326619808435));
#5236=CARTESIAN_POINT('',(0.0138633334564118,-0.003,-0.0145326619808435));
#5237=CARTESIAN_POINT('',(-0.0091912229889814,-0.003,-0.0145326619808435));
#5238=CARTESIAN_POINT('',(-0.0091912229889814,-0.003,-0.0192285367447074));
#5239=CARTESIAN_POINT('',(-0.0091912229889814,-0.003,-0.0239244115085714));
#5240=CARTESIAN_POINT('',(-0.0127929073162502,-0.003,-0.0239244115085714));
#5241=CARTESIAN_POINT('',(-0.0163945916435191,-0.003,-0.0239244115085714));
#5242=CARTESIAN_POINT('',(-0.0163945916435191,-0.003,-0.0140393969684492));
#5243=CARTESIAN_POINT('',(-0.0163945916435191,-0.003,-0.00415438242832695));
#5244=CARTESIAN_POINT('',(-0.0127929073162502,-0.003,-0.00415438242832695));
#5245=CARTESIAN_POINT('',(-0.0091912229889814,-0.003,-0.00415438242832695));
#5246=CARTESIAN_POINT('',(-0.0091912229889814,-0.003,-0.00758457220458525));
#5247=CARTESIAN_POINT('',(-0.0091912229889814,-0.003,-0.0110147619808435));
#5248=CARTESIAN_POINT('',(-0.0507739370310278,-0.003,0.0370794414710998));
#5249=CARTESIAN_POINT('',(-0.0578732370310278,-0.003,0.0370794414710998));
#5250=CARTESIAN_POINT('',(-0.0436746370310278,-0.003,0.0370794414710998));
#5251=CARTESIAN_POINT('',(-0.0578732370310278,-0.003,0.0441152414710998));
#5252=CARTESIAN_POINT('',(-0.0578732370310278,-0.003,0.0511510414710998));
#5253=CARTESIAN_POINT('',(-0.0507739370310278,-0.003,0.0511510414710998));
#5254=CARTESIAN_POINT('',(-0.0436746370310278,-0.003,0.0511510414710998));
#5255=CARTESIAN_POINT('',(-0.0507739370310278,-0.003,0.0181578414710998));
#5256=CARTESIAN_POINT('',(-0.0578732370310278,-0.003,0.0181578414710998));
#5257=CARTESIAN_POINT('',(-0.0436746370310278,-0.003,0.0181578414710998));
#5258=CARTESIAN_POINT('',(-0.0578732370310278,-0.003,0.0251936414710998));
#5259=CARTESIAN_POINT('',(-0.0578732370310278,-0.003,0.0322294414710998));
#5260=CARTESIAN_POINT('',(-0.0507739370310278,-0.003,0.0322294414710998));
#5261=CARTESIAN_POINT('',(-0.0436746370310278,-0.003,0.0322294414710998));
#5262=CARTESIAN_POINT('',(-0.0318453370310278,-0.003,0.0370794414710998));
#5263=CARTESIAN_POINT('',(-0.0389446370310277,-0.003,0.0370794414710998));
#5264=CARTESIAN_POINT('',(-0.0247460370310277,-0.003,0.0370794414710998));
#5265=CARTESIAN_POINT('',(-0.0389446370310277,-0.003,0.0441152414710998));
#5266=CARTESIAN_POINT('',(-0.0389446370310277,-0.003,0.0511510414710998));
#5267=CARTESIAN_POINT('',(-0.0318453370310278,-0.003,0.0511510414710998));
#5268=CARTESIAN_POINT('',(-0.0247460370310277,-0.003,0.0511510414710998));
#5269=CARTESIAN_POINT('',(-0.0318453370310278,-0.003,0.0181648414710998));
#5270=CARTESIAN_POINT('',(-0.0389446370310277,-0.003,0.0181648414710998));
#5271=CARTESIAN_POINT('',(-0.0247460370310277,-0.003,0.0181648414710998));
#5272=CARTESIAN_POINT('',(-0.0389446370310277,-0.003,0.0252006414710998));
#5273=CARTESIAN_POINT('',(-0.0389446370310277,-0.003,0.0322364414710999));
#5274=CARTESIAN_POINT('',(-0.0318453370310278,-0.003,0.0322364414710999));
#5275=CARTESIAN_POINT('',(-0.0247460370310277,-0.003,0.0322364414710999));
#5276=CARTESIAN_POINT('',(-0.0128844100981951,-0.003,0.0370794414710998));
#5277=CARTESIAN_POINT('',(-0.0199837100981951,-0.003,0.0370794414710998));
#5278=CARTESIAN_POINT('',(-0.00578511009819507,-0.003,0.0370794414710998));
#5279=CARTESIAN_POINT('',(-0.0199837100981951,-0.003,0.0441152414710998));
#5280=CARTESIAN_POINT('',(-0.0199837100981951,-0.003,0.0511510414710998));
#5281=CARTESIAN_POINT('',(-0.0128844100981951,-0.003,0.0511510414710998));
#5282=CARTESIAN_POINT('',(-0.00578511009819507,-0.003,0.0511510414710998));
#5283=CARTESIAN_POINT('',(0.00604418990180493,-0.003,0.0370794414710998));
#5284=CARTESIAN_POINT('',(-0.00105511009819507,-0.003,0.0370794414710998));
#5285=CARTESIAN_POINT('',(0.0131434899018049,-0.003,0.0370794414710998));
#5286=CARTESIAN_POINT('',(-0.00105511009819507,-0.003,0.0441152414710998));
#5287=CARTESIAN_POINT('',(-0.00105511009819507,-0.003,0.0511510414710998));
#5288=CARTESIAN_POINT('',(0.00604418990180493,-0.003,0.0511510414710998));
#5289=CARTESIAN_POINT('',(0.0131434899018049,-0.003,0.0511510414710998));
#5290=CARTESIAN_POINT('',(-0.0578732370310278,-0.003,0.00627204147109979));
#5291=CARTESIAN_POINT('',(-0.0578732370310278,-0.003,0.0133078414710998));
#5292=CARTESIAN_POINT('',(-0.0578732370310278,-0.003,-0.00076375852890021));
#5293=CARTESIAN_POINT('',(-0.0507739370310278,-0.003,0.0133078414710998));
#5294=CARTESIAN_POINT('',(-0.0436746370310278,-0.003,0.0133078414710998));
#5295=CARTESIAN_POINT('',(-0.0436746370310278,-0.003,0.00627204147109979));
#5296=CARTESIAN_POINT('',(-0.0436746370310278,-0.003,-0.000763758528900206));
#5297=CARTESIAN_POINT('',(-0.038996047648716,-0.003,0.00627204147109979));
#5298=CARTESIAN_POINT('',(-0.038996047648716,-0.003,0.0133078414710998));
#5299=CARTESIAN_POINT('',(-0.038996047648716,-0.003,-0.000763758528900206));
#5300=CARTESIAN_POINT('',(-0.031896747648716,-0.003,0.0133078414710998));
#5301=CARTESIAN_POINT('',(-0.024797447648716,-0.003,0.0133078414710998));
#5302=CARTESIAN_POINT('',(-0.024797447648716,-0.003,0.0062720414710998));
#5303=CARTESIAN_POINT('',(-0.024797447648716,-0.003,-0.000763758528900203));
#5304=CARTESIAN_POINT('',(-0.0128612115430433,-0.003,-0.000763758528900211));
#5305=CARTESIAN_POINT('',(-0.0199837100981951,-0.003,-0.000763758528900211));
#5306=CARTESIAN_POINT('',(-0.00573871298789151,-0.003,-0.000763758528900211));
#5307=CARTESIAN_POINT('',(-0.0199837100981951,-0.003,0.00648431701963652));
#5308=CARTESIAN_POINT('',(-0.0199837100981951,-0.003,0.0137323925681732));
#5309=CARTESIAN_POINT('',(-0.0128612115430433,-0.003,0.0137323925681732));
#5310=CARTESIAN_POINT('',(-0.00573871298789152,-0.003,0.0137323925681732));
#5311=CARTESIAN_POINT('',(0.00604418990180493,-0.003,-0.000763758528900211));
#5312=CARTESIAN_POINT('',(-0.00105511009819507,-0.003,-0.000763758528900211));
#5313=CARTESIAN_POINT('',(0.0131434899018049,-0.003,-0.000763758528900204));
#5314=CARTESIAN_POINT('',(-0.00105511009819507,-0.003,0.00627204147109979));
#5315=CARTESIAN_POINT('',(-0.00105511009819507,-0.003,0.0133078414710998));
#5316=CARTESIAN_POINT('',(0.00604418990180493,-0.003,0.0133078414710998));
#5317=CARTESIAN_POINT('',(0.0131434899018049,-0.003,0.0133078414710998));
#5318=CARTESIAN_POINT('',(0.00598068990180493,-0.003,0.0181648414710998));
#5319=CARTESIAN_POINT('',(-0.00105511009819507,-0.003,0.0181648414710998));
#5320=CARTESIAN_POINT('',(0.0130164899018049,-0.003,0.0181648414710998));
#5321=CARTESIAN_POINT('',(-0.00105511009819508,-0.003,0.0252641414710998));
#5322=CARTESIAN_POINT('',(-0.00105511009819508,-0.003,0.0323634414710998));
#5323=CARTESIAN_POINT('',(0.00598068990180493,-0.003,0.0323634414710998));
#5324=CARTESIAN_POINT('',(0.0130164899018049,-0.003,0.0323634414710998));
#5325=CARTESIAN_POINT('',(-0.0128844100981951,-0.003,0.0181883604030132));
#5326=CARTESIAN_POINT('',(-0.0199837100981951,-0.003,0.0181883604030132));
#5327=CARTESIAN_POINT('',(-0.00578511009819507,-0.003,0.0181883604030132));
#5328=CARTESIAN_POINT('',(-0.0199837100981951,-0.003,0.0252876604030132));
#5329=CARTESIAN_POINT('',(-0.0199837100981951,-0.003,0.0323869604030132));
#5330=CARTESIAN_POINT('',(-0.0128844100981951,-0.003,0.0323869604030132));
#5331=CARTESIAN_POINT('',(-0.00578511009819507,-0.003,0.0323869604030132));
#5332=CARTESIAN_POINT('',(0.101060389901805,-0.003,0.0181883604030132));
#5333=CARTESIAN_POINT('',(0.0939610899018049,-0.003,0.0181883604030132));
#5334=CARTESIAN_POINT('',(0.108159689901805,-0.003,0.0181883604030132));
#5335=CARTESIAN_POINT('',(0.0939610899018049,-0.003,0.0252876604030132));
#5336=CARTESIAN_POINT('',(0.0939610899018049,-0.003,0.0323869604030132));
#5337=CARTESIAN_POINT('',(0.101060389901805,-0.003,0.0323869604030132));
#5338=CARTESIAN_POINT('',(0.108159689901805,-0.003,0.0323869604030132));
#5339=CARTESIAN_POINT('',(0.131841635479259,-0.003,0.00627204147109979));
#5340=CARTESIAN_POINT('',(0.131841635479259,-0.003,0.0133078414710998));
#5341=CARTESIAN_POINT('',(0.131841635479259,-0.003,-0.00076375852890021));
#5342=CARTESIAN_POINT('',(0.138940935479259,-0.003,0.0133078414710998));
#5343=CARTESIAN_POINT('',(0.146040235479259,-0.003,0.0133078414710998));
#5344=CARTESIAN_POINT('',(0.146040235479259,-0.003,0.00627204147109979));
#5345=CARTESIAN_POINT('',(0.146040235479259,-0.003,-0.00076375852890021));
#5346=CARTESIAN_POINT('',(0.112913035479259,-0.003,0.00627204147109979));
#5347=CARTESIAN_POINT('',(0.112913035479259,-0.003,0.0133078414710998));
#5348=CARTESIAN_POINT('',(0.112913035479259,-0.003,-0.00076375852890021));
#5349=CARTESIAN_POINT('',(0.120012335479259,-0.003,0.0133078414710998));
#5350=CARTESIAN_POINT('',(0.127111635479259,-0.003,0.0133078414710998));
#5351=CARTESIAN_POINT('',(0.127111635479259,-0.003,0.00627204147109979));
#5352=CARTESIAN_POINT('',(0.127111635479259,-0.003,-0.00076375852890021));
#5353=CARTESIAN_POINT('',(0.150746889901805,-0.003,0.0252241604030133));
#5354=CARTESIAN_POINT('',(0.150746889901805,-0.003,0.0322599604030133));
#5355=CARTESIAN_POINT('',(0.150746889901805,-0.003,0.0181883604030132));
#5356=CARTESIAN_POINT('',(0.157846189901805,-0.003,0.0322599604030133));
#5357=CARTESIAN_POINT('',(0.164945489901805,-0.003,0.0322599604030133));
#5358=CARTESIAN_POINT('',(0.164945489901805,-0.003,0.0252241604030133));
#5359=CARTESIAN_POINT('',(0.164945489901805,-0.003,0.0181883604030132));
#5360=CARTESIAN_POINT('',(0.131818289901805,-0.003,0.0252241604030133));
#5361=CARTESIAN_POINT('',(0.131818289901805,-0.003,0.0322599604030133));
#5362=CARTESIAN_POINT('',(0.131818289901805,-0.003,0.0181883604030132));
#5363=CARTESIAN_POINT('',(0.138917589901805,-0.003,0.0322599604030133));
#5364=CARTESIAN_POINT('',(0.146016889901805,-0.003,0.0322599604030133));
#5365=CARTESIAN_POINT('',(0.146016889901805,-0.003,0.0252241604030133));
#5366=CARTESIAN_POINT('',(0.146016889901805,-0.003,0.0181883604030132));
#5367=CARTESIAN_POINT('',(0.112889689901805,-0.003,0.0252241604030133));
#5368=CARTESIAN_POINT('',(0.112889689901805,-0.003,0.0322599604030133));
#5369=CARTESIAN_POINT('',(0.112889689901805,-0.003,0.0181883604030132));
#5370=CARTESIAN_POINT('',(0.119988989901805,-0.003,0.0322599604030133));
#5371=CARTESIAN_POINT('',(0.127088289901805,-0.003,0.0322599604030133));
#5372=CARTESIAN_POINT('',(0.127088289901805,-0.003,0.0252241604030133));
#5373=CARTESIAN_POINT('',(0.127088289901805,-0.003,0.0181883604030132));
#5374=CARTESIAN_POINT('',(0.0939610899018049,-0.003,0.00627204147109979));
#5375=CARTESIAN_POINT('',(0.0939610899018049,-0.003,0.0133078414710998));
#5376=CARTESIAN_POINT('',(0.0939610899018049,-0.003,-0.00076375852890021));
#5377=CARTESIAN_POINT('',(0.101060389901805,-0.003,0.0133078414710998));
#5378=CARTESIAN_POINT('',(0.108159689901805,-0.003,0.0133078414710998));
#5379=CARTESIAN_POINT('',(0.108159689901805,-0.003,0.00627204147109979));
#5380=CARTESIAN_POINT('',(0.108159689901805,-0.003,-0.00076375852890021));
#5381=CARTESIAN_POINT('',(0.150746889901805,-0.003,0.0441391244530678));
#5382=CARTESIAN_POINT('',(0.150746889901805,-0.003,0.0511749244530678));
#5383=CARTESIAN_POINT('',(0.150746889901805,-0.003,0.0371033244530678));
#5384=CARTESIAN_POINT('',(0.157846189901805,-0.003,0.0511749244530678));
#5385=CARTESIAN_POINT('',(0.164945489901805,-0.003,0.0511749244530678));
#5386=CARTESIAN_POINT('',(0.164945489901805,-0.003,0.0441391244530678));
#5387=CARTESIAN_POINT('',(0.164945489901805,-0.003,0.0371033244530678));
#5388=CARTESIAN_POINT('',(0.131818289901805,-0.003,0.0441236414710998));
#5389=CARTESIAN_POINT('',(0.131818289901805,-0.003,0.0511594414710998));
#5390=CARTESIAN_POINT('',(0.131818289901805,-0.003,0.0370878414710998));
#5391=CARTESIAN_POINT('',(0.138917589901805,-0.003,0.0511594414710998));
#5392=CARTESIAN_POINT('',(0.146016889901805,-0.003,0.0511594414710998));
#5393=CARTESIAN_POINT('',(0.146016889901805,-0.003,0.0441236414710998));
#5394=CARTESIAN_POINT('',(0.146016889901805,-0.003,0.0370878414710998));
#5395=CARTESIAN_POINT('',(0.112889689901805,-0.003,0.0441236414710998));
#5396=CARTESIAN_POINT('',(0.112889689901805,-0.003,0.0511594414710998));
#5397=CARTESIAN_POINT('',(0.112889689901805,-0.003,0.0370878414710998));
#5398=CARTESIAN_POINT('',(0.119988989901805,-0.003,0.0511594414710998));
#5399=CARTESIAN_POINT('',(0.127088289901805,-0.003,0.0511594414710998));
#5400=CARTESIAN_POINT('',(0.127088289901805,-0.003,0.0441236414710998));
#5401=CARTESIAN_POINT('',(0.127088289901805,-0.003,0.0370878414710998));
#5402=CARTESIAN_POINT('',(0.0939610899018049,-0.003,0.0441236414710998));
#5403=CARTESIAN_POINT('',(0.0939610899018049,-0.003,0.0511594414710998));
#5404=CARTESIAN_POINT('',(0.0939610899018049,-0.003,0.0370878414710998));
#5405=CARTESIAN_POINT('',(0.101060389901805,-0.003,0.0511594414710998));
#5406=CARTESIAN_POINT('',(0.108159689901805,-0.003,0.0511594414710998));
#5407=CARTESIAN_POINT('',(0.108159689901805,-0.003,0.0441236414710998));
#5408=CARTESIAN_POINT('',(0.108159689901805,-0.003,0.0370878414710998));
#5409=CARTESIAN_POINT('',(0.0753518719753365,-0.003,0.00627204147109979));
#5410=CARTESIAN_POINT('',(0.0753518719753365,-0.003,0.0133078414710998));
#5411=CARTESIAN_POINT('',(0.0753518719753365,-0.003,-0.000763758528900211));
#5412=CARTESIAN_POINT('',(0.0824511719753365,-0.003,0.0133078414710998));
#5413=CARTESIAN_POINT('',(0.0895504719753365,-0.003,0.0133078414710998));
#5414=CARTESIAN_POINT('',(0.0895504719753365,-0.003,0.00627204147109979));
#5415=CARTESIAN_POINT('',(0.0895504719753365,-0.003,-0.000763758528900211));
#5416=CARTESIAN_POINT('',(0.0753518719753365,-0.003,0.0252006414710999));
#5417=CARTESIAN_POINT('',(0.0753518719753365,-0.003,0.0322364414710999));
#5418=CARTESIAN_POINT('',(0.0753518719753365,-0.003,0.0181648414710998));
#5419=CARTESIAN_POINT('',(0.0824511719753365,-0.003,0.0322364414710999));
#5420=CARTESIAN_POINT('',(0.0895504719753365,-0.003,0.0322364414710999));
#5421=CARTESIAN_POINT('',(0.0895504719753365,-0.003,0.0252006414710999));
#5422=CARTESIAN_POINT('',(0.0895504719753365,-0.003,0.0181648414710998));
#5423=CARTESIAN_POINT('',(0.0753518719753365,-0.003,0.0441236414710998));
#5424=CARTESIAN_POINT('',(0.0753518719753365,-0.003,0.0511594414710998));
#5425=CARTESIAN_POINT('',(0.0753518719753365,-0.003,0.0370878414710998));
#5426=CARTESIAN_POINT('',(0.0824511719753365,-0.003,0.0511594414710998));
#5427=CARTESIAN_POINT('',(0.0895504719753365,-0.003,0.0511594414710998));
#5428=CARTESIAN_POINT('',(0.0895504719753365,-0.003,0.0441236414710998));
#5429=CARTESIAN_POINT('',(0.0895504719753365,-0.003,0.0370878414710998));
#5430=CARTESIAN_POINT('',(-0.0768032370310278,-0.003,0.0251936414710998));
#5431=CARTESIAN_POINT('',(-0.0768032370310278,-0.003,0.0322294414710998));
#5432=CARTESIAN_POINT('',(-0.0768032370310278,-0.003,0.0181578414710998));
#5433=CARTESIAN_POINT('',(-0.0697039370310278,-0.003,0.0322294414710998));
#5434=CARTESIAN_POINT('',(-0.0626046370310278,-0.003,0.0322294414710998));
#5435=CARTESIAN_POINT('',(-0.0626046370310278,-0.003,0.0251936414710998));
#5436=CARTESIAN_POINT('',(-0.0626046370310278,-0.003,0.0181578414710998));
#5437=CARTESIAN_POINT('',(-0.0768032370310278,-0.003,0.0441194414710998));
#5438=CARTESIAN_POINT('',(-0.0768032370310278,-0.003,0.0511594414710999));
#5439=CARTESIAN_POINT('',(-0.0768032370310278,-0.003,0.0370794414710998));
#5440=CARTESIAN_POINT('',(-0.0697032370310278,-0.003,0.0511594414710999));
#5441=CARTESIAN_POINT('',(-0.0626032370310278,-0.003,0.0511594414710998));
#5442=CARTESIAN_POINT('',(-0.0626032370310278,-0.003,0.0441194414710998));
#5443=CARTESIAN_POINT('',(-0.0626032370310278,-0.003,0.0370794414710998));
#5444=CARTESIAN_POINT('',(-0.0498573096526916,-0.003,-0.0250314026991287));
#5445=CARTESIAN_POINT('',(0.171059762968972,-0.003,-0.0250314026991287));
#5446=CARTESIAN_POINT('',(-0.0813522370310278,-0.003,-0.0250314026991287));
#5447=CARTESIAN_POINT('',(0.171059762968972,-0.003,0.0154370193859856));
#5448=CARTESIAN_POINT('',(0.171059762968972,-0.003,0.0559054414710999));
#5449=CARTESIAN_POINT('',(0.0460069432221626,-0.003,0.0559054414710999));
#5450=CARTESIAN_POINT('',(0.0705491212081194,-0.007,0.0559054414710999));
#5451=CARTESIAN_POINT('',(0.0705491212081194,-0.007,0.0559054414710999));
#5452=CARTESIAN_POINT('',(0.120580629332478,-0.007,0.0559054414710999));
#5453=CARTESIAN_POINT('',(0.0728286646322575,-0.007,0.0559054414710999));
#5454=CARTESIAN_POINT('',(0.0728286646322575,-0.007,0.0559054414710999));
#5455=CARTESIAN_POINT('',(-0.0436746370310278,-0.003,0.0441152414710998));
#5456=CARTESIAN_POINT('',(-0.0436746370310278,-0.003,0.0251936414710998));
#5457=CARTESIAN_POINT('',(-0.0247460370310277,-0.003,0.0441152414710998));
#5458=CARTESIAN_POINT('',(-0.0247460370310277,-0.003,0.0252006414710998));
#5459=CARTESIAN_POINT('',(-0.00578511009819507,-0.003,0.0441152414710998));
#5460=CARTESIAN_POINT('',(0.0131434899018049,-0.003,0.0441152414710998));
#5461=CARTESIAN_POINT('',(-0.0507739370310278,-0.003,-0.000763758528900208));
#5462=CARTESIAN_POINT('',(-0.031896747648716,-0.003,-0.000763758528900205));
#5463=CARTESIAN_POINT('',(-0.00573871298789152,-0.003,0.00648431701963652));
#5464=CARTESIAN_POINT('',(0.0131434899018049,-0.003,0.00627204147109979));
#5465=CARTESIAN_POINT('',(0.0130164899018049,-0.003,0.0252641414710998));
#5466=CARTESIAN_POINT('',(-0.00578511009819507,-0.003,0.0252876604030132));
#5467=CARTESIAN_POINT('',(0.108159689901805,-0.003,0.0252876604030132));
#5468=CARTESIAN_POINT('',(0.138940935479259,-0.003,-0.00076375852890021));
#5469=CARTESIAN_POINT('',(0.120012335479259,-0.003,-0.00076375852890021));
#5470=CARTESIAN_POINT('',(0.157846189901805,-0.003,0.0181883604030132));
#5471=CARTESIAN_POINT('',(0.138917589901805,-0.003,0.0181883604030132));
#5472=CARTESIAN_POINT('',(0.119988989901805,-0.003,0.0181883604030132));
#5473=CARTESIAN_POINT('',(0.101060389901805,-0.003,-0.00076375852890021));
#5474=CARTESIAN_POINT('',(0.157846189901805,-0.003,0.0371033244530678));
#5475=CARTESIAN_POINT('',(0.138917589901805,-0.003,0.0370878414710998));
#5476=CARTESIAN_POINT('',(0.119988989901805,-0.003,0.0370878414710998));
#5477=CARTESIAN_POINT('',(0.101060389901805,-0.003,0.0370878414710998));
#5478=CARTESIAN_POINT('',(0.0824511719753365,-0.003,-0.000763758528900211));
#5479=CARTESIAN_POINT('',(0.0824511719753365,-0.003,0.0181648414710998));
#5480=CARTESIAN_POINT('',(0.0824511719753365,-0.003,0.0370878414710998));
#5481=CARTESIAN_POINT('',(-0.0697039370310278,-0.003,0.0181578414710998));
#5482=CARTESIAN_POINT('',(-0.0697032370310278,-0.003,0.0370794414710998));
#5483=CARTESIAN_POINT('',(-0.0813522370310278,-0.003,0.0154370193859855));
#5484=CARTESIAN_POINT('',(0.0138633334564118,-0.003,-0.0110147619808435));
#5485=CARTESIAN_POINT('',(0.0155028555639506,-0.003,-0.00307850154023902));
#5486=CARTESIAN_POINT('',(0.0726674899018049,-0.003,-0.00307850154023902));
#5487=CARTESIAN_POINT('',(-0.0602385869792384,-0.003,0.0346548002974892));
#5488=CARTESIAN_POINT('',(-0.0413079290974675,-0.003,0.0346561927348984));
#5489=CARTESIAN_POINT('',(-0.0222024924758207,-0.003,0.0348230732699253));
#5490=CARTESIAN_POINT('',(-0.003273033327597,-0.003,0.0348230732699253));
#5491=CARTESIAN_POINT('',(-0.0602385869792384,-0.003,0.0157324826447105));
#5492=CARTESIAN_POINT('',(-0.0413242468049147,-0.003,0.0157213394263284));
#5493=CARTESIAN_POINT('',(-0.0224169741996284,-0.003,0.0157213394263284));
#5494=CARTESIAN_POINT('',(-0.00342386802465621,-0.003,0.0157324826447105));
#5495=CARTESIAN_POINT('',(0.129453289901805,-0.003,0.0346739009370566));
#5496=CARTESIAN_POINT('',(0.14837810370345,-0.003,0.0346777654857577));
#5497=CARTESIAN_POINT('',(0.0915903777410005,-0.003,0.015742207002818));
#5498=CARTESIAN_POINT('',(0.110542103044506,-0.003,0.015742207002818));
#5499=CARTESIAN_POINT('',(0.129453289901805,-0.003,0.0157359969537901));
#5500=CARTESIAN_POINT('',(0.148381889901805,-0.003,0.0157359969537901));
#5501=CARTESIAN_POINT('',(0.11049316901843,-0.003,0.0348230732699253));
#5502=CARTESIAN_POINT('',(0.0916333561077968,-0.003,0.0348230732699253));
#5503=CARTESIAN_POINT('',(0.0461586646322575,-0.007,0.));
#5504=CARTESIAN_POINT('',(0.0728286646322575,-0.007,0.));
#5505=CARTESIAN_POINT('',(0.0728286646322575,-0.007,0.));
#5506=CARTESIAN_POINT('',(0.0461586646322575,-0.007,0.));
#5507=CARTESIAN_POINT('',(0.0194886646322575,-0.007,0.));
#5508=CARTESIAN_POINT('',(0.0194886646322575,-0.007,0.));
#5509=CARTESIAN_POINT('',(0.0728286646322575,-0.007,0.0279527207355499));
#5510=CARTESIAN_POINT('',(0.0728286646322575,-0.007,0.0279527207355499));
#5511=CARTESIAN_POINT('',(0.0705491212081194,-0.007,0.0292354414710999));
#5512=CARTESIAN_POINT('',(0.0705491212081194,-0.007,0.00256544147109984));
#5513=CARTESIAN_POINT('',(0.0705491212081194,-0.007,0.00256544147109984));
#5514=CARTESIAN_POINT('',(0.0705491212081194,-0.007,0.0292354414710999));
#5515=CARTESIAN_POINT('',(0.0464191212081194,-0.007,0.00256544147109984));
#5516=CARTESIAN_POINT('',(0.0222891212081194,-0.007,0.00256544147109984));
#5517=CARTESIAN_POINT('',(0.0222891212081194,-0.007,0.00256544147109984));
#5518=CARTESIAN_POINT('',(0.0464191212081194,-0.007,0.00256544147109984));
#5519=CARTESIAN_POINT('',(0.0222891212081194,-0.007,0.0292354414710999));
#5520=CARTESIAN_POINT('',(0.0222891212081194,-0.007,0.0292354414710999));
#5521=CARTESIAN_POINT('',(0.0194886646322575,-0.007,0.0279527207355499));
#5522=CARTESIAN_POINT('',(0.0194886646322575,-0.007,0.0279527207355499));
#5523=CARTESIAN_POINT('',(0.0448709463252797,-0.007,0.0154283017929197));
#5524=MECHANICAL_DESIGN_GEOMETRIC_PRESENTATION_REPRESENTATION('',(#3521),
#5525);
#5525=(
GEOMETRIC_REPRESENTATION_CONTEXT(3)
GLOBAL_UNCERTAINTY_ASSIGNED_CONTEXT((#5526))
GLOBAL_UNIT_ASSIGNED_CONTEXT((#5529,#5528,#5527))
REPRESENTATION_CONTEXT('Part 2','TOP_LEVEL_ASSEMBLY_PART')
);
#5526=UNCERTAINTY_MEASURE_WITH_UNIT(LENGTH_MEASURE(1.E-8),#5529,
'DISTANCE_ACCURACY_VALUE','Maximum Tolerance applied to model');
#5527=(
NAMED_UNIT(*)
SI_UNIT($,.STERADIAN.)
SOLID_ANGLE_UNIT()
);
#5528=(
NAMED_UNIT(*)
PLANE_ANGLE_UNIT()
SI_UNIT($,.RADIAN.)
);
#5529=(
LENGTH_UNIT()
NAMED_UNIT(*)
SI_UNIT($,.METRE.)
);
#5530=PRODUCT_DEFINITION_SHAPE('','',#5531);
#5531=PRODUCT_DEFINITION('','',#5533,#5532);
#5532=PRODUCT_DEFINITION_CONTEXT('',#5539,'design');
#5533=PRODUCT_DEFINITION_FORMATION_WITH_SPECIFIED_SOURCE('','',#5535,
 .NOT_KNOWN.);
#5534=PRODUCT_RELATED_PRODUCT_CATEGORY('','',(#5535));
#5535=PRODUCT('Part 2','Part 2','Part 2',(#5537));
#5536=PRODUCT_CATEGORY('','');
#5537=PRODUCT_CONTEXT('',#5539,'mechanical');
#5538=APPLICATION_PROTOCOL_DEFINITION('international standard',
'ap242_managed_model_based_3d_engineering',2020,#5539);
#5539=APPLICATION_CONTEXT('managed model based 3d engineering');
ENDSEC;
END-ISO-10303-21;
