ISO-10303-21;
HEADER;
/* Generated by software containing ST-Developer
 * from STEP Tools, Inc. (www.steptools.com) 
 */
/* OPTION: using custom renumber hook */

FILE_DESCRIPTION(
/* description */ ('STEP AP242 Edition 2',
'CAx-IF Rec.Pracs.---Representation and Presentation of Product Manufa
cturing Information (PMI)---4.0---2014-10-13',
'CAx-IF Rec.Pracs.---3D Tessellated Geometry---0.4---2014-09-14','2;1',
'CAx-IF Rec.Pracs.---User Defined Attributes---1.5---2016-08-15'),
/* implementation_level */ '2;1');

FILE_NAME(
/* name */ 'r4_700 - r4_700',
/* time_stamp */ '2026-05-31T13:06:47Z',
/* author */ (''),
/* organization */ (''),
/* preprocessor_version */ 'ST-DEVELOPER v20',
/* originating_system */ 'ONSHAPE BY PTC INC, 1.215',
/* authorisation */ '  ');

FILE_SCHEMA (('AP242_MANAGED_MODEL_BASED_3D_ENGINEERING_MIM_LF { 1 0 10303 442 3 1 4 }'));
ENDSEC;

DATA;
#10=SHAPE_REPRESENTATION_RELATIONSHIP('','',#1731,#11);
#11=ADVANCED_BREP_SHAPE_REPRESENTATION('',(#1729),#3472);
#12=B_SPLINE_SURFACE_WITH_KNOTS('',3,3,((#2859,#2860,#2861,#2862),(#2863,
#2864,#2865,#2866),(#2867,#2868,#2869,#2870),(#2871,#2872,#2873,#2874),
(#2875,#2876,#2877,#2878),(#2879,#2880,#2881,#2882)),.UNSPECIFIED.,.F.,
 .F.,.F.,(4,2,4),(4,4),(-4.33680868994202E-18,0.00530594344533423,0.0106118868906685),
(0.,1.),.UNSPECIFIED.);
#13=B_SPLINE_SURFACE_WITH_KNOTS('',3,3,((#2941,#2942,#2943,#2944,#2945,
#2946,#2947,#2948),(#2949,#2950,#2951,#2952,#2953,#2954,#2955,#2956),(#2957,
#2958,#2959,#2960,#2961,#2962,#2963,#2964),(#2965,#2966,#2967,#2968,#2969,
#2970,#2971,#2972),(#2973,#2974,#2975,#2976,#2977,#2978,#2979,#2980),(#2981,
#2982,#2983,#2984,#2985,#2986,#2987,#2988)),.UNSPECIFIED.,.F.,.F.,.F.,(4,
2,4),(4,2,2,4),(0.,0.503000008711842,1.00600001742368),(6.71473451101012E-6,
0.00539858245131204,0.00809451630971256,0.0107904501681131),
 .UNSPECIFIED.);
#14=B_SPLINE_SURFACE_WITH_KNOTS('',3,3,((#3119,#3120,#3121,#3122,#3123,
#3124,#3125,#3126),(#3127,#3128,#3129,#3130,#3131,#3132,#3133,#3134),(#3135,
#3136,#3137,#3138,#3139,#3140,#3141,#3142),(#3143,#3144,#3145,#3146,#3147,
#3148,#3149,#3150),(#3151,#3152,#3153,#3154,#3155,#3156,#3157,#3158),(#3159,
#3160,#3161,#3162,#3163,#3164,#3165,#3166)),.UNSPECIFIED.,.F.,.F.,.F.,(4,
2,4),(4,2,2,4),(-0.00600001818826927,0.496999990905865,1.),(6.99703232304025E-6,
0.00539872277539289,0.00809458564692781,0.0107904485184627),
 .UNSPECIFIED.);
#15=B_SPLINE_SURFACE_WITH_KNOTS('',3,3,((#3297,#3298,#3299,#3300),(#3301,
#3302,#3303,#3304),(#3305,#3306,#3307,#3308),(#3309,#3310,#3311,#3312)),
 .UNSPECIFIED.,.F.,.F.,.F.,(4,4),(4,4),(0.796134813997085,0.989350528681616),
(0.0798970955043272,0.924709079252785),.PIECEWISE_BEZIER_KNOTS.);
#16=B_SPLINE_SURFACE_WITH_KNOTS('',3,3,((#3333,#3334,#3335,#3336),(#3337,
#3338,#3339,#3340),(#3341,#3342,#3343,#3344),(#3345,#3346,#3347,#3348)),
 .UNSPECIFIED.,.F.,.F.,.F.,(4,4),(4,4),(0.0106525792960124,0.203344026473629),
(0.0798970905149936,0.924709079252806),.PIECEWISE_BEZIER_KNOTS.);
#17=B_SPLINE_SURFACE_WITH_KNOTS('',3,3,((#3412,#3413,#3414,#3415),(#3416,
#3417,#3418,#3419),(#3420,#3421,#3422,#3423),(#3424,#3425,#3426,#3427),
(#3428,#3429,#3430,#3431),(#3432,#3433,#3434,#3435)),.RULED_SURF.,.F.,.F.,
 .F.,(4,1,1,4),(4,4),(0.774351793417901,0.782084804756009,0.891042402378004,
1.),(0.0164856240269502,0.984480138784952),.UNSPECIFIED.);
#18=B_SPLINE_SURFACE_WITH_KNOTS('',3,3,((#3437,#3438,#3439,#3440),(#3441,
#3442,#3443,#3444),(#3445,#3446,#3447,#3448),(#3449,#3450,#3451,#3452),
(#3453,#3454,#3455,#3456),(#3457,#3458,#3459,#3460)),.RULED_SURF.,.F.,.F.,
 .F.,(4,1,1,4),(4,4),(0.,0.108957597621996,0.217915195243991,0.225649149997409),
(0.0164856240271096,0.98448013876024),.UNSPECIFIED.);
#19=B_SPLINE_CURVE_WITH_KNOTS('',3,(#2666,#2667,#2668,#2669),
 .UNSPECIFIED.,.F.,.F.,(4,4),(0.,1.),.UNSPECIFIED.);
#20=B_SPLINE_CURVE_WITH_KNOTS('',3,(#2672,#2673,#2674,#2675,#2676),
 .UNSPECIFIED.,.F.,.F.,(4,1,4),(0.,0.5,1.),.UNSPECIFIED.);
#21=B_SPLINE_CURVE_WITH_KNOTS('',3,(#2678,#2679,#2680,#2681),
 .UNSPECIFIED.,.F.,.F.,(4,4),(4.90388411138028E-6,1.),.UNSPECIFIED.);
#22=B_SPLINE_CURVE_WITH_KNOTS('',3,(#2683,#2684,#2685,#2686,#2687),
 .UNSPECIFIED.,.F.,.F.,(4,1,4),(0.,0.5,1.),.UNSPECIFIED.);
#23=B_SPLINE_CURVE_WITH_KNOTS('',3,(#2715,#2716,#2717,#2718,#2719,#2720,
#2721,#2722,#2723,#2724,#2725,#2726,#2727,#2728),.UNSPECIFIED.,.F.,.F.,
(4,1,1,1,1,1,1,1,1,1,1,4),(0.,0.25,0.3125,0.375,0.40625,0.4375,0.5,0.625,
0.6875,0.75,0.875,1.),.UNSPECIFIED.);
#24=B_SPLINE_CURVE_WITH_KNOTS('',3,(#2729,#2730,#2731,#2732),
 .UNSPECIFIED.,.F.,.F.,(4,4),(5.33044028570052E-7,1.),.UNSPECIFIED.);
#25=B_SPLINE_CURVE_WITH_KNOTS('',3,(#2734,#2735,#2736,#2737),
 .UNSPECIFIED.,.F.,.F.,(4,4),(0.,1.),.UNSPECIFIED.);
#26=B_SPLINE_CURVE_WITH_KNOTS('',3,(#2778,#2779,#2780,#2781),
 .UNSPECIFIED.,.F.,.F.,(4,4),(0.,1.),.UNSPECIFIED.);
#27=B_SPLINE_CURVE_WITH_KNOTS('',3,(#2784,#2785,#2786,#2787,#2788,#2789),
 .UNSPECIFIED.,.F.,.F.,(4,1,1,4),(0.,0.5,0.75,1.),.UNSPECIFIED.);
#28=B_SPLINE_CURVE_WITH_KNOTS('',3,(#2790,#2791,#2792,#2793,#2794),
 .UNSPECIFIED.,.F.,.F.,(4,1,4),(0.,0.499999398397174,0.999998796794347),
 .UNSPECIFIED.);
#29=B_SPLINE_CURVE_WITH_KNOTS('',3,(#2840,#2841,#2842,#2843,#2844),
 .UNSPECIFIED.,.F.,.F.,(4,1,4),(0.,0.5,1.),.UNSPECIFIED.);
#30=B_SPLINE_CURVE_WITH_KNOTS('',3,(#2845,#2846,#2847,#2848,#2849),
 .UNSPECIFIED.,.F.,.F.,(4,1,4),(0.,0.5,1.),.UNSPECIFIED.);
#31=B_SPLINE_CURVE_WITH_KNOTS('',3,(#2851,#2852,#2853,#2854),
 .UNSPECIFIED.,.F.,.F.,(4,4),(0.,1.),.UNSPECIFIED.);
#32=B_SPLINE_CURVE_WITH_KNOTS('',3,(#2886,#2887,#2888,#2889),
 .UNSPECIFIED.,.F.,.F.,(4,4),(0.,1.),.UNSPECIFIED.);
#33=B_SPLINE_CURVE_WITH_KNOTS('',3,(#2890,#2891,#2892,#2893),
 .UNSPECIFIED.,.F.,.F.,(4,4),(0.,1.),.UNSPECIFIED.);
#34=B_SPLINE_CURVE_WITH_KNOTS('',3,(#2930,#2931,#2932,#2933,#2934),
 .UNSPECIFIED.,.F.,.F.,(4,1,4),(1.60490228657081E-6,0.500000802451143,1.),
 .UNSPECIFIED.);
#35=B_SPLINE_CURVE_WITH_KNOTS('',3,(#2935,#2936,#2937,#2938,#2939,#2940),
 .UNSPECIFIED.,.F.,.F.,(4,1,1,4),(0.,0.25,0.5,1.),.UNSPECIFIED.);
#36=B_SPLINE_CURVE_WITH_KNOTS('',3,(#2989,#2990,#2991,#2992,#2993,#2994,
#2995),.UNSPECIFIED.,.F.,.F.,(4,1,1,1,4),(0.,0.5,0.75,0.875,1.),
 .UNSPECIFIED.);
#37=B_SPLINE_CURVE_WITH_KNOTS('',3,(#2997,#2998,#2999,#3000,#3001,#3002,
#3003,#3004,#3005,#3006,#3007,#3008,#3009,#3010,#3011,#3012,#3013,#3014,
#3015,#3016,#3017,#3018),.UNSPECIFIED.,.F.,.F.,(4,2,2,2,2,2,2,2,2,2,4),
(-0.000548168700376934,-0.000171302718867792,0.00020556326264135,0.000959295225659634,
0.0024667591516962,0.00548168700376934,0.00849661485584247,0.010004078781879,
0.0103809447633882,0.0107578107448973,0.0115115427079156),.UNSPECIFIED.);
#38=B_SPLINE_CURVE_WITH_KNOTS('',3,(#3020,#3021,#3022,#3023),
 .UNSPECIFIED.,.F.,.F.,(4,4),(1.0842021724855E-19,0.000586574352432471),
 .UNSPECIFIED.);
#39=B_SPLINE_CURVE_WITH_KNOTS('',3,(#3084,#3085,#3086,#3087,#3088,#3089,
#3090,#3091,#3092,#3093,#3094,#3095,#3096,#3097,#3098,#3099,#3100,#3101,
#3102,#3103,#3104,#3105),.UNSPECIFIED.,.F.,.F.,(4,2,2,2,2,2,2,2,2,2,4),
(-0.000375917791668581,0.000657856135420017,0.000916299617192166,0.00117474309896431,
0.00169163006250861,0.00375917791668581,0.00582672577086301,0.0068604996979516,
0.0073773866614959,0.00763583014326805,0.0078942736250402),
 .UNSPECIFIED.);
#40=B_SPLINE_CURVE_WITH_KNOTS('',3,(#3107,#3108,#3109,#3110,#3111,#3112,
#3113),.UNSPECIFIED.,.F.,.F.,(4,1,1,1,4),(0.,0.125,0.25,0.5,1.),
 .UNSPECIFIED.);
#41=B_SPLINE_CURVE_WITH_KNOTS('',3,(#3115,#3116,#3117,#3118),
 .UNSPECIFIED.,.F.,.F.,(4,4),(5.64785044985379E-17,0.000665474552465262),
 .UNSPECIFIED.);
#42=B_SPLINE_CURVE_WITH_KNOTS('',3,(#3167,#3168,#3169,#3170,#3171,#3172,
#3173,#3174,#3175,#3176,#3177,#3178,#3179,#3180,#3181,#3182,#3183,#3184,
#3185,#3186,#3187,#3188),.UNSPECIFIED.,.F.,.F.,(4,2,2,2,2,2,2,2,2,2,4),
(-0.000548168700377328,0.000205563262641498,0.00058242924415091,0.000959295225660322,
0.00246675915169798,0.00548168700377327,0.00849661485584858,0.0100040787818862,
0.010757810744905,0.0111346767264145,0.0115115427079239),.UNSPECIFIED.);
#43=B_SPLINE_CURVE_WITH_KNOTS('',3,(#3190,#3191,#3192,#3193,#3194,#3195,
#3196),.UNSPECIFIED.,.F.,.F.,(4,1,1,1,4),(0.,0.125,0.25,0.5,1.),
 .UNSPECIFIED.);
#44=B_SPLINE_CURVE_WITH_KNOTS('',3,(#3198,#3199,#3200,#3201),
 .UNSPECIFIED.,.F.,.F.,(4,4),(1.5717887989303E-14,0.000586705225037655),
 .UNSPECIFIED.);
#45=B_SPLINE_CURVE_WITH_KNOTS('',3,(#3262,#3263,#3264,#3265,#3266,#3267,
#3268),.UNSPECIFIED.,.F.,.F.,(4,1,1,1,4),(0.,0.5,0.75,0.875,1.),
 .UNSPECIFIED.);
#46=B_SPLINE_CURVE_WITH_KNOTS('',3,(#3270,#3271,#3272,#3273,#3274,#3275,
#3276,#3277,#3278,#3279,#3280,#3281,#3282,#3283,#3284,#3285,#3286,#3287,
#3288,#3289,#3290,#3291),.UNSPECIFIED.,.F.,.F.,(4,2,2,2,2,2,2,2,2,2,4),
(-0.000375917791668578,-0.000117474309896431,0.000140969171875717,0.000657856135420012,
0.00169163006250861,0.00375917791668579,0.00582672577086296,0.00634361273440726,
0.00660205621617941,0.00686049969795156,0.00789427362504015),
 .UNSPECIFIED.);
#47=B_SPLINE_CURVE_WITH_KNOTS('',3,(#3293,#3294,#3295,#3296),
 .UNSPECIFIED.,.F.,.F.,(4,4),(3.5188211756007E-18,0.000665483101657144),
 .UNSPECIFIED.);
#48=B_SPLINE_CURVE_WITH_KNOTS('',3,(#3313,#3314,#3315,#3316),
 .UNSPECIFIED.,.F.,.F.,(4,4),(1.57822551563153E-11,0.00849872257194575),
 .UNSPECIFIED.);
#49=B_SPLINE_CURVE_WITH_KNOTS('',3,(#3319,#3320,#3321,#3322),
 .UNSPECIFIED.,.F.,.F.,(4,4),(5.39644867128883E-11,0.0115671253766791),
 .UNSPECIFIED.);
#50=B_SPLINE_CURVE_WITH_KNOTS('',3,(#3324,#3325,#3326,#3327),
 .UNSPECIFIED.,.F.,.F.,(4,4),(6.7619864196642E-10,0.00552868796748091),
 .UNSPECIFIED.);
#51=B_SPLINE_CURVE_WITH_KNOTS('',3,(#3329,#3330,#3331,#3332),
 .UNSPECIFIED.,.F.,.F.,(4,4),(0.,0.0148319890440936),.UNSPECIFIED.);
#52=B_SPLINE_CURVE_WITH_KNOTS('',3,(#3349,#3350,#3351,#3352),
 .UNSPECIFIED.,.F.,.F.,(4,4),(6.61902863075984E-10,0.00552868444401835),
 .UNSPECIFIED.);
#53=B_SPLINE_CURVE_WITH_KNOTS('',3,(#3355,#3356,#3357,#3358),
 .UNSPECIFIED.,.F.,.F.,(4,4),(0.,0.0115640416156438),.UNSPECIFIED.);
#54=B_SPLINE_CURVE_WITH_KNOTS('',3,(#3360,#3361,#3362,#3363),
 .UNSPECIFIED.,.F.,.F.,(4,4),(0.,0.00849872257347502),.UNSPECIFIED.);
#55=B_SPLINE_CURVE_WITH_KNOTS('',3,(#3365,#3366,#3367,#3368),
 .UNSPECIFIED.,.F.,.F.,(4,4),(0.,0.0148319826736731),.UNSPECIFIED.);
#56=B_SPLINE_CURVE_WITH_KNOTS('',3,(#3372,#3373,#3374,#3375,#3376,#3377,
#3378,#3379,#3380,#3381,#3382),.UNSPECIFIED.,.T.,.F.,(1,1,1,1,1,1,1,1,1,
1,1,1,1,1,1),(-0.00707290904928523,-0.00471527269952349,-0.00235763634976174,
0.,0.00235763634976174,0.00471527269952349,0.00707290904928523,0.00943054539904697,
0.0117881817488087,0.0141458180985705,0.0165034544483322,0.0188610907980939,
0.0212187271478557,0.0235763634976174,0.0259339998473792),.UNSPECIFIED.);
#57=B_SPLINE_CURVE_WITH_KNOTS('',3,(#3384,#3385,#3386,#3387,#3388,#3389,
#3390,#3391,#3392,#3393,#3394),.UNSPECIFIED.,.T.,.F.,(1,1,1,1,1,1,1,1,1,
1,1,1,1,1,1),(-0.00707290904928524,-0.00471527269952349,-0.00235763634976174,
0.,0.00235763634976175,0.00471527269952349,0.00707290904928524,0.00943054539904698,
0.0117881817488087,0.0141458180985705,0.0165034544483322,0.018861090798094,
0.0212187271478557,0.0235763634976175,0.0259339998473792),.UNSPECIFIED.);
#58=B_SPLINE_CURVE_WITH_KNOTS('',3,(#3396,#3397,#3398,#3399,#3400,#3401,
#3402,#3403,#3404,#3405,#3406),.UNSPECIFIED.,.T.,.F.,(1,1,1,1,1,1,1,1,1,
1,1,1,1,1,1),(-0.00707290904928526,-0.0047152726995235,-0.00235763634976175,
0.,0.00235763634976175,0.0047152726995235,0.00707290904928526,0.00943054539904701,
0.0117881817488088,0.0141458180985705,0.0165034544483323,0.018861090798094,
0.0212187271478558,0.0235763634976175,0.0259339998473793),.UNSPECIFIED.);
#59=(
BOUNDED_SURFACE()
B_SPLINE_SURFACE(3,2,((#2624,#2625,#2626),(#2627,#2628,#2629),(#2630,#2631,
#2632),(#2633,#2634,#2635),(#2636,#2637,#2638),(#2639,#2640,#2641),(#2642,
#2643,#2644),(#2645,#2646,#2647),(#2648,#2649,#2650),(#2651,#2652,#2653),
(#2654,#2655,#2656),(#2657,#2658,#2659),(#2660,#2661,#2662),(#2663,#2664,
#2665)),.UNSPECIFIED.,.F.,.F.,.F.)
B_SPLINE_SURFACE_WITH_KNOTS((4,2,2,2,2,2,4),(3,3),(3.16587034365767E-17,
0.000571013239378012,0.000856519859067002,0.00114202647875599,0.00142753309844498,
0.00171303971813397,0.00228405295751196),(0.,1.),.UNSPECIFIED.)
GEOMETRIC_REPRESENTATION_ITEM()
RATIONAL_B_SPLINE_SURFACE(((1.,0.809776011055567,1.),(1.,0.823089703470725,
1.),(1.,0.834852224031389,1.),(1.,0.849158066627002,1.),(1.,0.853275838097126,
1.),(1.,0.860169401266106,1.),(1.,0.862968149916391,1.),(1.,0.866859799838165,
1.),(1.,0.867974572189468,1.),(1.,0.868457245538073,1.),(1.,0.867793135362274,
1.),(1.,0.863126189382582,1.),(1.,0.856355992965795,1.),(1.,0.84638949124409,
1.)))
REPRESENTATION_ITEM('')
SURFACE()
);
#60=(
BOUNDED_SURFACE()
B_SPLINE_SURFACE(3,2,((#2688,#2689,#2690),(#2691,#2692,#2693),(#2694,#2695,
#2696),(#2697,#2698,#2699),(#2700,#2701,#2702),(#2703,#2704,#2705),(#2706,
#2707,#2708),(#2709,#2710,#2711)),.UNSPECIFIED.,.F.,.F.,.F.)
B_SPLINE_SURFACE_WITH_KNOTS((4,2,2,4),(3,3),(-9.73208402667985E-9,0.00265358458540606,
0.00530717890289615,0.0106143675378763),(0.,1.),.UNSPECIFIED.)
GEOMETRIC_REPRESENTATION_ITEM()
RATIONAL_B_SPLINE_SURFACE(((1.,0.809776010526264,1.),(1.,0.811944321819574,
1.),(1.,0.81427418269137,1.),(1.,0.819310917319788,1.),(1.,0.822025930771777,
1.),(1.,0.830719527398674,1.),(1.,0.837301454111955,1.),(1.,0.843935855649312,
1.)))
REPRESENTATION_ITEM('')
SURFACE()
);
#61=(
BOUNDED_SURFACE()
B_SPLINE_SURFACE(3,2,((#2742,#2743,#2744),(#2745,#2746,#2747),(#2748,#2749,
#2750),(#2751,#2752,#2753),(#2754,#2755,#2756),(#2757,#2758,#2759),(#2760,
#2761,#2762),(#2763,#2764,#2765),(#2766,#2767,#2768),(#2769,#2770,#2771),
(#2772,#2773,#2774),(#2775,#2776,#2777)),.UNSPECIFIED.,.F.,.F.,.F.)
B_SPLINE_SURFACE_WITH_KNOTS((4,2,2,2,2,4),(3,3),(0.,0.000568787797961842,
0.000853181696942763,0.00113757559592368,0.00170636339388552,0.00227515119184737),
(0.,1.),.UNSPECIFIED.)
GEOMETRIC_REPRESENTATION_ITEM()
RATIONAL_B_SPLINE_SURFACE(((1.,0.832664749121728,1.),(1.,0.846074922127627,
1.),(1.,0.857003682527483,1.),(1.,0.868539603407513,1.),(1.,0.871525875005786,
1.),(1.,0.875817208197902,1.),(1.,0.877113619929638,1.),(1.,0.87825904184988,
1.),(1.,0.875405342544583,1.),(1.,0.863733096740474,1.),(1.,0.854846846947531,
1.),(1.,0.843935856667625,1.)))
REPRESENTATION_ITEM('')
SURFACE()
);
#62=(
BOUNDED_SURFACE()
B_SPLINE_SURFACE(3,2,((#2795,#2796,#2797),(#2798,#2799,#2800),(#2801,#2802,
#2803),(#2804,#2805,#2806),(#2807,#2808,#2809),(#2810,#2811,#2812),(#2813,
#2814,#2815),(#2816,#2817,#2818),(#2819,#2820,#2821),(#2822,#2823,#2824),
(#2825,#2826,#2827),(#2828,#2829,#2830),(#2831,#2832,#2833),(#2834,#2835,
#2836)),.UNSPECIFIED.,.F.,.F.,.F.)
B_SPLINE_SURFACE_WITH_KNOTS((4,2,2,2,2,2,4),(3,3),(3.1446491370222E-8,0.00057140083575152,
0.000857085530381595,0.00114277022501167,0.00142845491964174,0.00171413961427182,
0.00228550900353197),(0.,1.),.UNSPECIFIED.)
GEOMETRIC_REPRESENTATION_ITEM()
RATIONAL_B_SPLINE_SURFACE(((1.,0.846391134941295,1.),(1.,0.856273475098403,
1.),(1.,0.863076750484945,1.),(1.,0.867779246177553,1.),(1.,0.868444681704788,
1.),(1.,0.86800412592375,1.),(1.,0.866877380581397,1.),(1.,0.863023748005815,
1.),(1.,0.860258339742999,1.),(1.,0.853314794839723,1.),(1.,0.849181348128889,
1.),(1.,0.834927743444876,1.),(1.,0.823066052792029,1.),(1.,0.809776011055477,
1.)))
REPRESENTATION_ITEM('')
SURFACE()
);
#63=(
BOUNDED_SURFACE()
B_SPLINE_SURFACE(3,2,((#2894,#2895,#2896),(#2897,#2898,#2899),(#2900,#2901,
#2902),(#2903,#2904,#2905),(#2906,#2907,#2908),(#2909,#2910,#2911),(#2912,
#2913,#2914),(#2915,#2916,#2917),(#2918,#2919,#2920),(#2921,#2922,#2923),
(#2924,#2925,#2926),(#2927,#2928,#2929)),.UNSPECIFIED.,.F.,.F.,.F.)
B_SPLINE_SURFACE_WITH_KNOTS((4,2,2,2,2,4),(3,3),(0.,0.000568909483749846,
0.000853364225624769,0.00113781896749969,0.00170672845124954,0.00227563793499938),
(0.,1.),.UNSPECIFIED.)
GEOMETRIC_REPRESENTATION_ITEM()
RATIONAL_B_SPLINE_SURFACE(((1.,0.843935856667855,1.),(1.,0.854809680255285,
1.),(1.,0.863657650661346,1.),(1.,0.872455062752251,1.),(1.,0.874622854189131,
1.),(1.,0.877344749333423,1.),(1.,0.877871895685362,1.),(1.,0.876767229362469,
1.),(1.,0.872401346983122,1.),(1.,0.857084854088825,1.),(1.,0.846080684586691,
1.),(1.,0.832664749122743,1.)))
REPRESENTATION_ITEM('')
SURFACE()
);
#64=(
BOUNDED_SURFACE()
B_SPLINE_SURFACE(2,3,((#3024,#3025,#3026,#3027,#3028,#3029,#3030,#3031,
#3032,#3033,#3034,#3035,#3036,#3037,#3038,#3039,#3040,#3041,#3042,#3043),
(#3044,#3045,#3046,#3047,#3048,#3049,#3050,#3051,#3052,#3053,#3054,#3055,
#3056,#3057,#3058,#3059,#3060,#3061,#3062,#3063),(#3064,#3065,#3066,#3067,
#3068,#3069,#3070,#3071,#3072,#3073,#3074,#3075,#3076,#3077,#3078,#3079,
#3080,#3081,#3082,#3083)),.UNSPECIFIED.,.F.,.F.,.F.)
B_SPLINE_SURFACE_WITH_KNOTS((3,3),(4,2,2,2,2,2,2,2,2,4),(0.,1.),(-4.2058015815425E-5,
0.000140969171875718,0.000657856135420017,0.00169163006250861,0.00375917791668581,
0.00582672577086301,0.0063436127344073,0.00660205621617945,0.0068604996979516,
0.00734307130615231),.UNSPECIFIED.)
GEOMETRIC_REPRESENTATION_ITEM()
RATIONAL_B_SPLINE_SURFACE(((1.,1.,1.,1.,1.,1.,1.,1.,1.,1.,1.,1.,1.,1.,1.,
1.,1.,1.,1.,1.),(0.706941588017502,0.70717144422093,0.707402690012571,0.708292043139493,
0.708959294687676,0.71098705462635,0.712373289796621,0.71659789087592,0.719490596114147,
0.725411913807288,0.728430409918708,0.732569020579669,0.733416664110558,
0.734729337516207,0.735173793993594,0.736078805562408,0.736541025263331,
0.737876479243549,0.738760114149905,0.739658272156788),(1.,1.,1.,1.,1.,
1.,1.,1.,1.,1.,1.,1.,1.,1.,1.,1.,1.,1.,1.,1.)))
REPRESENTATION_ITEM('')
SURFACE()
);
#65=(
BOUNDED_SURFACE()
B_SPLINE_SURFACE(2,3,((#3202,#3203,#3204,#3205,#3206,#3207,#3208,#3209,
#3210,#3211,#3212,#3213,#3214,#3215,#3216,#3217,#3218,#3219,#3220,#3221),
(#3222,#3223,#3224,#3225,#3226,#3227,#3228,#3229,#3230,#3231,#3232,#3233,
#3234,#3235,#3236,#3237,#3238,#3239,#3240,#3241),(#3242,#3243,#3244,#3245,
#3246,#3247,#3248,#3249,#3250,#3251,#3252,#3253,#3254,#3255,#3256,#3257,
#3258,#3259,#3260,#3261)),.UNSPECIFIED.,.F.,.F.,.F.)
B_SPLINE_SURFACE_WITH_KNOTS((3,3),(4,2,2,2,2,2,2,2,2,4),(0.,1.),(-4.20579970715261E-5,
0.000140969171875717,0.000657856135420012,0.00169163006250861,0.00375917791668579,
0.00582672577086296,0.00634361273440726,0.00660205621617941,0.00686049969795156,
0.00734306816317623),.UNSPECIFIED.)
GEOMETRIC_REPRESENTATION_ITEM()
RATIONAL_B_SPLINE_SURFACE(((1.,1.,1.,1.,1.,1.,1.,1.,1.,1.,1.,1.,1.,1.,1.,
1.,1.,1.,1.,1.),(0.70694158808799,0.707171444268133,0.707402690036346,0.708292043139607,
0.708959294688838,0.71098705462404,0.712373289796223,0.716597890876727,
0.719490596116026,0.725411913805417,0.728430409915368,0.732569020580489,
0.733416664111213,0.734729337515872,0.735173793993382,0.736078805562616,
0.736541025263574,0.737876473578822,0.738760102639388,0.739658254607614),
(1.,1.,1.,1.,1.,1.,1.,1.,1.,1.,1.,1.,1.,1.,1.,1.,1.,1.,1.,1.)))
REPRESENTATION_ITEM('')
SURFACE()
);
#66=CIRCLE('',#1770,0.0335);
#67=CIRCLE('',#1771,0.0335);
#68=CIRCLE('',#1772,0.0335);
#69=CIRCLE('',#1773,0.0335);
#70=CIRCLE('',#1774,0.0335);
#71=CIRCLE('',#1775,0.0335);
#72=CIRCLE('',#1777,0.003);
#73=CIRCLE('',#1791,0.0335);
#74=CIRCLE('',#1792,0.0335);
#75=CIRCLE('',#1793,0.0335);
#76=CIRCLE('',#1794,0.0335);
#77=CIRCLE('',#1795,0.0335);
#78=CIRCLE('',#1796,0.0335);
#79=CIRCLE('',#1798,0.003);
#80=CIRCLE('',#1812,0.0335);
#81=CIRCLE('',#1813,0.0335);
#82=CIRCLE('',#1814,0.0335);
#83=CIRCLE('',#1815,0.0335);
#84=CIRCLE('',#1816,0.0335);
#85=CIRCLE('',#1817,0.0335);
#86=CIRCLE('',#1819,0.003);
#87=CIRCLE('',#1832,0.000300000000000071);
#88=CIRCLE('',#1834,0.000300000000002426);
#89=CIRCLE('',#1836,0.000299999999999997);
#90=CYLINDRICAL_SURFACE('',#1769,0.0335);
#91=CYLINDRICAL_SURFACE('',#1790,0.0335);
#92=CYLINDRICAL_SURFACE('',#1811,0.0335);
#93=CYLINDRICAL_SURFACE('',#1833,0.0003);
#94=CYLINDRICAL_SURFACE('',#1835,0.0003);
#95=CYLINDRICAL_SURFACE('',#1837,0.0335);
#96=CYLINDRICAL_SURFACE('',#1840,0.035);
#97=CYLINDRICAL_SURFACE('',#1844,0.003);
#98=CYLINDRICAL_SURFACE('',#1845,0.003);
#99=CYLINDRICAL_SURFACE('',#1846,0.003);
#100=ORIENTED_EDGE('',*,*,#576,.T.);
#101=ORIENTED_EDGE('',*,*,#577,.F.);
#102=ORIENTED_EDGE('',*,*,#578,.T.);
#103=ORIENTED_EDGE('',*,*,#579,.F.);
#104=ORIENTED_EDGE('',*,*,#580,.T.);
#105=ORIENTED_EDGE('',*,*,#581,.F.);
#106=ORIENTED_EDGE('',*,*,#578,.F.);
#107=ORIENTED_EDGE('',*,*,#582,.F.);
#108=ORIENTED_EDGE('',*,*,#583,.T.);
#109=ORIENTED_EDGE('',*,*,#584,.F.);
#110=ORIENTED_EDGE('',*,*,#576,.F.);
#111=ORIENTED_EDGE('',*,*,#585,.F.);
#112=ORIENTED_EDGE('',*,*,#586,.T.);
#113=ORIENTED_EDGE('',*,*,#587,.F.);
#114=ORIENTED_EDGE('',*,*,#580,.F.);
#115=ORIENTED_EDGE('',*,*,#588,.F.);
#116=ORIENTED_EDGE('',*,*,#589,.T.);
#117=ORIENTED_EDGE('',*,*,#590,.F.);
#118=ORIENTED_EDGE('',*,*,#583,.F.);
#119=ORIENTED_EDGE('',*,*,#591,.F.);
#120=ORIENTED_EDGE('',*,*,#592,.T.);
#121=ORIENTED_EDGE('',*,*,#593,.F.);
#122=ORIENTED_EDGE('',*,*,#586,.F.);
#123=ORIENTED_EDGE('',*,*,#594,.F.);
#124=ORIENTED_EDGE('',*,*,#595,.T.);
#125=ORIENTED_EDGE('',*,*,#596,.F.);
#126=ORIENTED_EDGE('',*,*,#589,.F.);
#127=ORIENTED_EDGE('',*,*,#597,.F.);
#128=ORIENTED_EDGE('',*,*,#598,.T.);
#129=ORIENTED_EDGE('',*,*,#599,.F.);
#130=ORIENTED_EDGE('',*,*,#592,.F.);
#131=ORIENTED_EDGE('',*,*,#600,.F.);
#132=ORIENTED_EDGE('',*,*,#601,.T.);
#133=ORIENTED_EDGE('',*,*,#602,.F.);
#134=ORIENTED_EDGE('',*,*,#595,.F.);
#135=ORIENTED_EDGE('',*,*,#603,.F.);
#136=ORIENTED_EDGE('',*,*,#604,.T.);
#137=ORIENTED_EDGE('',*,*,#605,.F.);
#138=ORIENTED_EDGE('',*,*,#598,.F.);
#139=ORIENTED_EDGE('',*,*,#606,.F.);
#140=ORIENTED_EDGE('',*,*,#607,.T.);
#141=ORIENTED_EDGE('',*,*,#608,.F.);
#142=ORIENTED_EDGE('',*,*,#601,.F.);
#143=ORIENTED_EDGE('',*,*,#609,.F.);
#144=ORIENTED_EDGE('',*,*,#604,.F.);
#145=ORIENTED_EDGE('',*,*,#610,.F.);
#146=ORIENTED_EDGE('',*,*,#607,.F.);
#147=ORIENTED_EDGE('',*,*,#611,.F.);
#148=ORIENTED_EDGE('',*,*,#612,.T.);
#149=ORIENTED_EDGE('',*,*,#613,.F.);
#150=ORIENTED_EDGE('',*,*,#614,.T.);
#151=ORIENTED_EDGE('',*,*,#615,.F.);
#152=ORIENTED_EDGE('',*,*,#616,.T.);
#153=ORIENTED_EDGE('',*,*,#617,.F.);
#154=ORIENTED_EDGE('',*,*,#614,.F.);
#155=ORIENTED_EDGE('',*,*,#618,.F.);
#156=ORIENTED_EDGE('',*,*,#619,.T.);
#157=ORIENTED_EDGE('',*,*,#620,.F.);
#158=ORIENTED_EDGE('',*,*,#612,.F.);
#159=ORIENTED_EDGE('',*,*,#621,.F.);
#160=ORIENTED_EDGE('',*,*,#622,.T.);
#161=ORIENTED_EDGE('',*,*,#623,.F.);
#162=ORIENTED_EDGE('',*,*,#616,.F.);
#163=ORIENTED_EDGE('',*,*,#624,.F.);
#164=ORIENTED_EDGE('',*,*,#625,.T.);
#165=ORIENTED_EDGE('',*,*,#626,.F.);
#166=ORIENTED_EDGE('',*,*,#619,.F.);
#167=ORIENTED_EDGE('',*,*,#627,.F.);
#168=ORIENTED_EDGE('',*,*,#628,.T.);
#169=ORIENTED_EDGE('',*,*,#629,.F.);
#170=ORIENTED_EDGE('',*,*,#622,.F.);
#171=ORIENTED_EDGE('',*,*,#630,.F.);
#172=ORIENTED_EDGE('',*,*,#631,.T.);
#173=ORIENTED_EDGE('',*,*,#632,.F.);
#174=ORIENTED_EDGE('',*,*,#625,.F.);
#175=ORIENTED_EDGE('',*,*,#633,.F.);
#176=ORIENTED_EDGE('',*,*,#634,.T.);
#177=ORIENTED_EDGE('',*,*,#635,.F.);
#178=ORIENTED_EDGE('',*,*,#628,.F.);
#179=ORIENTED_EDGE('',*,*,#636,.F.);
#180=ORIENTED_EDGE('',*,*,#637,.T.);
#181=ORIENTED_EDGE('',*,*,#638,.F.);
#182=ORIENTED_EDGE('',*,*,#631,.F.);
#183=ORIENTED_EDGE('',*,*,#639,.F.);
#184=ORIENTED_EDGE('',*,*,#640,.T.);
#185=ORIENTED_EDGE('',*,*,#641,.F.);
#186=ORIENTED_EDGE('',*,*,#634,.F.);
#187=ORIENTED_EDGE('',*,*,#642,.F.);
#188=ORIENTED_EDGE('',*,*,#643,.T.);
#189=ORIENTED_EDGE('',*,*,#644,.F.);
#190=ORIENTED_EDGE('',*,*,#637,.F.);
#191=ORIENTED_EDGE('',*,*,#645,.F.);
#192=ORIENTED_EDGE('',*,*,#640,.F.);
#193=ORIENTED_EDGE('',*,*,#646,.F.);
#194=ORIENTED_EDGE('',*,*,#643,.F.);
#195=ORIENTED_EDGE('',*,*,#647,.F.);
#196=ORIENTED_EDGE('',*,*,#648,.T.);
#197=ORIENTED_EDGE('',*,*,#649,.F.);
#198=ORIENTED_EDGE('',*,*,#650,.T.);
#199=ORIENTED_EDGE('',*,*,#651,.F.);
#200=ORIENTED_EDGE('',*,*,#652,.T.);
#201=ORIENTED_EDGE('',*,*,#653,.F.);
#202=ORIENTED_EDGE('',*,*,#650,.F.);
#203=ORIENTED_EDGE('',*,*,#654,.F.);
#204=ORIENTED_EDGE('',*,*,#655,.T.);
#205=ORIENTED_EDGE('',*,*,#656,.F.);
#206=ORIENTED_EDGE('',*,*,#648,.F.);
#207=ORIENTED_EDGE('',*,*,#657,.F.);
#208=ORIENTED_EDGE('',*,*,#658,.T.);
#209=ORIENTED_EDGE('',*,*,#659,.F.);
#210=ORIENTED_EDGE('',*,*,#652,.F.);
#211=ORIENTED_EDGE('',*,*,#660,.F.);
#212=ORIENTED_EDGE('',*,*,#661,.T.);
#213=ORIENTED_EDGE('',*,*,#662,.F.);
#214=ORIENTED_EDGE('',*,*,#655,.F.);
#215=ORIENTED_EDGE('',*,*,#663,.F.);
#216=ORIENTED_EDGE('',*,*,#664,.T.);
#217=ORIENTED_EDGE('',*,*,#665,.F.);
#218=ORIENTED_EDGE('',*,*,#658,.F.);
#219=ORIENTED_EDGE('',*,*,#666,.F.);
#220=ORIENTED_EDGE('',*,*,#667,.T.);
#221=ORIENTED_EDGE('',*,*,#668,.F.);
#222=ORIENTED_EDGE('',*,*,#661,.F.);
#223=ORIENTED_EDGE('',*,*,#669,.F.);
#224=ORIENTED_EDGE('',*,*,#670,.T.);
#225=ORIENTED_EDGE('',*,*,#671,.F.);
#226=ORIENTED_EDGE('',*,*,#664,.F.);
#227=ORIENTED_EDGE('',*,*,#672,.F.);
#228=ORIENTED_EDGE('',*,*,#673,.T.);
#229=ORIENTED_EDGE('',*,*,#674,.F.);
#230=ORIENTED_EDGE('',*,*,#667,.F.);
#231=ORIENTED_EDGE('',*,*,#675,.F.);
#232=ORIENTED_EDGE('',*,*,#676,.T.);
#233=ORIENTED_EDGE('',*,*,#677,.F.);
#234=ORIENTED_EDGE('',*,*,#670,.F.);
#235=ORIENTED_EDGE('',*,*,#678,.F.);
#236=ORIENTED_EDGE('',*,*,#679,.T.);
#237=ORIENTED_EDGE('',*,*,#680,.F.);
#238=ORIENTED_EDGE('',*,*,#673,.F.);
#239=ORIENTED_EDGE('',*,*,#681,.F.);
#240=ORIENTED_EDGE('',*,*,#676,.F.);
#241=ORIENTED_EDGE('',*,*,#682,.F.);
#242=ORIENTED_EDGE('',*,*,#679,.F.);
#243=ORIENTED_EDGE('',*,*,#683,.F.);
#244=ORIENTED_EDGE('',*,*,#684,.T.);
#245=ORIENTED_EDGE('',*,*,#685,.T.);
#246=ORIENTED_EDGE('',*,*,#686,.T.);
#247=ORIENTED_EDGE('',*,*,#687,.F.);
#248=ORIENTED_EDGE('',*,*,#688,.T.);
#249=ORIENTED_EDGE('',*,*,#689,.F.);
#250=ORIENTED_EDGE('',*,*,#690,.F.);
#251=ORIENTED_EDGE('',*,*,#691,.F.);
#252=ORIENTED_EDGE('',*,*,#692,.F.);
#253=ORIENTED_EDGE('',*,*,#693,.T.);
#254=ORIENTED_EDGE('',*,*,#694,.F.);
#255=ORIENTED_EDGE('',*,*,#695,.T.);
#256=ORIENTED_EDGE('',*,*,#696,.T.);
#257=ORIENTED_EDGE('',*,*,#585,.T.);
#258=ORIENTED_EDGE('',*,*,#579,.T.);
#259=ORIENTED_EDGE('',*,*,#581,.T.);
#260=ORIENTED_EDGE('',*,*,#587,.T.);
#261=ORIENTED_EDGE('',*,*,#593,.T.);
#262=ORIENTED_EDGE('',*,*,#599,.T.);
#263=ORIENTED_EDGE('',*,*,#605,.T.);
#264=ORIENTED_EDGE('',*,*,#611,.T.);
#265=ORIENTED_EDGE('',*,*,#609,.T.);
#266=ORIENTED_EDGE('',*,*,#603,.T.);
#267=ORIENTED_EDGE('',*,*,#597,.T.);
#268=ORIENTED_EDGE('',*,*,#591,.T.);
#269=ORIENTED_EDGE('',*,*,#697,.T.);
#270=ORIENTED_EDGE('',*,*,#588,.T.);
#271=ORIENTED_EDGE('',*,*,#698,.F.);
#272=ORIENTED_EDGE('',*,*,#695,.F.);
#273=ORIENTED_EDGE('',*,*,#699,.T.);
#274=ORIENTED_EDGE('',*,*,#594,.T.);
#275=ORIENTED_EDGE('',*,*,#697,.F.);
#276=ORIENTED_EDGE('',*,*,#694,.T.);
#277=ORIENTED_EDGE('',*,*,#700,.T.);
#278=ORIENTED_EDGE('',*,*,#600,.T.);
#279=ORIENTED_EDGE('',*,*,#699,.F.);
#280=ORIENTED_EDGE('',*,*,#693,.F.);
#281=ORIENTED_EDGE('',*,*,#701,.T.);
#282=ORIENTED_EDGE('',*,*,#606,.T.);
#283=ORIENTED_EDGE('',*,*,#700,.F.);
#284=ORIENTED_EDGE('',*,*,#692,.T.);
#285=ORIENTED_EDGE('',*,*,#702,.T.);
#286=ORIENTED_EDGE('',*,*,#610,.T.);
#287=ORIENTED_EDGE('',*,*,#701,.F.);
#288=ORIENTED_EDGE('',*,*,#691,.T.);
#289=ORIENTED_EDGE('',*,*,#703,.T.);
#290=ORIENTED_EDGE('',*,*,#608,.T.);
#291=ORIENTED_EDGE('',*,*,#702,.F.);
#292=ORIENTED_EDGE('',*,*,#690,.T.);
#293=ORIENTED_EDGE('',*,*,#704,.T.);
#294=ORIENTED_EDGE('',*,*,#602,.T.);
#295=ORIENTED_EDGE('',*,*,#703,.F.);
#296=ORIENTED_EDGE('',*,*,#689,.T.);
#297=ORIENTED_EDGE('',*,*,#705,.T.);
#298=ORIENTED_EDGE('',*,*,#596,.T.);
#299=ORIENTED_EDGE('',*,*,#704,.F.);
#300=ORIENTED_EDGE('',*,*,#688,.F.);
#301=ORIENTED_EDGE('',*,*,#706,.T.);
#302=ORIENTED_EDGE('',*,*,#590,.T.);
#303=ORIENTED_EDGE('',*,*,#705,.F.);
#304=ORIENTED_EDGE('',*,*,#687,.T.);
#305=ORIENTED_EDGE('',*,*,#707,.T.);
#306=ORIENTED_EDGE('',*,*,#584,.T.);
#307=ORIENTED_EDGE('',*,*,#706,.F.);
#308=ORIENTED_EDGE('',*,*,#686,.F.);
#309=ORIENTED_EDGE('',*,*,#708,.T.);
#310=ORIENTED_EDGE('',*,*,#577,.T.);
#311=ORIENTED_EDGE('',*,*,#707,.F.);
#312=ORIENTED_EDGE('',*,*,#685,.F.);
#313=ORIENTED_EDGE('',*,*,#698,.T.);
#314=ORIENTED_EDGE('',*,*,#582,.T.);
#315=ORIENTED_EDGE('',*,*,#708,.F.);
#316=ORIENTED_EDGE('',*,*,#684,.F.);
#317=ORIENTED_EDGE('',*,*,#709,.T.);
#318=ORIENTED_EDGE('',*,*,#710,.T.);
#319=ORIENTED_EDGE('',*,*,#711,.T.);
#320=ORIENTED_EDGE('',*,*,#712,.F.);
#321=ORIENTED_EDGE('',*,*,#713,.T.);
#322=ORIENTED_EDGE('',*,*,#714,.F.);
#323=ORIENTED_EDGE('',*,*,#715,.F.);
#324=ORIENTED_EDGE('',*,*,#716,.F.);
#325=ORIENTED_EDGE('',*,*,#717,.F.);
#326=ORIENTED_EDGE('',*,*,#718,.T.);
#327=ORIENTED_EDGE('',*,*,#719,.F.);
#328=ORIENTED_EDGE('',*,*,#720,.T.);
#329=ORIENTED_EDGE('',*,*,#721,.T.);
#330=ORIENTED_EDGE('',*,*,#657,.T.);
#331=ORIENTED_EDGE('',*,*,#651,.T.);
#332=ORIENTED_EDGE('',*,*,#653,.T.);
#333=ORIENTED_EDGE('',*,*,#659,.T.);
#334=ORIENTED_EDGE('',*,*,#665,.T.);
#335=ORIENTED_EDGE('',*,*,#671,.T.);
#336=ORIENTED_EDGE('',*,*,#677,.T.);
#337=ORIENTED_EDGE('',*,*,#683,.T.);
#338=ORIENTED_EDGE('',*,*,#681,.T.);
#339=ORIENTED_EDGE('',*,*,#675,.T.);
#340=ORIENTED_EDGE('',*,*,#669,.T.);
#341=ORIENTED_EDGE('',*,*,#663,.T.);
#342=ORIENTED_EDGE('',*,*,#722,.T.);
#343=ORIENTED_EDGE('',*,*,#660,.T.);
#344=ORIENTED_EDGE('',*,*,#723,.F.);
#345=ORIENTED_EDGE('',*,*,#720,.F.);
#346=ORIENTED_EDGE('',*,*,#724,.T.);
#347=ORIENTED_EDGE('',*,*,#666,.T.);
#348=ORIENTED_EDGE('',*,*,#722,.F.);
#349=ORIENTED_EDGE('',*,*,#719,.T.);
#350=ORIENTED_EDGE('',*,*,#725,.T.);
#351=ORIENTED_EDGE('',*,*,#672,.T.);
#352=ORIENTED_EDGE('',*,*,#724,.F.);
#353=ORIENTED_EDGE('',*,*,#718,.F.);
#354=ORIENTED_EDGE('',*,*,#726,.T.);
#355=ORIENTED_EDGE('',*,*,#678,.T.);
#356=ORIENTED_EDGE('',*,*,#725,.F.);
#357=ORIENTED_EDGE('',*,*,#717,.T.);
#358=ORIENTED_EDGE('',*,*,#727,.T.);
#359=ORIENTED_EDGE('',*,*,#682,.T.);
#360=ORIENTED_EDGE('',*,*,#726,.F.);
#361=ORIENTED_EDGE('',*,*,#716,.T.);
#362=ORIENTED_EDGE('',*,*,#728,.T.);
#363=ORIENTED_EDGE('',*,*,#680,.T.);
#364=ORIENTED_EDGE('',*,*,#727,.F.);
#365=ORIENTED_EDGE('',*,*,#715,.T.);
#366=ORIENTED_EDGE('',*,*,#729,.T.);
#367=ORIENTED_EDGE('',*,*,#674,.T.);
#368=ORIENTED_EDGE('',*,*,#728,.F.);
#369=ORIENTED_EDGE('',*,*,#714,.T.);
#370=ORIENTED_EDGE('',*,*,#730,.T.);
#371=ORIENTED_EDGE('',*,*,#668,.T.);
#372=ORIENTED_EDGE('',*,*,#729,.F.);
#373=ORIENTED_EDGE('',*,*,#713,.F.);
#374=ORIENTED_EDGE('',*,*,#731,.T.);
#375=ORIENTED_EDGE('',*,*,#662,.T.);
#376=ORIENTED_EDGE('',*,*,#730,.F.);
#377=ORIENTED_EDGE('',*,*,#712,.T.);
#378=ORIENTED_EDGE('',*,*,#732,.T.);
#379=ORIENTED_EDGE('',*,*,#656,.T.);
#380=ORIENTED_EDGE('',*,*,#731,.F.);
#381=ORIENTED_EDGE('',*,*,#711,.F.);
#382=ORIENTED_EDGE('',*,*,#733,.T.);
#383=ORIENTED_EDGE('',*,*,#649,.T.);
#384=ORIENTED_EDGE('',*,*,#732,.F.);
#385=ORIENTED_EDGE('',*,*,#710,.F.);
#386=ORIENTED_EDGE('',*,*,#723,.T.);
#387=ORIENTED_EDGE('',*,*,#654,.T.);
#388=ORIENTED_EDGE('',*,*,#733,.F.);
#389=ORIENTED_EDGE('',*,*,#709,.F.);
#390=ORIENTED_EDGE('',*,*,#734,.T.);
#391=ORIENTED_EDGE('',*,*,#735,.T.);
#392=ORIENTED_EDGE('',*,*,#736,.T.);
#393=ORIENTED_EDGE('',*,*,#737,.F.);
#394=ORIENTED_EDGE('',*,*,#738,.T.);
#395=ORIENTED_EDGE('',*,*,#739,.F.);
#396=ORIENTED_EDGE('',*,*,#740,.F.);
#397=ORIENTED_EDGE('',*,*,#741,.F.);
#398=ORIENTED_EDGE('',*,*,#742,.F.);
#399=ORIENTED_EDGE('',*,*,#743,.T.);
#400=ORIENTED_EDGE('',*,*,#744,.F.);
#401=ORIENTED_EDGE('',*,*,#745,.T.);
#402=ORIENTED_EDGE('',*,*,#746,.T.);
#403=ORIENTED_EDGE('',*,*,#621,.T.);
#404=ORIENTED_EDGE('',*,*,#615,.T.);
#405=ORIENTED_EDGE('',*,*,#617,.T.);
#406=ORIENTED_EDGE('',*,*,#623,.T.);
#407=ORIENTED_EDGE('',*,*,#629,.T.);
#408=ORIENTED_EDGE('',*,*,#635,.T.);
#409=ORIENTED_EDGE('',*,*,#641,.T.);
#410=ORIENTED_EDGE('',*,*,#647,.T.);
#411=ORIENTED_EDGE('',*,*,#645,.T.);
#412=ORIENTED_EDGE('',*,*,#639,.T.);
#413=ORIENTED_EDGE('',*,*,#633,.T.);
#414=ORIENTED_EDGE('',*,*,#627,.T.);
#415=ORIENTED_EDGE('',*,*,#747,.T.);
#416=ORIENTED_EDGE('',*,*,#624,.T.);
#417=ORIENTED_EDGE('',*,*,#748,.F.);
#418=ORIENTED_EDGE('',*,*,#745,.F.);
#419=ORIENTED_EDGE('',*,*,#749,.T.);
#420=ORIENTED_EDGE('',*,*,#630,.T.);
#421=ORIENTED_EDGE('',*,*,#747,.F.);
#422=ORIENTED_EDGE('',*,*,#744,.T.);
#423=ORIENTED_EDGE('',*,*,#750,.T.);
#424=ORIENTED_EDGE('',*,*,#636,.T.);
#425=ORIENTED_EDGE('',*,*,#749,.F.);
#426=ORIENTED_EDGE('',*,*,#743,.F.);
#427=ORIENTED_EDGE('',*,*,#751,.T.);
#428=ORIENTED_EDGE('',*,*,#642,.T.);
#429=ORIENTED_EDGE('',*,*,#750,.F.);
#430=ORIENTED_EDGE('',*,*,#742,.T.);
#431=ORIENTED_EDGE('',*,*,#752,.T.);
#432=ORIENTED_EDGE('',*,*,#646,.T.);
#433=ORIENTED_EDGE('',*,*,#751,.F.);
#434=ORIENTED_EDGE('',*,*,#741,.T.);
#435=ORIENTED_EDGE('',*,*,#753,.T.);
#436=ORIENTED_EDGE('',*,*,#644,.T.);
#437=ORIENTED_EDGE('',*,*,#752,.F.);
#438=ORIENTED_EDGE('',*,*,#740,.T.);
#439=ORIENTED_EDGE('',*,*,#754,.T.);
#440=ORIENTED_EDGE('',*,*,#638,.T.);
#441=ORIENTED_EDGE('',*,*,#753,.F.);
#442=ORIENTED_EDGE('',*,*,#739,.T.);
#443=ORIENTED_EDGE('',*,*,#755,.T.);
#444=ORIENTED_EDGE('',*,*,#632,.T.);
#445=ORIENTED_EDGE('',*,*,#754,.F.);
#446=ORIENTED_EDGE('',*,*,#738,.F.);
#447=ORIENTED_EDGE('',*,*,#756,.T.);
#448=ORIENTED_EDGE('',*,*,#626,.T.);
#449=ORIENTED_EDGE('',*,*,#755,.F.);
#450=ORIENTED_EDGE('',*,*,#737,.T.);
#451=ORIENTED_EDGE('',*,*,#757,.T.);
#452=ORIENTED_EDGE('',*,*,#620,.T.);
#453=ORIENTED_EDGE('',*,*,#756,.F.);
#454=ORIENTED_EDGE('',*,*,#736,.F.);
#455=ORIENTED_EDGE('',*,*,#758,.T.);
#456=ORIENTED_EDGE('',*,*,#613,.T.);
#457=ORIENTED_EDGE('',*,*,#757,.F.);
#458=ORIENTED_EDGE('',*,*,#735,.F.);
#459=ORIENTED_EDGE('',*,*,#748,.T.);
#460=ORIENTED_EDGE('',*,*,#618,.T.);
#461=ORIENTED_EDGE('',*,*,#758,.F.);
#462=ORIENTED_EDGE('',*,*,#734,.F.);
#463=ORIENTED_EDGE('',*,*,#759,.T.);
#464=ORIENTED_EDGE('',*,*,#760,.F.);
#465=ORIENTED_EDGE('',*,*,#761,.T.);
#466=ORIENTED_EDGE('',*,*,#762,.F.);
#467=ORIENTED_EDGE('',*,*,#763,.T.);
#468=ORIENTED_EDGE('',*,*,#764,.F.);
#469=ORIENTED_EDGE('',*,*,#761,.F.);
#470=ORIENTED_EDGE('',*,*,#765,.F.);
#471=ORIENTED_EDGE('',*,*,#766,.T.);
#472=ORIENTED_EDGE('',*,*,#767,.F.);
#473=ORIENTED_EDGE('',*,*,#759,.F.);
#474=ORIENTED_EDGE('',*,*,#768,.F.);
#475=ORIENTED_EDGE('',*,*,#769,.T.);
#476=ORIENTED_EDGE('',*,*,#770,.F.);
#477=ORIENTED_EDGE('',*,*,#763,.F.);
#478=ORIENTED_EDGE('',*,*,#771,.F.);
#479=ORIENTED_EDGE('',*,*,#772,.T.);
#480=ORIENTED_EDGE('',*,*,#773,.F.);
#481=ORIENTED_EDGE('',*,*,#766,.F.);
#482=ORIENTED_EDGE('',*,*,#774,.F.);
#483=ORIENTED_EDGE('',*,*,#775,.T.);
#484=ORIENTED_EDGE('',*,*,#776,.F.);
#485=ORIENTED_EDGE('',*,*,#769,.F.);
#486=ORIENTED_EDGE('',*,*,#777,.F.);
#487=ORIENTED_EDGE('',*,*,#778,.T.);
#488=ORIENTED_EDGE('',*,*,#779,.F.);
#489=ORIENTED_EDGE('',*,*,#772,.F.);
#490=ORIENTED_EDGE('',*,*,#780,.F.);
#491=ORIENTED_EDGE('',*,*,#775,.F.);
#492=ORIENTED_EDGE('',*,*,#781,.F.);
#493=ORIENTED_EDGE('',*,*,#778,.F.);
#494=ORIENTED_EDGE('',*,*,#782,.F.);
#495=ORIENTED_EDGE('',*,*,#783,.F.);
#496=ORIENTED_EDGE('',*,*,#760,.T.);
#497=ORIENTED_EDGE('',*,*,#784,.F.);
#498=ORIENTED_EDGE('',*,*,#785,.F.);
#499=ORIENTED_EDGE('',*,*,#786,.F.);
#500=ORIENTED_EDGE('',*,*,#771,.T.);
#501=ORIENTED_EDGE('',*,*,#787,.F.);
#502=ORIENTED_EDGE('',*,*,#788,.F.);
#503=ORIENTED_EDGE('',*,*,#789,.F.);
#504=ORIENTED_EDGE('',*,*,#773,.T.);
#505=ORIENTED_EDGE('',*,*,#790,.F.);
#506=ORIENTED_EDGE('',*,*,#791,.F.);
#507=ORIENTED_EDGE('',*,*,#792,.F.);
#508=ORIENTED_EDGE('',*,*,#781,.T.);
#509=ORIENTED_EDGE('',*,*,#793,.F.);
#510=ORIENTED_EDGE('',*,*,#794,.F.);
#511=ORIENTED_EDGE('',*,*,#795,.T.);
#512=ORIENTED_EDGE('',*,*,#796,.T.);
#513=ORIENTED_EDGE('',*,*,#797,.F.);
#514=ORIENTED_EDGE('',*,*,#798,.F.);
#515=ORIENTED_EDGE('',*,*,#799,.T.);
#516=ORIENTED_EDGE('',*,*,#800,.T.);
#517=ORIENTED_EDGE('',*,*,#801,.F.);
#518=ORIENTED_EDGE('',*,*,#802,.F.);
#519=ORIENTED_EDGE('',*,*,#803,.F.);
#520=ORIENTED_EDGE('',*,*,#800,.F.);
#521=ORIENTED_EDGE('',*,*,#804,.T.);
#522=ORIENTED_EDGE('',*,*,#796,.F.);
#523=ORIENTED_EDGE('',*,*,#805,.F.);
#524=ORIENTED_EDGE('',*,*,#806,.F.);
#525=ORIENTED_EDGE('',*,*,#807,.F.);
#526=ORIENTED_EDGE('',*,*,#795,.F.);
#527=ORIENTED_EDGE('',*,*,#808,.F.);
#528=ORIENTED_EDGE('',*,*,#801,.T.);
#529=ORIENTED_EDGE('',*,*,#803,.T.);
#530=ORIENTED_EDGE('',*,*,#797,.T.);
#531=ORIENTED_EDGE('',*,*,#804,.F.);
#532=ORIENTED_EDGE('',*,*,#799,.F.);
#533=ORIENTED_EDGE('',*,*,#809,.F.);
#534=ORIENTED_EDGE('',*,*,#787,.T.);
#535=ORIENTED_EDGE('',*,*,#765,.T.);
#536=ORIENTED_EDGE('',*,*,#783,.T.);
#537=ORIENTED_EDGE('',*,*,#810,.T.);
#538=ORIENTED_EDGE('',*,*,#790,.T.);
#539=ORIENTED_EDGE('',*,*,#779,.T.);
#540=ORIENTED_EDGE('',*,*,#792,.T.);
#541=ORIENTED_EDGE('',*,*,#811,.T.);
#542=ORIENTED_EDGE('',*,*,#768,.T.);
#543=ORIENTED_EDGE('',*,*,#762,.T.);
#544=ORIENTED_EDGE('',*,*,#764,.T.);
#545=ORIENTED_EDGE('',*,*,#770,.T.);
#546=ORIENTED_EDGE('',*,*,#776,.T.);
#547=ORIENTED_EDGE('',*,*,#782,.T.);
#548=ORIENTED_EDGE('',*,*,#780,.T.);
#549=ORIENTED_EDGE('',*,*,#774,.T.);
#550=ORIENTED_EDGE('',*,*,#784,.T.);
#551=ORIENTED_EDGE('',*,*,#767,.T.);
#552=ORIENTED_EDGE('',*,*,#789,.T.);
#553=ORIENTED_EDGE('',*,*,#812,.T.);
#554=ORIENTED_EDGE('',*,*,#793,.T.);
#555=ORIENTED_EDGE('',*,*,#777,.T.);
#556=ORIENTED_EDGE('',*,*,#786,.T.);
#557=ORIENTED_EDGE('',*,*,#813,.T.);
#558=ORIENTED_EDGE('',*,*,#809,.T.);
#559=ORIENTED_EDGE('',*,*,#802,.T.);
#560=ORIENTED_EDGE('',*,*,#808,.T.);
#561=ORIENTED_EDGE('',*,*,#798,.T.);
#562=ORIENTED_EDGE('',*,*,#811,.F.);
#563=ORIENTED_EDGE('',*,*,#794,.T.);
#564=ORIENTED_EDGE('',*,*,#813,.F.);
#565=ORIENTED_EDGE('',*,*,#788,.T.);
#566=ORIENTED_EDGE('',*,*,#810,.F.);
#567=ORIENTED_EDGE('',*,*,#785,.T.);
#568=ORIENTED_EDGE('',*,*,#812,.F.);
#569=ORIENTED_EDGE('',*,*,#791,.T.);
#570=ORIENTED_EDGE('',*,*,#746,.F.);
#571=ORIENTED_EDGE('',*,*,#805,.T.);
#572=ORIENTED_EDGE('',*,*,#721,.F.);
#573=ORIENTED_EDGE('',*,*,#806,.T.);
#574=ORIENTED_EDGE('',*,*,#696,.F.);
#575=ORIENTED_EDGE('',*,*,#807,.T.);
#576=EDGE_CURVE('',#814,#815,#960,.T.);
#577=EDGE_CURVE('',#816,#815,#961,.T.);
#578=EDGE_CURVE('',#816,#817,#962,.T.);
#579=EDGE_CURVE('',#814,#817,#963,.T.);
#580=EDGE_CURVE('',#818,#819,#964,.T.);
#581=EDGE_CURVE('',#817,#819,#965,.T.);
#582=EDGE_CURVE('',#818,#816,#966,.T.);
#583=EDGE_CURVE('',#820,#821,#967,.T.);
#584=EDGE_CURVE('',#815,#821,#968,.T.);
#585=EDGE_CURVE('',#820,#814,#969,.T.);
#586=EDGE_CURVE('',#822,#823,#970,.T.);
#587=EDGE_CURVE('',#819,#823,#971,.T.);
#588=EDGE_CURVE('',#822,#818,#972,.T.);
#589=EDGE_CURVE('',#824,#825,#973,.T.);
#590=EDGE_CURVE('',#821,#825,#974,.T.);
#591=EDGE_CURVE('',#824,#820,#975,.T.);
#592=EDGE_CURVE('',#826,#827,#976,.T.);
#593=EDGE_CURVE('',#823,#827,#977,.T.);
#594=EDGE_CURVE('',#826,#822,#978,.T.);
#595=EDGE_CURVE('',#828,#829,#979,.T.);
#596=EDGE_CURVE('',#825,#829,#980,.T.);
#597=EDGE_CURVE('',#828,#824,#981,.T.);
#598=EDGE_CURVE('',#830,#831,#982,.T.);
#599=EDGE_CURVE('',#827,#831,#983,.T.);
#600=EDGE_CURVE('',#830,#826,#984,.T.);
#601=EDGE_CURVE('',#832,#833,#985,.T.);
#602=EDGE_CURVE('',#829,#833,#986,.T.);
#603=EDGE_CURVE('',#832,#828,#987,.T.);
#604=EDGE_CURVE('',#834,#835,#988,.T.);
#605=EDGE_CURVE('',#831,#835,#989,.T.);
#606=EDGE_CURVE('',#834,#830,#990,.T.);
#607=EDGE_CURVE('',#836,#837,#991,.T.);
#608=EDGE_CURVE('',#833,#837,#992,.T.);
#609=EDGE_CURVE('',#836,#832,#993,.T.);
#610=EDGE_CURVE('',#837,#834,#994,.T.);
#611=EDGE_CURVE('',#835,#836,#995,.T.);
#612=EDGE_CURVE('',#838,#839,#996,.T.);
#613=EDGE_CURVE('',#840,#839,#997,.T.);
#614=EDGE_CURVE('',#840,#841,#998,.T.);
#615=EDGE_CURVE('',#838,#841,#999,.T.);
#616=EDGE_CURVE('',#842,#843,#1000,.T.);
#617=EDGE_CURVE('',#841,#843,#1001,.T.);
#618=EDGE_CURVE('',#842,#840,#1002,.T.);
#619=EDGE_CURVE('',#844,#845,#1003,.T.);
#620=EDGE_CURVE('',#839,#845,#1004,.T.);
#621=EDGE_CURVE('',#844,#838,#1005,.T.);
#622=EDGE_CURVE('',#846,#847,#1006,.T.);
#623=EDGE_CURVE('',#843,#847,#1007,.T.);
#624=EDGE_CURVE('',#846,#842,#1008,.T.);
#625=EDGE_CURVE('',#848,#849,#1009,.T.);
#626=EDGE_CURVE('',#845,#849,#1010,.T.);
#627=EDGE_CURVE('',#848,#844,#1011,.T.);
#628=EDGE_CURVE('',#850,#851,#1012,.T.);
#629=EDGE_CURVE('',#847,#851,#1013,.T.);
#630=EDGE_CURVE('',#850,#846,#1014,.T.);
#631=EDGE_CURVE('',#852,#853,#1015,.T.);
#632=EDGE_CURVE('',#849,#853,#1016,.T.);
#633=EDGE_CURVE('',#852,#848,#1017,.T.);
#634=EDGE_CURVE('',#854,#855,#1018,.T.);
#635=EDGE_CURVE('',#851,#855,#1019,.T.);
#636=EDGE_CURVE('',#854,#850,#1020,.T.);
#637=EDGE_CURVE('',#856,#857,#1021,.T.);
#638=EDGE_CURVE('',#853,#857,#1022,.T.);
#639=EDGE_CURVE('',#856,#852,#1023,.T.);
#640=EDGE_CURVE('',#858,#859,#1024,.T.);
#641=EDGE_CURVE('',#855,#859,#1025,.T.);
#642=EDGE_CURVE('',#858,#854,#1026,.T.);
#643=EDGE_CURVE('',#860,#861,#1027,.T.);
#644=EDGE_CURVE('',#857,#861,#1028,.T.);
#645=EDGE_CURVE('',#860,#856,#1029,.T.);
#646=EDGE_CURVE('',#861,#858,#1030,.T.);
#647=EDGE_CURVE('',#859,#860,#1031,.T.);
#648=EDGE_CURVE('',#862,#863,#1032,.T.);
#649=EDGE_CURVE('',#864,#863,#1033,.T.);
#650=EDGE_CURVE('',#864,#865,#1034,.T.);
#651=EDGE_CURVE('',#862,#865,#1035,.T.);
#652=EDGE_CURVE('',#866,#867,#1036,.T.);
#653=EDGE_CURVE('',#865,#867,#1037,.T.);
#654=EDGE_CURVE('',#866,#864,#1038,.T.);
#655=EDGE_CURVE('',#868,#869,#1039,.T.);
#656=EDGE_CURVE('',#863,#869,#1040,.T.);
#657=EDGE_CURVE('',#868,#862,#1041,.T.);
#658=EDGE_CURVE('',#870,#871,#1042,.T.);
#659=EDGE_CURVE('',#867,#871,#1043,.T.);
#660=EDGE_CURVE('',#870,#866,#1044,.T.);
#661=EDGE_CURVE('',#872,#873,#1045,.T.);
#662=EDGE_CURVE('',#869,#873,#1046,.T.);
#663=EDGE_CURVE('',#872,#868,#1047,.T.);
#664=EDGE_CURVE('',#874,#875,#1048,.T.);
#665=EDGE_CURVE('',#871,#875,#1049,.T.);
#666=EDGE_CURVE('',#874,#870,#1050,.T.);
#667=EDGE_CURVE('',#876,#877,#1051,.T.);
#668=EDGE_CURVE('',#873,#877,#1052,.T.);
#669=EDGE_CURVE('',#876,#872,#1053,.T.);
#670=EDGE_CURVE('',#878,#879,#1054,.T.);
#671=EDGE_CURVE('',#875,#879,#1055,.T.);
#672=EDGE_CURVE('',#878,#874,#1056,.T.);
#673=EDGE_CURVE('',#880,#881,#1057,.T.);
#674=EDGE_CURVE('',#877,#881,#1058,.T.);
#675=EDGE_CURVE('',#880,#876,#1059,.T.);
#676=EDGE_CURVE('',#882,#883,#1060,.T.);
#677=EDGE_CURVE('',#879,#883,#1061,.T.);
#678=EDGE_CURVE('',#882,#878,#1062,.T.);
#679=EDGE_CURVE('',#884,#885,#1063,.T.);
#680=EDGE_CURVE('',#881,#885,#1064,.T.);
#681=EDGE_CURVE('',#884,#880,#1065,.T.);
#682=EDGE_CURVE('',#885,#882,#1066,.T.);
#683=EDGE_CURVE('',#883,#884,#1067,.T.);
#684=EDGE_CURVE('',#886,#887,#1068,.T.);
#685=EDGE_CURVE('',#887,#888,#66,.T.);
#686=EDGE_CURVE('',#888,#889,#1069,.T.);
#687=EDGE_CURVE('',#890,#889,#67,.T.);
#688=EDGE_CURVE('',#890,#891,#1070,.T.);
#689=EDGE_CURVE('',#892,#891,#68,.T.);
#690=EDGE_CURVE('',#893,#892,#1071,.T.);
#691=EDGE_CURVE('',#894,#893,#69,.T.);
#692=EDGE_CURVE('',#895,#894,#1072,.T.);
#693=EDGE_CURVE('',#895,#896,#70,.T.);
#694=EDGE_CURVE('',#897,#896,#1073,.T.);
#695=EDGE_CURVE('',#897,#886,#71,.T.);
#696=EDGE_CURVE('',#898,#898,#72,.T.);
#697=EDGE_CURVE('',#897,#822,#1074,.T.);
#698=EDGE_CURVE('',#886,#818,#1075,.T.);
#699=EDGE_CURVE('',#896,#826,#1076,.T.);
#700=EDGE_CURVE('',#895,#830,#1077,.T.);
#701=EDGE_CURVE('',#894,#834,#1078,.T.);
#702=EDGE_CURVE('',#893,#837,#1079,.T.);
#703=EDGE_CURVE('',#892,#833,#1080,.T.);
#704=EDGE_CURVE('',#891,#829,#1081,.T.);
#705=EDGE_CURVE('',#890,#825,#1082,.T.);
#706=EDGE_CURVE('',#889,#821,#1083,.T.);
#707=EDGE_CURVE('',#888,#815,#1084,.T.);
#708=EDGE_CURVE('',#887,#816,#1085,.T.);
#709=EDGE_CURVE('',#899,#900,#1086,.T.);
#710=EDGE_CURVE('',#900,#901,#73,.T.);
#711=EDGE_CURVE('',#901,#902,#1087,.T.);
#712=EDGE_CURVE('',#903,#902,#74,.T.);
#713=EDGE_CURVE('',#903,#904,#1088,.T.);
#714=EDGE_CURVE('',#905,#904,#75,.T.);
#715=EDGE_CURVE('',#906,#905,#1089,.T.);
#716=EDGE_CURVE('',#907,#906,#76,.T.);
#717=EDGE_CURVE('',#908,#907,#1090,.T.);
#718=EDGE_CURVE('',#908,#909,#77,.T.);
#719=EDGE_CURVE('',#910,#909,#1091,.T.);
#720=EDGE_CURVE('',#910,#899,#78,.T.);
#721=EDGE_CURVE('',#911,#911,#79,.T.);
#722=EDGE_CURVE('',#910,#870,#1092,.T.);
#723=EDGE_CURVE('',#899,#866,#1093,.T.);
#724=EDGE_CURVE('',#909,#874,#1094,.T.);
#725=EDGE_CURVE('',#908,#878,#1095,.T.);
#726=EDGE_CURVE('',#907,#882,#1096,.T.);
#727=EDGE_CURVE('',#906,#885,#1097,.T.);
#728=EDGE_CURVE('',#905,#881,#1098,.T.);
#729=EDGE_CURVE('',#904,#877,#1099,.T.);
#730=EDGE_CURVE('',#903,#873,#1100,.T.);
#731=EDGE_CURVE('',#902,#869,#1101,.T.);
#732=EDGE_CURVE('',#901,#863,#1102,.T.);
#733=EDGE_CURVE('',#900,#864,#1103,.T.);
#734=EDGE_CURVE('',#912,#913,#1104,.T.);
#735=EDGE_CURVE('',#913,#914,#80,.T.);
#736=EDGE_CURVE('',#914,#915,#1105,.T.);
#737=EDGE_CURVE('',#916,#915,#81,.T.);
#738=EDGE_CURVE('',#916,#917,#1106,.T.);
#739=EDGE_CURVE('',#918,#917,#82,.T.);
#740=EDGE_CURVE('',#919,#918,#1107,.T.);
#741=EDGE_CURVE('',#920,#919,#83,.T.);
#742=EDGE_CURVE('',#921,#920,#1108,.T.);
#743=EDGE_CURVE('',#921,#922,#84,.T.);
#744=EDGE_CURVE('',#923,#922,#1109,.T.);
#745=EDGE_CURVE('',#923,#912,#85,.T.);
#746=EDGE_CURVE('',#924,#924,#86,.T.);
#747=EDGE_CURVE('',#923,#846,#1110,.T.);
#748=EDGE_CURVE('',#912,#842,#1111,.T.);
#749=EDGE_CURVE('',#922,#850,#1112,.T.);
#750=EDGE_CURVE('',#921,#854,#1113,.T.);
#751=EDGE_CURVE('',#920,#858,#1114,.T.);
#752=EDGE_CURVE('',#919,#861,#1115,.T.);
#753=EDGE_CURVE('',#918,#857,#1116,.T.);
#754=EDGE_CURVE('',#917,#853,#1117,.T.);
#755=EDGE_CURVE('',#916,#849,#1118,.T.);
#756=EDGE_CURVE('',#915,#845,#1119,.T.);
#757=EDGE_CURVE('',#914,#839,#1120,.T.);
#758=EDGE_CURVE('',#913,#840,#1121,.T.);
#759=EDGE_CURVE('',#925,#926,#19,.F.);
#760=EDGE_CURVE('',#927,#926,#20,.F.);
#761=EDGE_CURVE('',#927,#928,#21,.T.);
#762=EDGE_CURVE('',#925,#928,#22,.T.);
#763=EDGE_CURVE('',#929,#930,#87,.T.);
#764=EDGE_CURVE('',#928,#930,#23,.T.);
#765=EDGE_CURVE('',#929,#927,#24,.F.);
#766=EDGE_CURVE('',#931,#932,#25,.T.);
#767=EDGE_CURVE('',#926,#932,#1122,.T.);
#768=EDGE_CURVE('',#931,#925,#1123,.T.);
#769=EDGE_CURVE('',#933,#934,#26,.F.);
#770=EDGE_CURVE('',#930,#934,#27,.T.);
#771=EDGE_CURVE('',#933,#929,#28,.F.);
#772=EDGE_CURVE('',#935,#936,#88,.T.);
#773=EDGE_CURVE('',#932,#936,#29,.F.);
#774=EDGE_CURVE('',#935,#931,#30,.T.);
#775=EDGE_CURVE('',#937,#938,#31,.T.);
#776=EDGE_CURVE('',#934,#938,#1124,.T.);
#777=EDGE_CURVE('',#937,#933,#1125,.T.);
#778=EDGE_CURVE('',#939,#940,#89,.T.);
#779=EDGE_CURVE('',#936,#940,#32,.F.);
#780=EDGE_CURVE('',#939,#935,#33,.T.);
#781=EDGE_CURVE('',#940,#937,#34,.F.);
#782=EDGE_CURVE('',#938,#939,#35,.T.);
#783=EDGE_CURVE('',#927,#941,#36,.F.);
#784=EDGE_CURVE('',#942,#926,#37,.T.);
#785=EDGE_CURVE('',#941,#942,#38,.T.);
#786=EDGE_CURVE('',#933,#943,#39,.T.);
#787=EDGE_CURVE('',#944,#929,#40,.F.);
#788=EDGE_CURVE('',#943,#944,#41,.T.);
#789=EDGE_CURVE('',#932,#945,#42,.T.);
#790=EDGE_CURVE('',#946,#936,#43,.F.);
#791=EDGE_CURVE('',#945,#946,#44,.T.);
#792=EDGE_CURVE('',#940,#947,#45,.F.);
#793=EDGE_CURVE('',#948,#937,#46,.T.);
#794=EDGE_CURVE('',#947,#948,#47,.T.);
#795=EDGE_CURVE('',#949,#950,#48,.T.);
#796=EDGE_CURVE('',#950,#951,#49,.T.);
#797=EDGE_CURVE('',#952,#951,#50,.T.);
#798=EDGE_CURVE('',#949,#952,#51,.T.);
#799=EDGE_CURVE('',#953,#954,#52,.T.);
#800=EDGE_CURVE('',#954,#955,#53,.T.);
#801=EDGE_CURVE('',#956,#955,#54,.T.);
#802=EDGE_CURVE('',#953,#956,#55,.T.);
#803=EDGE_CURVE('',#955,#950,#1126,.T.);
#804=EDGE_CURVE('',#954,#951,#1127,.T.);
#805=EDGE_CURVE('',#957,#957,#56,.T.);
#806=EDGE_CURVE('',#958,#958,#57,.T.);
#807=EDGE_CURVE('',#959,#959,#58,.T.);
#808=EDGE_CURVE('',#956,#949,#1128,.T.);
#809=EDGE_CURVE('',#952,#953,#1129,.T.);
#810=EDGE_CURVE('',#941,#944,#1130,.T.);
#811=EDGE_CURVE('',#947,#946,#1131,.T.);
#812=EDGE_CURVE('',#945,#942,#1132,.T.);
#813=EDGE_CURVE('',#943,#948,#1133,.T.);
#814=VERTEX_POINT('',#2254);
#815=VERTEX_POINT('',#2255);
#816=VERTEX_POINT('',#2257);
#817=VERTEX_POINT('',#2259);
#818=VERTEX_POINT('',#2263);
#819=VERTEX_POINT('',#2264);
#820=VERTEX_POINT('',#2269);
#821=VERTEX_POINT('',#2270);
#822=VERTEX_POINT('',#2275);
#823=VERTEX_POINT('',#2276);
#824=VERTEX_POINT('',#2281);
#825=VERTEX_POINT('',#2282);
#826=VERTEX_POINT('',#2287);
#827=VERTEX_POINT('',#2288);
#828=VERTEX_POINT('',#2293);
#829=VERTEX_POINT('',#2294);
#830=VERTEX_POINT('',#2299);
#831=VERTEX_POINT('',#2300);
#832=VERTEX_POINT('',#2305);
#833=VERTEX_POINT('',#2306);
#834=VERTEX_POINT('',#2311);
#835=VERTEX_POINT('',#2312);
#836=VERTEX_POINT('',#2317);
#837=VERTEX_POINT('',#2318);
#838=VERTEX_POINT('',#2326);
#839=VERTEX_POINT('',#2327);
#840=VERTEX_POINT('',#2329);
#841=VERTEX_POINT('',#2331);
#842=VERTEX_POINT('',#2335);
#843=VERTEX_POINT('',#2336);
#844=VERTEX_POINT('',#2341);
#845=VERTEX_POINT('',#2342);
#846=VERTEX_POINT('',#2347);
#847=VERTEX_POINT('',#2348);
#848=VERTEX_POINT('',#2353);
#849=VERTEX_POINT('',#2354);
#850=VERTEX_POINT('',#2359);
#851=VERTEX_POINT('',#2360);
#852=VERTEX_POINT('',#2365);
#853=VERTEX_POINT('',#2366);
#854=VERTEX_POINT('',#2371);
#855=VERTEX_POINT('',#2372);
#856=VERTEX_POINT('',#2377);
#857=VERTEX_POINT('',#2378);
#858=VERTEX_POINT('',#2383);
#859=VERTEX_POINT('',#2384);
#860=VERTEX_POINT('',#2389);
#861=VERTEX_POINT('',#2390);
#862=VERTEX_POINT('',#2398);
#863=VERTEX_POINT('',#2399);
#864=VERTEX_POINT('',#2401);
#865=VERTEX_POINT('',#2403);
#866=VERTEX_POINT('',#2407);
#867=VERTEX_POINT('',#2408);
#868=VERTEX_POINT('',#2413);
#869=VERTEX_POINT('',#2414);
#870=VERTEX_POINT('',#2419);
#871=VERTEX_POINT('',#2420);
#872=VERTEX_POINT('',#2425);
#873=VERTEX_POINT('',#2426);
#874=VERTEX_POINT('',#2431);
#875=VERTEX_POINT('',#2432);
#876=VERTEX_POINT('',#2437);
#877=VERTEX_POINT('',#2438);
#878=VERTEX_POINT('',#2443);
#879=VERTEX_POINT('',#2444);
#880=VERTEX_POINT('',#2449);
#881=VERTEX_POINT('',#2450);
#882=VERTEX_POINT('',#2455);
#883=VERTEX_POINT('',#2456);
#884=VERTEX_POINT('',#2461);
#885=VERTEX_POINT('',#2462);
#886=VERTEX_POINT('',#2470);
#887=VERTEX_POINT('',#2471);
#888=VERTEX_POINT('',#2473);
#889=VERTEX_POINT('',#2475);
#890=VERTEX_POINT('',#2477);
#891=VERTEX_POINT('',#2479);
#892=VERTEX_POINT('',#2481);
#893=VERTEX_POINT('',#2483);
#894=VERTEX_POINT('',#2485);
#895=VERTEX_POINT('',#2487);
#896=VERTEX_POINT('',#2489);
#897=VERTEX_POINT('',#2491);
#898=VERTEX_POINT('',#2495);
#899=VERTEX_POINT('',#2522);
#900=VERTEX_POINT('',#2523);
#901=VERTEX_POINT('',#2525);
#902=VERTEX_POINT('',#2527);
#903=VERTEX_POINT('',#2529);
#904=VERTEX_POINT('',#2531);
#905=VERTEX_POINT('',#2533);
#906=VERTEX_POINT('',#2535);
#907=VERTEX_POINT('',#2537);
#908=VERTEX_POINT('',#2539);
#909=VERTEX_POINT('',#2541);
#910=VERTEX_POINT('',#2543);
#911=VERTEX_POINT('',#2547);
#912=VERTEX_POINT('',#2574);
#913=VERTEX_POINT('',#2575);
#914=VERTEX_POINT('',#2577);
#915=VERTEX_POINT('',#2579);
#916=VERTEX_POINT('',#2581);
#917=VERTEX_POINT('',#2583);
#918=VERTEX_POINT('',#2585);
#919=VERTEX_POINT('',#2587);
#920=VERTEX_POINT('',#2589);
#921=VERTEX_POINT('',#2591);
#922=VERTEX_POINT('',#2593);
#923=VERTEX_POINT('',#2595);
#924=VERTEX_POINT('',#2599);
#925=VERTEX_POINT('',#2670);
#926=VERTEX_POINT('',#2671);
#927=VERTEX_POINT('',#2677);
#928=VERTEX_POINT('',#2682);
#929=VERTEX_POINT('',#2713);
#930=VERTEX_POINT('',#2714);
#931=VERTEX_POINT('',#2738);
#932=VERTEX_POINT('',#2739);
#933=VERTEX_POINT('',#2782);
#934=VERTEX_POINT('',#2783);
#935=VERTEX_POINT('',#2838);
#936=VERTEX_POINT('',#2839);
#937=VERTEX_POINT('',#2855);
#938=VERTEX_POINT('',#2856);
#939=VERTEX_POINT('',#2884);
#940=VERTEX_POINT('',#2885);
#941=VERTEX_POINT('',#2996);
#942=VERTEX_POINT('',#3019);
#943=VERTEX_POINT('',#3106);
#944=VERTEX_POINT('',#3114);
#945=VERTEX_POINT('',#3189);
#946=VERTEX_POINT('',#3197);
#947=VERTEX_POINT('',#3269);
#948=VERTEX_POINT('',#3292);
#949=VERTEX_POINT('',#3317);
#950=VERTEX_POINT('',#3318);
#951=VERTEX_POINT('',#3323);
#952=VERTEX_POINT('',#3328);
#953=VERTEX_POINT('',#3353);
#954=VERTEX_POINT('',#3354);
#955=VERTEX_POINT('',#3359);
#956=VERTEX_POINT('',#3364);
#957=VERTEX_POINT('',#3383);
#958=VERTEX_POINT('',#3395);
#959=VERTEX_POINT('',#3407);
#960=LINE('',#2253,#1134);
#961=LINE('',#2256,#1135);
#962=LINE('',#2258,#1136);
#963=LINE('',#2260,#1137);
#964=LINE('',#2262,#1138);
#965=LINE('',#2265,#1139);
#966=LINE('',#2266,#1140);
#967=LINE('',#2268,#1141);
#968=LINE('',#2271,#1142);
#969=LINE('',#2272,#1143);
#970=LINE('',#2274,#1144);
#971=LINE('',#2277,#1145);
#972=LINE('',#2278,#1146);
#973=LINE('',#2280,#1147);
#974=LINE('',#2283,#1148);
#975=LINE('',#2284,#1149);
#976=LINE('',#2286,#1150);
#977=LINE('',#2289,#1151);
#978=LINE('',#2290,#1152);
#979=LINE('',#2292,#1153);
#980=LINE('',#2295,#1154);
#981=LINE('',#2296,#1155);
#982=LINE('',#2298,#1156);
#983=LINE('',#2301,#1157);
#984=LINE('',#2302,#1158);
#985=LINE('',#2304,#1159);
#986=LINE('',#2307,#1160);
#987=LINE('',#2308,#1161);
#988=LINE('',#2310,#1162);
#989=LINE('',#2313,#1163);
#990=LINE('',#2314,#1164);
#991=LINE('',#2316,#1165);
#992=LINE('',#2319,#1166);
#993=LINE('',#2320,#1167);
#994=LINE('',#2322,#1168);
#995=LINE('',#2323,#1169);
#996=LINE('',#2325,#1170);
#997=LINE('',#2328,#1171);
#998=LINE('',#2330,#1172);
#999=LINE('',#2332,#1173);
#1000=LINE('',#2334,#1174);
#1001=LINE('',#2337,#1175);
#1002=LINE('',#2338,#1176);
#1003=LINE('',#2340,#1177);
#1004=LINE('',#2343,#1178);
#1005=LINE('',#2344,#1179);
#1006=LINE('',#2346,#1180);
#1007=LINE('',#2349,#1181);
#1008=LINE('',#2350,#1182);
#1009=LINE('',#2352,#1183);
#1010=LINE('',#2355,#1184);
#1011=LINE('',#2356,#1185);
#1012=LINE('',#2358,#1186);
#1013=LINE('',#2361,#1187);
#1014=LINE('',#2362,#1188);
#1015=LINE('',#2364,#1189);
#1016=LINE('',#2367,#1190);
#1017=LINE('',#2368,#1191);
#1018=LINE('',#2370,#1192);
#1019=LINE('',#2373,#1193);
#1020=LINE('',#2374,#1194);
#1021=LINE('',#2376,#1195);
#1022=LINE('',#2379,#1196);
#1023=LINE('',#2380,#1197);
#1024=LINE('',#2382,#1198);
#1025=LINE('',#2385,#1199);
#1026=LINE('',#2386,#1200);
#1027=LINE('',#2388,#1201);
#1028=LINE('',#2391,#1202);
#1029=LINE('',#2392,#1203);
#1030=LINE('',#2394,#1204);
#1031=LINE('',#2395,#1205);
#1032=LINE('',#2397,#1206);
#1033=LINE('',#2400,#1207);
#1034=LINE('',#2402,#1208);
#1035=LINE('',#2404,#1209);
#1036=LINE('',#2406,#1210);
#1037=LINE('',#2409,#1211);
#1038=LINE('',#2410,#1212);
#1039=LINE('',#2412,#1213);
#1040=LINE('',#2415,#1214);
#1041=LINE('',#2416,#1215);
#1042=LINE('',#2418,#1216);
#1043=LINE('',#2421,#1217);
#1044=LINE('',#2422,#1218);
#1045=LINE('',#2424,#1219);
#1046=LINE('',#2427,#1220);
#1047=LINE('',#2428,#1221);
#1048=LINE('',#2430,#1222);
#1049=LINE('',#2433,#1223);
#1050=LINE('',#2434,#1224);
#1051=LINE('',#2436,#1225);
#1052=LINE('',#2439,#1226);
#1053=LINE('',#2440,#1227);
#1054=LINE('',#2442,#1228);
#1055=LINE('',#2445,#1229);
#1056=LINE('',#2446,#1230);
#1057=LINE('',#2448,#1231);
#1058=LINE('',#2451,#1232);
#1059=LINE('',#2452,#1233);
#1060=LINE('',#2454,#1234);
#1061=LINE('',#2457,#1235);
#1062=LINE('',#2458,#1236);
#1063=LINE('',#2460,#1237);
#1064=LINE('',#2463,#1238);
#1065=LINE('',#2464,#1239);
#1066=LINE('',#2466,#1240);
#1067=LINE('',#2467,#1241);
#1068=LINE('',#2469,#1242);
#1069=LINE('',#2474,#1243);
#1070=LINE('',#2478,#1244);
#1071=LINE('',#2482,#1245);
#1072=LINE('',#2486,#1246);
#1073=LINE('',#2490,#1247);
#1074=LINE('',#2497,#1248);
#1075=LINE('',#2498,#1249);
#1076=LINE('',#2500,#1250);
#1077=LINE('',#2502,#1251);
#1078=LINE('',#2504,#1252);
#1079=LINE('',#2506,#1253);
#1080=LINE('',#2508,#1254);
#1081=LINE('',#2510,#1255);
#1082=LINE('',#2512,#1256);
#1083=LINE('',#2514,#1257);
#1084=LINE('',#2516,#1258);
#1085=LINE('',#2518,#1259);
#1086=LINE('',#2521,#1260);
#1087=LINE('',#2526,#1261);
#1088=LINE('',#2530,#1262);
#1089=LINE('',#2534,#1263);
#1090=LINE('',#2538,#1264);
#1091=LINE('',#2542,#1265);
#1092=LINE('',#2549,#1266);
#1093=LINE('',#2550,#1267);
#1094=LINE('',#2552,#1268);
#1095=LINE('',#2554,#1269);
#1096=LINE('',#2556,#1270);
#1097=LINE('',#2558,#1271);
#1098=LINE('',#2560,#1272);
#1099=LINE('',#2562,#1273);
#1100=LINE('',#2564,#1274);
#1101=LINE('',#2566,#1275);
#1102=LINE('',#2568,#1276);
#1103=LINE('',#2570,#1277);
#1104=LINE('',#2573,#1278);
#1105=LINE('',#2578,#1279);
#1106=LINE('',#2582,#1280);
#1107=LINE('',#2586,#1281);
#1108=LINE('',#2590,#1282);
#1109=LINE('',#2594,#1283);
#1110=LINE('',#2601,#1284);
#1111=LINE('',#2602,#1285);
#1112=LINE('',#2604,#1286);
#1113=LINE('',#2606,#1287);
#1114=LINE('',#2608,#1288);
#1115=LINE('',#2610,#1289);
#1116=LINE('',#2612,#1290);
#1117=LINE('',#2614,#1291);
#1118=LINE('',#2616,#1292);
#1119=LINE('',#2618,#1293);
#1120=LINE('',#2620,#1294);
#1121=LINE('',#2622,#1295);
#1122=LINE('',#2740,#1296);
#1123=LINE('',#2741,#1297);
#1124=LINE('',#2857,#1298);
#1125=LINE('',#2858,#1299);
#1126=LINE('',#3370,#1300);
#1127=LINE('',#3371,#1301);
#1128=LINE('',#3409,#1302);
#1129=LINE('',#3411,#1303);
#1130=LINE('',#3436,#1304);
#1131=LINE('',#3461,#1305);
#1132=LINE('',#3464,#1306);
#1133=LINE('',#3466,#1307);
#1134=VECTOR('',#1851,1.);
#1135=VECTOR('',#1852,1.);
#1136=VECTOR('',#1853,1.);
#1137=VECTOR('',#1854,1.);
#1138=VECTOR('',#1857,1.);
#1139=VECTOR('',#1858,1.);
#1140=VECTOR('',#1859,1.);
#1141=VECTOR('',#1862,1.);
#1142=VECTOR('',#1863,1.);
#1143=VECTOR('',#1864,1.);
#1144=VECTOR('',#1867,1.);
#1145=VECTOR('',#1868,1.);
#1146=VECTOR('',#1869,1.);
#1147=VECTOR('',#1872,1.);
#1148=VECTOR('',#1873,1.);
#1149=VECTOR('',#1874,1.);
#1150=VECTOR('',#1877,1.);
#1151=VECTOR('',#1878,1.);
#1152=VECTOR('',#1879,1.);
#1153=VECTOR('',#1882,1.);
#1154=VECTOR('',#1883,1.);
#1155=VECTOR('',#1884,1.);
#1156=VECTOR('',#1887,1.);
#1157=VECTOR('',#1888,1.);
#1158=VECTOR('',#1889,1.);
#1159=VECTOR('',#1892,1.);
#1160=VECTOR('',#1893,1.);
#1161=VECTOR('',#1894,1.);
#1162=VECTOR('',#1897,1.);
#1163=VECTOR('',#1898,1.);
#1164=VECTOR('',#1899,1.);
#1165=VECTOR('',#1902,1.);
#1166=VECTOR('',#1903,1.);
#1167=VECTOR('',#1904,1.);
#1168=VECTOR('',#1907,1.);
#1169=VECTOR('',#1908,1.);
#1170=VECTOR('',#1911,1.);
#1171=VECTOR('',#1912,1.);
#1172=VECTOR('',#1913,1.);
#1173=VECTOR('',#1914,1.);
#1174=VECTOR('',#1917,1.);
#1175=VECTOR('',#1918,1.);
#1176=VECTOR('',#1919,1.);
#1177=VECTOR('',#1922,1.);
#1178=VECTOR('',#1923,1.);
#1179=VECTOR('',#1924,1.);
#1180=VECTOR('',#1927,1.);
#1181=VECTOR('',#1928,1.);
#1182=VECTOR('',#1929,1.);
#1183=VECTOR('',#1932,1.);
#1184=VECTOR('',#1933,1.);
#1185=VECTOR('',#1934,1.);
#1186=VECTOR('',#1937,1.);
#1187=VECTOR('',#1938,1.);
#1188=VECTOR('',#1939,1.);
#1189=VECTOR('',#1942,1.);
#1190=VECTOR('',#1943,1.);
#1191=VECTOR('',#1944,1.);
#1192=VECTOR('',#1947,1.);
#1193=VECTOR('',#1948,1.);
#1194=VECTOR('',#1949,1.);
#1195=VECTOR('',#1952,1.);
#1196=VECTOR('',#1953,1.);
#1197=VECTOR('',#1954,1.);
#1198=VECTOR('',#1957,1.);
#1199=VECTOR('',#1958,1.);
#1200=VECTOR('',#1959,1.);
#1201=VECTOR('',#1962,1.);
#1202=VECTOR('',#1963,1.);
#1203=VECTOR('',#1964,1.);
#1204=VECTOR('',#1967,1.);
#1205=VECTOR('',#1968,1.);
#1206=VECTOR('',#1971,1.);
#1207=VECTOR('',#1972,1.);
#1208=VECTOR('',#1973,1.);
#1209=VECTOR('',#1974,1.);
#1210=VECTOR('',#1977,1.);
#1211=VECTOR('',#1978,1.);
#1212=VECTOR('',#1979,1.);
#1213=VECTOR('',#1982,1.);
#1214=VECTOR('',#1983,1.);
#1215=VECTOR('',#1984,1.);
#1216=VECTOR('',#1987,1.);
#1217=VECTOR('',#1988,1.);
#1218=VECTOR('',#1989,1.);
#1219=VECTOR('',#1992,1.);
#1220=VECTOR('',#1993,1.);
#1221=VECTOR('',#1994,1.);
#1222=VECTOR('',#1997,1.);
#1223=VECTOR('',#1998,1.);
#1224=VECTOR('',#1999,1.);
#1225=VECTOR('',#2002,1.);
#1226=VECTOR('',#2003,1.);
#1227=VECTOR('',#2004,1.);
#1228=VECTOR('',#2007,1.);
#1229=VECTOR('',#2008,1.);
#1230=VECTOR('',#2009,1.);
#1231=VECTOR('',#2012,1.);
#1232=VECTOR('',#2013,1.);
#1233=VECTOR('',#2014,1.);
#1234=VECTOR('',#2017,1.);
#1235=VECTOR('',#2018,1.);
#1236=VECTOR('',#2019,1.);
#1237=VECTOR('',#2022,1.);
#1238=VECTOR('',#2023,1.);
#1239=VECTOR('',#2024,1.);
#1240=VECTOR('',#2027,1.);
#1241=VECTOR('',#2028,1.);
#1242=VECTOR('',#2031,1.);
#1243=VECTOR('',#2034,1.);
#1244=VECTOR('',#2037,1.);
#1245=VECTOR('',#2040,1.);
#1246=VECTOR('',#2043,1.);
#1247=VECTOR('',#2046,1.);
#1248=VECTOR('',#2055,1.);
#1249=VECTOR('',#2056,1.);
#1250=VECTOR('',#2059,1.);
#1251=VECTOR('',#2062,1.);
#1252=VECTOR('',#2065,1.);
#1253=VECTOR('',#2068,1.);
#1254=VECTOR('',#2071,1.);
#1255=VECTOR('',#2074,1.);
#1256=VECTOR('',#2077,1.);
#1257=VECTOR('',#2080,1.);
#1258=VECTOR('',#2083,1.);
#1259=VECTOR('',#2086,1.);
#1260=VECTOR('',#2091,1.);
#1261=VECTOR('',#2094,1.);
#1262=VECTOR('',#2097,1.);
#1263=VECTOR('',#2100,1.);
#1264=VECTOR('',#2103,1.);
#1265=VECTOR('',#2106,1.);
#1266=VECTOR('',#2115,1.);
#1267=VECTOR('',#2116,1.);
#1268=VECTOR('',#2119,1.);
#1269=VECTOR('',#2122,1.);
#1270=VECTOR('',#2125,1.);
#1271=VECTOR('',#2128,1.);
#1272=VECTOR('',#2131,1.);
#1273=VECTOR('',#2134,1.);
#1274=VECTOR('',#2137,1.);
#1275=VECTOR('',#2140,1.);
#1276=VECTOR('',#2143,1.);
#1277=VECTOR('',#2146,1.);
#1278=VECTOR('',#2151,1.);
#1279=VECTOR('',#2154,1.);
#1280=VECTOR('',#2157,1.);
#1281=VECTOR('',#2160,1.);
#1282=VECTOR('',#2163,1.);
#1283=VECTOR('',#2166,1.);
#1284=VECTOR('',#2175,1.);
#1285=VECTOR('',#2176,1.);
#1286=VECTOR('',#2179,1.);
#1287=VECTOR('',#2182,1.);
#1288=VECTOR('',#2185,1.);
#1289=VECTOR('',#2188,1.);
#1290=VECTOR('',#2191,1.);
#1291=VECTOR('',#2194,1.);
#1292=VECTOR('',#2197,1.);
#1293=VECTOR('',#2200,1.);
#1294=VECTOR('',#2203,1.);
#1295=VECTOR('',#2206,1.);
#1296=VECTOR('',#2213,1.);
#1297=VECTOR('',#2214,1.);
#1298=VECTOR('',#2219,1.);
#1299=VECTOR('',#2220,1.);
#1300=VECTOR('',#2225,1.);
#1301=VECTOR('',#2226,1.);
#1302=VECTOR('',#2229,1.);
#1303=VECTOR('',#2232,1.);
#1304=VECTOR('',#2233,1.);
#1305=VECTOR('',#2234,1.);
#1306=VECTOR('',#2239,1.);
#1307=VECTOR('',#2242,1.);
#1308=EDGE_LOOP('',(#100,#101,#102,#103));
#1309=EDGE_LOOP('',(#104,#105,#106,#107));
#1310=EDGE_LOOP('',(#108,#109,#110,#111));
#1311=EDGE_LOOP('',(#112,#113,#114,#115));
#1312=EDGE_LOOP('',(#116,#117,#118,#119));
#1313=EDGE_LOOP('',(#120,#121,#122,#123));
#1314=EDGE_LOOP('',(#124,#125,#126,#127));
#1315=EDGE_LOOP('',(#128,#129,#130,#131));
#1316=EDGE_LOOP('',(#132,#133,#134,#135));
#1317=EDGE_LOOP('',(#136,#137,#138,#139));
#1318=EDGE_LOOP('',(#140,#141,#142,#143));
#1319=EDGE_LOOP('',(#144,#145,#146,#147));
#1320=EDGE_LOOP('',(#148,#149,#150,#151));
#1321=EDGE_LOOP('',(#152,#153,#154,#155));
#1322=EDGE_LOOP('',(#156,#157,#158,#159));
#1323=EDGE_LOOP('',(#160,#161,#162,#163));
#1324=EDGE_LOOP('',(#164,#165,#166,#167));
#1325=EDGE_LOOP('',(#168,#169,#170,#171));
#1326=EDGE_LOOP('',(#172,#173,#174,#175));
#1327=EDGE_LOOP('',(#176,#177,#178,#179));
#1328=EDGE_LOOP('',(#180,#181,#182,#183));
#1329=EDGE_LOOP('',(#184,#185,#186,#187));
#1330=EDGE_LOOP('',(#188,#189,#190,#191));
#1331=EDGE_LOOP('',(#192,#193,#194,#195));
#1332=EDGE_LOOP('',(#196,#197,#198,#199));
#1333=EDGE_LOOP('',(#200,#201,#202,#203));
#1334=EDGE_LOOP('',(#204,#205,#206,#207));
#1335=EDGE_LOOP('',(#208,#209,#210,#211));
#1336=EDGE_LOOP('',(#212,#213,#214,#215));
#1337=EDGE_LOOP('',(#216,#217,#218,#219));
#1338=EDGE_LOOP('',(#220,#221,#222,#223));
#1339=EDGE_LOOP('',(#224,#225,#226,#227));
#1340=EDGE_LOOP('',(#228,#229,#230,#231));
#1341=EDGE_LOOP('',(#232,#233,#234,#235));
#1342=EDGE_LOOP('',(#236,#237,#238,#239));
#1343=EDGE_LOOP('',(#240,#241,#242,#243));
#1344=EDGE_LOOP('',(#244,#245,#246,#247,#248,#249,#250,#251,#252,#253,#254,
#255));
#1345=EDGE_LOOP('',(#256));
#1346=EDGE_LOOP('',(#257,#258,#259,#260,#261,#262,#263,#264,#265,#266,#267,
#268));
#1347=EDGE_LOOP('',(#269,#270,#271,#272));
#1348=EDGE_LOOP('',(#273,#274,#275,#276));
#1349=EDGE_LOOP('',(#277,#278,#279,#280));
#1350=EDGE_LOOP('',(#281,#282,#283,#284));
#1351=EDGE_LOOP('',(#285,#286,#287,#288));
#1352=EDGE_LOOP('',(#289,#290,#291,#292));
#1353=EDGE_LOOP('',(#293,#294,#295,#296));
#1354=EDGE_LOOP('',(#297,#298,#299,#300));
#1355=EDGE_LOOP('',(#301,#302,#303,#304));
#1356=EDGE_LOOP('',(#305,#306,#307,#308));
#1357=EDGE_LOOP('',(#309,#310,#311,#312));
#1358=EDGE_LOOP('',(#313,#314,#315,#316));
#1359=EDGE_LOOP('',(#317,#318,#319,#320,#321,#322,#323,#324,#325,#326,#327,
#328));
#1360=EDGE_LOOP('',(#329));
#1361=EDGE_LOOP('',(#330,#331,#332,#333,#334,#335,#336,#337,#338,#339,#340,
#341));
#1362=EDGE_LOOP('',(#342,#343,#344,#345));
#1363=EDGE_LOOP('',(#346,#347,#348,#349));
#1364=EDGE_LOOP('',(#350,#351,#352,#353));
#1365=EDGE_LOOP('',(#354,#355,#356,#357));
#1366=EDGE_LOOP('',(#358,#359,#360,#361));
#1367=EDGE_LOOP('',(#362,#363,#364,#365));
#1368=EDGE_LOOP('',(#366,#367,#368,#369));
#1369=EDGE_LOOP('',(#370,#371,#372,#373));
#1370=EDGE_LOOP('',(#374,#375,#376,#377));
#1371=EDGE_LOOP('',(#378,#379,#380,#381));
#1372=EDGE_LOOP('',(#382,#383,#384,#385));
#1373=EDGE_LOOP('',(#386,#387,#388,#389));
#1374=EDGE_LOOP('',(#390,#391,#392,#393,#394,#395,#396,#397,#398,#399,#400,
#401));
#1375=EDGE_LOOP('',(#402));
#1376=EDGE_LOOP('',(#403,#404,#405,#406,#407,#408,#409,#410,#411,#412,#413,
#414));
#1377=EDGE_LOOP('',(#415,#416,#417,#418));
#1378=EDGE_LOOP('',(#419,#420,#421,#422));
#1379=EDGE_LOOP('',(#423,#424,#425,#426));
#1380=EDGE_LOOP('',(#427,#428,#429,#430));
#1381=EDGE_LOOP('',(#431,#432,#433,#434));
#1382=EDGE_LOOP('',(#435,#436,#437,#438));
#1383=EDGE_LOOP('',(#439,#440,#441,#442));
#1384=EDGE_LOOP('',(#443,#444,#445,#446));
#1385=EDGE_LOOP('',(#447,#448,#449,#450));
#1386=EDGE_LOOP('',(#451,#452,#453,#454));
#1387=EDGE_LOOP('',(#455,#456,#457,#458));
#1388=EDGE_LOOP('',(#459,#460,#461,#462));
#1389=EDGE_LOOP('',(#463,#464,#465,#466));
#1390=EDGE_LOOP('',(#467,#468,#469,#470));
#1391=EDGE_LOOP('',(#471,#472,#473,#474));
#1392=EDGE_LOOP('',(#475,#476,#477,#478));
#1393=EDGE_LOOP('',(#479,#480,#481,#482));
#1394=EDGE_LOOP('',(#483,#484,#485,#486));
#1395=EDGE_LOOP('',(#487,#488,#489,#490));
#1396=EDGE_LOOP('',(#491,#492,#493,#494));
#1397=EDGE_LOOP('',(#495,#496,#497,#498));
#1398=EDGE_LOOP('',(#499,#500,#501,#502));
#1399=EDGE_LOOP('',(#503,#504,#505,#506));
#1400=EDGE_LOOP('',(#507,#508,#509,#510));
#1401=EDGE_LOOP('',(#511,#512,#513,#514));
#1402=EDGE_LOOP('',(#515,#516,#517,#518));
#1403=EDGE_LOOP('',(#519,#520,#521,#522));
#1404=EDGE_LOOP('',(#523));
#1405=EDGE_LOOP('',(#524));
#1406=EDGE_LOOP('',(#525));
#1407=EDGE_LOOP('',(#526,#527,#528,#529));
#1408=EDGE_LOOP('',(#530,#531,#532,#533));
#1409=EDGE_LOOP('',(#534,#535,#536,#537));
#1410=EDGE_LOOP('',(#538,#539,#540,#541));
#1411=EDGE_LOOP('',(#542,#543,#544,#545,#546,#547,#548,#549));
#1412=EDGE_LOOP('',(#550,#551,#552,#553));
#1413=EDGE_LOOP('',(#554,#555,#556,#557));
#1414=EDGE_LOOP('',(#558,#559,#560,#561));
#1415=EDGE_LOOP('',(#562,#563,#564,#565,#566,#567,#568,#569));
#1416=EDGE_LOOP('',(#570));
#1417=EDGE_LOOP('',(#571));
#1418=EDGE_LOOP('',(#572));
#1419=EDGE_LOOP('',(#573));
#1420=EDGE_LOOP('',(#574));
#1421=EDGE_LOOP('',(#575));
#1422=FACE_BOUND('',#1308,.T.);
#1423=FACE_BOUND('',#1309,.T.);
#1424=FACE_BOUND('',#1310,.T.);
#1425=FACE_BOUND('',#1311,.T.);
#1426=FACE_BOUND('',#1312,.T.);
#1427=FACE_BOUND('',#1313,.T.);
#1428=FACE_BOUND('',#1314,.T.);
#1429=FACE_BOUND('',#1315,.T.);
#1430=FACE_BOUND('',#1316,.T.);
#1431=FACE_BOUND('',#1317,.T.);
#1432=FACE_BOUND('',#1318,.T.);
#1433=FACE_BOUND('',#1319,.T.);
#1434=FACE_BOUND('',#1320,.T.);
#1435=FACE_BOUND('',#1321,.T.);
#1436=FACE_BOUND('',#1322,.T.);
#1437=FACE_BOUND('',#1323,.T.);
#1438=FACE_BOUND('',#1324,.T.);
#1439=FACE_BOUND('',#1325,.T.);
#1440=FACE_BOUND('',#1326,.T.);
#1441=FACE_BOUND('',#1327,.T.);
#1442=FACE_BOUND('',#1328,.T.);
#1443=FACE_BOUND('',#1329,.T.);
#1444=FACE_BOUND('',#1330,.T.);
#1445=FACE_BOUND('',#1331,.T.);
#1446=FACE_BOUND('',#1332,.T.);
#1447=FACE_BOUND('',#1333,.T.);
#1448=FACE_BOUND('',#1334,.T.);
#1449=FACE_BOUND('',#1335,.T.);
#1450=FACE_BOUND('',#1336,.T.);
#1451=FACE_BOUND('',#1337,.T.);
#1452=FACE_BOUND('',#1338,.T.);
#1453=FACE_BOUND('',#1339,.T.);
#1454=FACE_BOUND('',#1340,.T.);
#1455=FACE_BOUND('',#1341,.T.);
#1456=FACE_BOUND('',#1342,.T.);
#1457=FACE_BOUND('',#1343,.T.);
#1458=FACE_BOUND('',#1344,.T.);
#1459=FACE_BOUND('',#1345,.T.);
#1460=FACE_BOUND('',#1346,.T.);
#1461=FACE_BOUND('',#1347,.T.);
#1462=FACE_BOUND('',#1348,.T.);
#1463=FACE_BOUND('',#1349,.T.);
#1464=FACE_BOUND('',#1350,.T.);
#1465=FACE_BOUND('',#1351,.T.);
#1466=FACE_BOUND('',#1352,.T.);
#1467=FACE_BOUND('',#1353,.T.);
#1468=FACE_BOUND('',#1354,.T.);
#1469=FACE_BOUND('',#1355,.T.);
#1470=FACE_BOUND('',#1356,.T.);
#1471=FACE_BOUND('',#1357,.T.);
#1472=FACE_BOUND('',#1358,.T.);
#1473=FACE_BOUND('',#1359,.T.);
#1474=FACE_BOUND('',#1360,.T.);
#1475=FACE_BOUND('',#1361,.T.);
#1476=FACE_BOUND('',#1362,.T.);
#1477=FACE_BOUND('',#1363,.T.);
#1478=FACE_BOUND('',#1364,.T.);
#1479=FACE_BOUND('',#1365,.T.);
#1480=FACE_BOUND('',#1366,.T.);
#1481=FACE_BOUND('',#1367,.T.);
#1482=FACE_BOUND('',#1368,.T.);
#1483=FACE_BOUND('',#1369,.T.);
#1484=FACE_BOUND('',#1370,.T.);
#1485=FACE_BOUND('',#1371,.T.);
#1486=FACE_BOUND('',#1372,.T.);
#1487=FACE_BOUND('',#1373,.T.);
#1488=FACE_BOUND('',#1374,.T.);
#1489=FACE_BOUND('',#1375,.T.);
#1490=FACE_BOUND('',#1376,.T.);
#1491=FACE_BOUND('',#1377,.T.);
#1492=FACE_BOUND('',#1378,.T.);
#1493=FACE_BOUND('',#1379,.T.);
#1494=FACE_BOUND('',#1380,.T.);
#1495=FACE_BOUND('',#1381,.T.);
#1496=FACE_BOUND('',#1382,.T.);
#1497=FACE_BOUND('',#1383,.T.);
#1498=FACE_BOUND('',#1384,.T.);
#1499=FACE_BOUND('',#1385,.T.);
#1500=FACE_BOUND('',#1386,.T.);
#1501=FACE_BOUND('',#1387,.T.);
#1502=FACE_BOUND('',#1388,.T.);
#1503=FACE_BOUND('',#1389,.T.);
#1504=FACE_BOUND('',#1390,.T.);
#1505=FACE_BOUND('',#1391,.T.);
#1506=FACE_BOUND('',#1392,.T.);
#1507=FACE_BOUND('',#1393,.T.);
#1508=FACE_BOUND('',#1394,.T.);
#1509=FACE_BOUND('',#1395,.T.);
#1510=FACE_BOUND('',#1396,.T.);
#1511=FACE_BOUND('',#1397,.T.);
#1512=FACE_BOUND('',#1398,.T.);
#1513=FACE_BOUND('',#1399,.T.);
#1514=FACE_BOUND('',#1400,.T.);
#1515=FACE_BOUND('',#1401,.T.);
#1516=FACE_BOUND('',#1402,.T.);
#1517=FACE_BOUND('',#1403,.T.);
#1518=FACE_BOUND('',#1404,.T.);
#1519=FACE_BOUND('',#1405,.T.);
#1520=FACE_BOUND('',#1406,.T.);
#1521=FACE_BOUND('',#1407,.T.);
#1522=FACE_BOUND('',#1408,.T.);
#1523=FACE_BOUND('',#1409,.T.);
#1524=FACE_BOUND('',#1410,.T.);
#1525=FACE_BOUND('',#1411,.T.);
#1526=FACE_BOUND('',#1412,.T.);
#1527=FACE_BOUND('',#1413,.T.);
#1528=FACE_BOUND('',#1414,.T.);
#1529=FACE_BOUND('',#1415,.T.);
#1530=FACE_BOUND('',#1416,.T.);
#1531=FACE_BOUND('',#1417,.T.);
#1532=FACE_BOUND('',#1418,.T.);
#1533=FACE_BOUND('',#1419,.T.);
#1534=FACE_BOUND('',#1420,.T.);
#1535=FACE_BOUND('',#1421,.T.);
#1536=PLANE('',#1733);
#1537=PLANE('',#1734);
#1538=PLANE('',#1735);
#1539=PLANE('',#1736);
#1540=PLANE('',#1737);
#1541=PLANE('',#1738);
#1542=PLANE('',#1739);
#1543=PLANE('',#1740);
#1544=PLANE('',#1741);
#1545=PLANE('',#1742);
#1546=PLANE('',#1743);
#1547=PLANE('',#1744);
#1548=PLANE('',#1745);
#1549=PLANE('',#1746);
#1550=PLANE('',#1747);
#1551=PLANE('',#1748);
#1552=PLANE('',#1749);
#1553=PLANE('',#1750);
#1554=PLANE('',#1751);
#1555=PLANE('',#1752);
#1556=PLANE('',#1753);
#1557=PLANE('',#1754);
#1558=PLANE('',#1755);
#1559=PLANE('',#1756);
#1560=PLANE('',#1757);
#1561=PLANE('',#1758);
#1562=PLANE('',#1759);
#1563=PLANE('',#1760);
#1564=PLANE('',#1761);
#1565=PLANE('',#1762);
#1566=PLANE('',#1763);
#1567=PLANE('',#1764);
#1568=PLANE('',#1765);
#1569=PLANE('',#1766);
#1570=PLANE('',#1767);
#1571=PLANE('',#1768);
#1572=PLANE('',#1776);
#1573=PLANE('',#1778);
#1574=PLANE('',#1779);
#1575=PLANE('',#1780);
#1576=PLANE('',#1781);
#1577=PLANE('',#1782);
#1578=PLANE('',#1783);
#1579=PLANE('',#1784);
#1580=PLANE('',#1785);
#1581=PLANE('',#1786);
#1582=PLANE('',#1787);
#1583=PLANE('',#1788);
#1584=PLANE('',#1789);
#1585=PLANE('',#1797);
#1586=PLANE('',#1799);
#1587=PLANE('',#1800);
#1588=PLANE('',#1801);
#1589=PLANE('',#1802);
#1590=PLANE('',#1803);
#1591=PLANE('',#1804);
#1592=PLANE('',#1805);
#1593=PLANE('',#1806);
#1594=PLANE('',#1807);
#1595=PLANE('',#1808);
#1596=PLANE('',#1809);
#1597=PLANE('',#1810);
#1598=PLANE('',#1818);
#1599=PLANE('',#1820);
#1600=PLANE('',#1821);
#1601=PLANE('',#1822);
#1602=PLANE('',#1823);
#1603=PLANE('',#1824);
#1604=PLANE('',#1825);
#1605=PLANE('',#1826);
#1606=PLANE('',#1827);
#1607=PLANE('',#1828);
#1608=PLANE('',#1829);
#1609=PLANE('',#1830);
#1610=PLANE('',#1831);
#1611=PLANE('',#1838);
#1612=PLANE('',#1839);
#1613=PLANE('',#1841);
#1614=PLANE('',#1842);
#1615=PLANE('',#1843);
#1616=ADVANCED_FACE('',(#1422),#1536,.F.);
#1617=ADVANCED_FACE('',(#1423),#1537,.F.);
#1618=ADVANCED_FACE('',(#1424),#1538,.F.);
#1619=ADVANCED_FACE('',(#1425),#1539,.F.);
#1620=ADVANCED_FACE('',(#1426),#1540,.T.);
#1621=ADVANCED_FACE('',(#1427),#1541,.T.);
#1622=ADVANCED_FACE('',(#1428),#1542,.F.);
#1623=ADVANCED_FACE('',(#1429),#1543,.F.);
#1624=ADVANCED_FACE('',(#1430),#1544,.T.);
#1625=ADVANCED_FACE('',(#1431),#1545,.T.);
#1626=ADVANCED_FACE('',(#1432),#1546,.T.);
#1627=ADVANCED_FACE('',(#1433),#1547,.T.);
#1628=ADVANCED_FACE('',(#1434),#1548,.F.);
#1629=ADVANCED_FACE('',(#1435),#1549,.F.);
#1630=ADVANCED_FACE('',(#1436),#1550,.F.);
#1631=ADVANCED_FACE('',(#1437),#1551,.F.);
#1632=ADVANCED_FACE('',(#1438),#1552,.T.);
#1633=ADVANCED_FACE('',(#1439),#1553,.T.);
#1634=ADVANCED_FACE('',(#1440),#1554,.F.);
#1635=ADVANCED_FACE('',(#1441),#1555,.F.);
#1636=ADVANCED_FACE('',(#1442),#1556,.T.);
#1637=ADVANCED_FACE('',(#1443),#1557,.T.);
#1638=ADVANCED_FACE('',(#1444),#1558,.T.);
#1639=ADVANCED_FACE('',(#1445),#1559,.T.);
#1640=ADVANCED_FACE('',(#1446),#1560,.F.);
#1641=ADVANCED_FACE('',(#1447),#1561,.F.);
#1642=ADVANCED_FACE('',(#1448),#1562,.F.);
#1643=ADVANCED_FACE('',(#1449),#1563,.F.);
#1644=ADVANCED_FACE('',(#1450),#1564,.T.);
#1645=ADVANCED_FACE('',(#1451),#1565,.T.);
#1646=ADVANCED_FACE('',(#1452),#1566,.F.);
#1647=ADVANCED_FACE('',(#1453),#1567,.F.);
#1648=ADVANCED_FACE('',(#1454),#1568,.T.);
#1649=ADVANCED_FACE('',(#1455),#1569,.T.);
#1650=ADVANCED_FACE('',(#1456),#1570,.T.);
#1651=ADVANCED_FACE('',(#1457),#1571,.T.);
#1652=ADVANCED_FACE('',(#1458),#90,.F.);
#1653=ADVANCED_FACE('',(#1459,#1460),#1572,.T.);
#1654=ADVANCED_FACE('',(#1461),#1573,.T.);
#1655=ADVANCED_FACE('',(#1462),#1574,.F.);
#1656=ADVANCED_FACE('',(#1463),#1575,.T.);
#1657=ADVANCED_FACE('',(#1464),#1576,.F.);
#1658=ADVANCED_FACE('',(#1465),#1577,.F.);
#1659=ADVANCED_FACE('',(#1466),#1578,.F.);
#1660=ADVANCED_FACE('',(#1467),#1579,.F.);
#1661=ADVANCED_FACE('',(#1468),#1580,.T.);
#1662=ADVANCED_FACE('',(#1469),#1581,.F.);
#1663=ADVANCED_FACE('',(#1470),#1582,.T.);
#1664=ADVANCED_FACE('',(#1471),#1583,.T.);
#1665=ADVANCED_FACE('',(#1472),#1584,.T.);
#1666=ADVANCED_FACE('',(#1473),#91,.F.);
#1667=ADVANCED_FACE('',(#1474,#1475),#1585,.T.);
#1668=ADVANCED_FACE('',(#1476),#1586,.T.);
#1669=ADVANCED_FACE('',(#1477),#1587,.F.);
#1670=ADVANCED_FACE('',(#1478),#1588,.T.);
#1671=ADVANCED_FACE('',(#1479),#1589,.F.);
#1672=ADVANCED_FACE('',(#1480),#1590,.F.);
#1673=ADVANCED_FACE('',(#1481),#1591,.F.);
#1674=ADVANCED_FACE('',(#1482),#1592,.F.);
#1675=ADVANCED_FACE('',(#1483),#1593,.T.);
#1676=ADVANCED_FACE('',(#1484),#1594,.F.);
#1677=ADVANCED_FACE('',(#1485),#1595,.T.);
#1678=ADVANCED_FACE('',(#1486),#1596,.T.);
#1679=ADVANCED_FACE('',(#1487),#1597,.T.);
#1680=ADVANCED_FACE('',(#1488),#92,.F.);
#1681=ADVANCED_FACE('',(#1489,#1490),#1598,.T.);
#1682=ADVANCED_FACE('',(#1491),#1599,.T.);
#1683=ADVANCED_FACE('',(#1492),#1600,.F.);
#1684=ADVANCED_FACE('',(#1493),#1601,.T.);
#1685=ADVANCED_FACE('',(#1494),#1602,.F.);
#1686=ADVANCED_FACE('',(#1495),#1603,.F.);
#1687=ADVANCED_FACE('',(#1496),#1604,.F.);
#1688=ADVANCED_FACE('',(#1497),#1605,.F.);
#1689=ADVANCED_FACE('',(#1498),#1606,.T.);
#1690=ADVANCED_FACE('',(#1499),#1607,.F.);
#1691=ADVANCED_FACE('',(#1500),#1608,.T.);
#1692=ADVANCED_FACE('',(#1501),#1609,.T.);
#1693=ADVANCED_FACE('',(#1502),#1610,.T.);
#1694=ADVANCED_FACE('',(#1503),#59,.T.);
#1695=ADVANCED_FACE('',(#1504),#60,.T.);
#1696=ADVANCED_FACE('',(#1505),#93,.T.);
#1697=ADVANCED_FACE('',(#1506),#61,.T.);
#1698=ADVANCED_FACE('',(#1507),#62,.T.);
#1699=ADVANCED_FACE('',(#1508),#94,.T.);
#1700=ADVANCED_FACE('',(#1509),#12,.T.);
#1701=ADVANCED_FACE('',(#1510),#63,.T.);
#1702=ADVANCED_FACE('',(#1511),#13,.T.);
#1703=ADVANCED_FACE('',(#1512),#64,.T.);
#1704=ADVANCED_FACE('',(#1513),#14,.T.);
#1705=ADVANCED_FACE('',(#1514),#65,.T.);
#1706=ADVANCED_FACE('',(#1515),#15,.T.);
#1707=ADVANCED_FACE('',(#1516),#16,.T.);
#1708=ADVANCED_FACE('',(#1517,#1518,#1519,#1520),#95,.F.);
#1709=ADVANCED_FACE('',(#1521),#1611,.F.);
#1710=ADVANCED_FACE('',(#1522),#1612,.T.);
#1711=ADVANCED_FACE('',(#1523),#17,.F.);
#1712=ADVANCED_FACE('',(#1524),#18,.F.);
#1713=ADVANCED_FACE('',(#1525),#96,.T.);
#1714=ADVANCED_FACE('',(#1526),#1613,.T.);
#1715=ADVANCED_FACE('',(#1527),#1614,.F.);
#1716=ADVANCED_FACE('',(#1528,#1529),#1615,.T.);
#1717=ADVANCED_FACE('',(#1530,#1531),#97,.T.);
#1718=ADVANCED_FACE('',(#1532,#1533),#98,.T.);
#1719=ADVANCED_FACE('',(#1534,#1535),#99,.T.);
#1720=CLOSED_SHELL('',(#1616,#1617,#1618,#1619,#1620,#1621,#1622,#1623,
#1624,#1625,#1626,#1627,#1628,#1629,#1630,#1631,#1632,#1633,#1634,#1635,
#1636,#1637,#1638,#1639,#1640,#1641,#1642,#1643,#1644,#1645,#1646,#1647,
#1648,#1649,#1650,#1651,#1652,#1653,#1654,#1655,#1656,#1657,#1658,#1659,
#1660,#1661,#1662,#1663,#1664,#1665,#1666,#1667,#1668,#1669,#1670,#1671,
#1672,#1673,#1674,#1675,#1676,#1677,#1678,#1679,#1680,#1681,#1682,#1683,
#1684,#1685,#1686,#1687,#1688,#1689,#1690,#1691,#1692,#1693,#1694,#1695,
#1696,#1697,#1698,#1699,#1700,#1701,#1702,#1703,#1704,#1705,#1706,#1707,
#1708,#1709,#1710,#1711,#1712,#1713,#1714,#1715,#1716,#1717,#1718,#1719));
#1721=STYLED_ITEM('',(#1722),#1729);
#1722=PRESENTATION_STYLE_ASSIGNMENT((#1723));
#1723=SURFACE_STYLE_USAGE(.BOTH.,#1724);
#1724=SURFACE_SIDE_STYLE('',(#1725));
#1725=SURFACE_STYLE_FILL_AREA(#1726);
#1726=FILL_AREA_STYLE('',(#1727));
#1727=FILL_AREA_STYLE_COLOUR('',#1728);
#1728=DRAUGHTING_PRE_DEFINED_COLOUR('red');
#1729=MANIFOLD_SOLID_BREP('r4_700',#1720);
#1730=SHAPE_DEFINITION_REPRESENTATION(#3477,#1731);
#1731=SHAPE_REPRESENTATION('r4_700',(#1732),#3472);
#1732=AXIS2_PLACEMENT_3D('',#2251,#1847,#1848);
#1733=AXIS2_PLACEMENT_3D('',#2252,#1849,#1850);
#1734=AXIS2_PLACEMENT_3D('',#2261,#1855,#1856);
#1735=AXIS2_PLACEMENT_3D('',#2267,#1860,#1861);
#1736=AXIS2_PLACEMENT_3D('',#2273,#1865,#1866);
#1737=AXIS2_PLACEMENT_3D('',#2279,#1870,#1871);
#1738=AXIS2_PLACEMENT_3D('',#2285,#1875,#1876);
#1739=AXIS2_PLACEMENT_3D('',#2291,#1880,#1881);
#1740=AXIS2_PLACEMENT_3D('',#2297,#1885,#1886);
#1741=AXIS2_PLACEMENT_3D('',#2303,#1890,#1891);
#1742=AXIS2_PLACEMENT_3D('',#2309,#1895,#1896);
#1743=AXIS2_PLACEMENT_3D('',#2315,#1900,#1901);
#1744=AXIS2_PLACEMENT_3D('',#2321,#1905,#1906);
#1745=AXIS2_PLACEMENT_3D('',#2324,#1909,#1910);
#1746=AXIS2_PLACEMENT_3D('',#2333,#1915,#1916);
#1747=AXIS2_PLACEMENT_3D('',#2339,#1920,#1921);
#1748=AXIS2_PLACEMENT_3D('',#2345,#1925,#1926);
#1749=AXIS2_PLACEMENT_3D('',#2351,#1930,#1931);
#1750=AXIS2_PLACEMENT_3D('',#2357,#1935,#1936);
#1751=AXIS2_PLACEMENT_3D('',#2363,#1940,#1941);
#1752=AXIS2_PLACEMENT_3D('',#2369,#1945,#1946);
#1753=AXIS2_PLACEMENT_3D('',#2375,#1950,#1951);
#1754=AXIS2_PLACEMENT_3D('',#2381,#1955,#1956);
#1755=AXIS2_PLACEMENT_3D('',#2387,#1960,#1961);
#1756=AXIS2_PLACEMENT_3D('',#2393,#1965,#1966);
#1757=AXIS2_PLACEMENT_3D('',#2396,#1969,#1970);
#1758=AXIS2_PLACEMENT_3D('',#2405,#1975,#1976);
#1759=AXIS2_PLACEMENT_3D('',#2411,#1980,#1981);
#1760=AXIS2_PLACEMENT_3D('',#2417,#1985,#1986);
#1761=AXIS2_PLACEMENT_3D('',#2423,#1990,#1991);
#1762=AXIS2_PLACEMENT_3D('',#2429,#1995,#1996);
#1763=AXIS2_PLACEMENT_3D('',#2435,#2000,#2001);
#1764=AXIS2_PLACEMENT_3D('',#2441,#2005,#2006);
#1765=AXIS2_PLACEMENT_3D('',#2447,#2010,#2011);
#1766=AXIS2_PLACEMENT_3D('',#2453,#2015,#2016);
#1767=AXIS2_PLACEMENT_3D('',#2459,#2020,#2021);
#1768=AXIS2_PLACEMENT_3D('',#2465,#2025,#2026);
#1769=AXIS2_PLACEMENT_3D('',#2468,#2029,#2030);
#1770=AXIS2_PLACEMENT_3D('',#2472,#2032,#2033);
#1771=AXIS2_PLACEMENT_3D('',#2476,#2035,#2036);
#1772=AXIS2_PLACEMENT_3D('',#2480,#2038,#2039);
#1773=AXIS2_PLACEMENT_3D('',#2484,#2041,#2042);
#1774=AXIS2_PLACEMENT_3D('',#2488,#2044,#2045);
#1775=AXIS2_PLACEMENT_3D('',#2492,#2047,#2048);
#1776=AXIS2_PLACEMENT_3D('',#2493,#2049,#2050);
#1777=AXIS2_PLACEMENT_3D('',#2494,#2051,#2052);
#1778=AXIS2_PLACEMENT_3D('',#2496,#2053,#2054);
#1779=AXIS2_PLACEMENT_3D('',#2499,#2057,#2058);
#1780=AXIS2_PLACEMENT_3D('',#2501,#2060,#2061);
#1781=AXIS2_PLACEMENT_3D('',#2503,#2063,#2064);
#1782=AXIS2_PLACEMENT_3D('',#2505,#2066,#2067);
#1783=AXIS2_PLACEMENT_3D('',#2507,#2069,#2070);
#1784=AXIS2_PLACEMENT_3D('',#2509,#2072,#2073);
#1785=AXIS2_PLACEMENT_3D('',#2511,#2075,#2076);
#1786=AXIS2_PLACEMENT_3D('',#2513,#2078,#2079);
#1787=AXIS2_PLACEMENT_3D('',#2515,#2081,#2082);
#1788=AXIS2_PLACEMENT_3D('',#2517,#2084,#2085);
#1789=AXIS2_PLACEMENT_3D('',#2519,#2087,#2088);
#1790=AXIS2_PLACEMENT_3D('',#2520,#2089,#2090);
#1791=AXIS2_PLACEMENT_3D('',#2524,#2092,#2093);
#1792=AXIS2_PLACEMENT_3D('',#2528,#2095,#2096);
#1793=AXIS2_PLACEMENT_3D('',#2532,#2098,#2099);
#1794=AXIS2_PLACEMENT_3D('',#2536,#2101,#2102);
#1795=AXIS2_PLACEMENT_3D('',#2540,#2104,#2105);
#1796=AXIS2_PLACEMENT_3D('',#2544,#2107,#2108);
#1797=AXIS2_PLACEMENT_3D('',#2545,#2109,#2110);
#1798=AXIS2_PLACEMENT_3D('',#2546,#2111,#2112);
#1799=AXIS2_PLACEMENT_3D('',#2548,#2113,#2114);
#1800=AXIS2_PLACEMENT_3D('',#2551,#2117,#2118);
#1801=AXIS2_PLACEMENT_3D('',#2553,#2120,#2121);
#1802=AXIS2_PLACEMENT_3D('',#2555,#2123,#2124);
#1803=AXIS2_PLACEMENT_3D('',#2557,#2126,#2127);
#1804=AXIS2_PLACEMENT_3D('',#2559,#2129,#2130);
#1805=AXIS2_PLACEMENT_3D('',#2561,#2132,#2133);
#1806=AXIS2_PLACEMENT_3D('',#2563,#2135,#2136);
#1807=AXIS2_PLACEMENT_3D('',#2565,#2138,#2139);
#1808=AXIS2_PLACEMENT_3D('',#2567,#2141,#2142);
#1809=AXIS2_PLACEMENT_3D('',#2569,#2144,#2145);
#1810=AXIS2_PLACEMENT_3D('',#2571,#2147,#2148);
#1811=AXIS2_PLACEMENT_3D('',#2572,#2149,#2150);
#1812=AXIS2_PLACEMENT_3D('',#2576,#2152,#2153);
#1813=AXIS2_PLACEMENT_3D('',#2580,#2155,#2156);
#1814=AXIS2_PLACEMENT_3D('',#2584,#2158,#2159);
#1815=AXIS2_PLACEMENT_3D('',#2588,#2161,#2162);
#1816=AXIS2_PLACEMENT_3D('',#2592,#2164,#2165);
#1817=AXIS2_PLACEMENT_3D('',#2596,#2167,#2168);
#1818=AXIS2_PLACEMENT_3D('',#2597,#2169,#2170);
#1819=AXIS2_PLACEMENT_3D('',#2598,#2171,#2172);
#1820=AXIS2_PLACEMENT_3D('',#2600,#2173,#2174);
#1821=AXIS2_PLACEMENT_3D('',#2603,#2177,#2178);
#1822=AXIS2_PLACEMENT_3D('',#2605,#2180,#2181);
#1823=AXIS2_PLACEMENT_3D('',#2607,#2183,#2184);
#1824=AXIS2_PLACEMENT_3D('',#2609,#2186,#2187);
#1825=AXIS2_PLACEMENT_3D('',#2611,#2189,#2190);
#1826=AXIS2_PLACEMENT_3D('',#2613,#2192,#2193);
#1827=AXIS2_PLACEMENT_3D('',#2615,#2195,#2196);
#1828=AXIS2_PLACEMENT_3D('',#2617,#2198,#2199);
#1829=AXIS2_PLACEMENT_3D('',#2619,#2201,#2202);
#1830=AXIS2_PLACEMENT_3D('',#2621,#2204,#2205);
#1831=AXIS2_PLACEMENT_3D('',#2623,#2207,#2208);
#1832=AXIS2_PLACEMENT_3D('',#2712,#2209,#2210);
#1833=AXIS2_PLACEMENT_3D('',#2733,#2211,#2212);
#1834=AXIS2_PLACEMENT_3D('',#2837,#2215,#2216);
#1835=AXIS2_PLACEMENT_3D('',#2850,#2217,#2218);
#1836=AXIS2_PLACEMENT_3D('',#2883,#2221,#2222);
#1837=AXIS2_PLACEMENT_3D('',#3369,#2223,#2224);
#1838=AXIS2_PLACEMENT_3D('',#3408,#2227,#2228);
#1839=AXIS2_PLACEMENT_3D('',#3410,#2230,#2231);
#1840=AXIS2_PLACEMENT_3D('',#3462,#2235,#2236);
#1841=AXIS2_PLACEMENT_3D('',#3463,#2237,#2238);
#1842=AXIS2_PLACEMENT_3D('',#3465,#2240,#2241);
#1843=AXIS2_PLACEMENT_3D('',#3467,#2243,#2244);
#1844=AXIS2_PLACEMENT_3D('',#3468,#2245,#2246);
#1845=AXIS2_PLACEMENT_3D('',#3469,#2247,#2248);
#1846=AXIS2_PLACEMENT_3D('',#3470,#2249,#2250);
#1847=DIRECTION('',(0.,0.,1.));
#1848=DIRECTION('',(1.,0.,0.));
#1849=DIRECTION('',(0.707106781186548,0.707106781186548,0.));
#1850=DIRECTION('',(0.,0.,-1.));
#1851=DIRECTION('',(-0.577350269189625,0.577350269189627,-0.577350269189625));
#1852=DIRECTION('',(0.,0.,1.));
#1853=DIRECTION('',(0.577350269189625,-0.577350269189627,0.577350269189625));
#1854=DIRECTION('',(0.,0.,-1.));
#1855=DIRECTION('',(0.,0.707106781186548,0.707106781186548));
#1856=DIRECTION('',(1.,0.,0.));
#1857=DIRECTION('',(0.577350269189625,-0.577350269189627,0.577350269189625));
#1858=DIRECTION('',(1.,0.,0.));
#1859=DIRECTION('',(-1.,0.,0.));
#1860=DIRECTION('',(0.,0.707106781186548,0.707106781186548));
#1861=DIRECTION('',(1.,0.,0.));
#1862=DIRECTION('',(0.577350269189625,0.577350269189627,-0.577350269189625));
#1863=DIRECTION('',(-1.,0.,0.));
#1864=DIRECTION('',(1.,0.,0.));
#1865=DIRECTION('',(0.707106781186548,0.707106781186548,0.));
#1866=DIRECTION('',(0.,0.,-1.));
#1867=DIRECTION('',(0.577350269189625,-0.577350269189627,-0.577350269189625));
#1868=DIRECTION('',(0.,0.,-1.));
#1869=DIRECTION('',(0.,0.,1.));
#1870=DIRECTION('',(0.707106781186548,-0.707106781186548,0.));
#1871=DIRECTION('',(0.,0.,1.));
#1872=DIRECTION('',(0.577350269189625,0.577350269189627,-0.577350269189625));
#1873=DIRECTION('',(0.,0.,-1.));
#1874=DIRECTION('',(0.,0.,1.));
#1875=DIRECTION('',(0.,-0.707106781186548,0.707106781186548));
#1876=DIRECTION('',(-1.,0.,0.));
#1877=DIRECTION('',(0.577350269189625,-0.577350269189627,-0.577350269189625));
#1878=DIRECTION('',(-1.,0.,0.));
#1879=DIRECTION('',(1.,0.,0.));
#1880=DIRECTION('',(0.,0.707106781186548,0.707106781186548));
#1881=DIRECTION('',(1.,0.,0.));
#1882=DIRECTION('',(0.577350269189625,0.577350269189627,-0.577350269189625));
#1883=DIRECTION('',(-1.,0.,0.));
#1884=DIRECTION('',(1.,0.,0.));
#1885=DIRECTION('',(0.707106781186548,0.707106781186548,0.));
#1886=DIRECTION('',(0.,0.,-1.));
#1887=DIRECTION('',(0.577350269189625,-0.577350269189627,-0.577350269189625));
#1888=DIRECTION('',(0.,0.,-1.));
#1889=DIRECTION('',(0.,0.,1.));
#1890=DIRECTION('',(0.707106781186548,-0.707106781186548,0.));
#1891=DIRECTION('',(0.,0.,1.));
#1892=DIRECTION('',(0.577350269189625,0.577350269189627,0.577350269189625));
#1893=DIRECTION('',(0.,0.,-1.));
#1894=DIRECTION('',(0.,0.,1.));
#1895=DIRECTION('',(0.,-0.707106781186548,0.707106781186548));
#1896=DIRECTION('',(-1.,0.,0.));
#1897=DIRECTION('',(-0.577350269189625,-0.577350269189627,-0.577350269189625));
#1898=DIRECTION('',(-1.,0.,0.));
#1899=DIRECTION('',(1.,0.,0.));
#1900=DIRECTION('',(0.,-0.707106781186548,0.707106781186548));
#1901=DIRECTION('',(-1.,0.,0.));
#1902=DIRECTION('',(0.577350269189625,0.577350269189627,0.577350269189625));
#1903=DIRECTION('',(1.,0.,0.));
#1904=DIRECTION('',(-1.,0.,0.));
#1905=DIRECTION('',(0.707106781186548,-0.707106781186548,0.));
#1906=DIRECTION('',(0.,0.,1.));
#1907=DIRECTION('',(0.,0.,-1.));
#1908=DIRECTION('',(0.,0.,1.));
#1909=DIRECTION('',(0.707106781186548,0.707106781186548,0.));
#1910=DIRECTION('',(0.,0.,-1.));
#1911=DIRECTION('',(-0.577350269189625,0.577350269189627,-0.577350269189625));
#1912=DIRECTION('',(0.,0.,1.));
#1913=DIRECTION('',(0.577350269189625,-0.577350269189627,0.577350269189625));
#1914=DIRECTION('',(0.,0.,-1.));
#1915=DIRECTION('',(0.,0.707106781186548,0.707106781186548));
#1916=DIRECTION('',(1.,0.,0.));
#1917=DIRECTION('',(0.577350269189625,-0.577350269189627,0.577350269189625));
#1918=DIRECTION('',(1.,0.,0.));
#1919=DIRECTION('',(-1.,0.,0.));
#1920=DIRECTION('',(0.,0.707106781186548,0.707106781186548));
#1921=DIRECTION('',(1.,0.,0.));
#1922=DIRECTION('',(0.577350269189625,0.577350269189627,-0.577350269189625));
#1923=DIRECTION('',(-1.,0.,0.));
#1924=DIRECTION('',(1.,0.,0.));
#1925=DIRECTION('',(0.707106781186548,0.707106781186548,0.));
#1926=DIRECTION('',(0.,0.,-1.));
#1927=DIRECTION('',(0.577350269189625,-0.577350269189627,-0.577350269189625));
#1928=DIRECTION('',(0.,0.,-1.));
#1929=DIRECTION('',(0.,0.,1.));
#1930=DIRECTION('',(0.707106781186548,-0.707106781186548,0.));
#1931=DIRECTION('',(0.,0.,1.));
#1932=DIRECTION('',(0.577350269189625,0.577350269189627,-0.577350269189625));
#1933=DIRECTION('',(0.,0.,-1.));
#1934=DIRECTION('',(0.,0.,1.));
#1935=DIRECTION('',(0.,-0.707106781186548,0.707106781186548));
#1936=DIRECTION('',(-1.,0.,0.));
#1937=DIRECTION('',(0.577350269189625,-0.577350269189627,-0.577350269189625));
#1938=DIRECTION('',(-1.,0.,0.));
#1939=DIRECTION('',(1.,0.,0.));
#1940=DIRECTION('',(0.,0.707106781186548,0.707106781186548));
#1941=DIRECTION('',(1.,0.,0.));
#1942=DIRECTION('',(0.577350269189625,0.577350269189627,-0.577350269189625));
#1943=DIRECTION('',(-1.,0.,0.));
#1944=DIRECTION('',(1.,0.,0.));
#1945=DIRECTION('',(0.707106781186548,0.707106781186548,0.));
#1946=DIRECTION('',(0.,0.,-1.));
#1947=DIRECTION('',(0.577350269189625,-0.577350269189627,-0.577350269189625));
#1948=DIRECTION('',(0.,0.,-1.));
#1949=DIRECTION('',(0.,0.,1.));
#1950=DIRECTION('',(0.707106781186548,-0.707106781186548,0.));
#1951=DIRECTION('',(0.,0.,1.));
#1952=DIRECTION('',(0.577350269189625,0.577350269189627,0.577350269189625));
#1953=DIRECTION('',(0.,0.,-1.));
#1954=DIRECTION('',(0.,0.,1.));
#1955=DIRECTION('',(0.,-0.707106781186548,0.707106781186548));
#1956=DIRECTION('',(-1.,0.,0.));
#1957=DIRECTION('',(-0.577350269189625,-0.577350269189627,-0.577350269189625));
#1958=DIRECTION('',(-1.,0.,0.));
#1959=DIRECTION('',(1.,0.,0.));
#1960=DIRECTION('',(0.,-0.707106781186548,0.707106781186548));
#1961=DIRECTION('',(-1.,0.,0.));
#1962=DIRECTION('',(0.577350269189625,0.577350269189627,0.577350269189625));
#1963=DIRECTION('',(1.,0.,0.));
#1964=DIRECTION('',(-1.,0.,0.));
#1965=DIRECTION('',(0.707106781186548,-0.707106781186548,0.));
#1966=DIRECTION('',(0.,0.,1.));
#1967=DIRECTION('',(0.,0.,-1.));
#1968=DIRECTION('',(0.,0.,1.));
#1969=DIRECTION('',(0.707106781186548,0.707106781186548,0.));
#1970=DIRECTION('',(0.,0.,-1.));
#1971=DIRECTION('',(-0.577350269189625,0.577350269189627,-0.577350269189625));
#1972=DIRECTION('',(0.,0.,1.));
#1973=DIRECTION('',(0.577350269189625,-0.577350269189627,0.577350269189625));
#1974=DIRECTION('',(0.,0.,-1.));
#1975=DIRECTION('',(0.,0.707106781186548,0.707106781186548));
#1976=DIRECTION('',(1.,0.,0.));
#1977=DIRECTION('',(0.577350269189625,-0.577350269189627,0.577350269189625));
#1978=DIRECTION('',(1.,0.,0.));
#1979=DIRECTION('',(-1.,0.,0.));
#1980=DIRECTION('',(0.,0.707106781186548,0.707106781186548));
#1981=DIRECTION('',(1.,0.,0.));
#1982=DIRECTION('',(0.577350269189625,0.577350269189627,-0.577350269189625));
#1983=DIRECTION('',(-1.,0.,0.));
#1984=DIRECTION('',(1.,0.,0.));
#1985=DIRECTION('',(0.707106781186548,0.707106781186548,0.));
#1986=DIRECTION('',(0.,0.,-1.));
#1987=DIRECTION('',(0.577350269189625,-0.577350269189627,-0.577350269189625));
#1988=DIRECTION('',(0.,0.,-1.));
#1989=DIRECTION('',(0.,0.,1.));
#1990=DIRECTION('',(0.707106781186548,-0.707106781186548,0.));
#1991=DIRECTION('',(0.,0.,1.));
#1992=DIRECTION('',(0.577350269189625,0.577350269189627,-0.577350269189625));
#1993=DIRECTION('',(0.,0.,-1.));
#1994=DIRECTION('',(0.,0.,1.));
#1995=DIRECTION('',(0.,-0.707106781186548,0.707106781186548));
#1996=DIRECTION('',(-1.,0.,0.));
#1997=DIRECTION('',(0.577350269189625,-0.577350269189627,-0.577350269189625));
#1998=DIRECTION('',(-1.,0.,0.));
#1999=DIRECTION('',(1.,0.,0.));
#2000=DIRECTION('',(0.,0.707106781186548,0.707106781186548));
#2001=DIRECTION('',(1.,0.,0.));
#2002=DIRECTION('',(0.577350269189625,0.577350269189627,-0.577350269189625));
#2003=DIRECTION('',(-1.,0.,0.));
#2004=DIRECTION('',(1.,0.,0.));
#2005=DIRECTION('',(0.707106781186548,0.707106781186548,0.));
#2006=DIRECTION('',(0.,0.,-1.));
#2007=DIRECTION('',(0.577350269189625,-0.577350269189627,-0.577350269189625));
#2008=DIRECTION('',(0.,0.,-1.));
#2009=DIRECTION('',(0.,0.,1.));
#2010=DIRECTION('',(0.707106781186548,-0.707106781186548,0.));
#2011=DIRECTION('',(0.,0.,1.));
#2012=DIRECTION('',(0.577350269189625,0.577350269189627,0.577350269189625));
#2013=DIRECTION('',(0.,0.,-1.));
#2014=DIRECTION('',(0.,0.,1.));
#2015=DIRECTION('',(0.,-0.707106781186548,0.707106781186548));
#2016=DIRECTION('',(-1.,0.,0.));
#2017=DIRECTION('',(-0.577350269189625,-0.577350269189627,-0.577350269189625));
#2018=DIRECTION('',(-1.,0.,0.));
#2019=DIRECTION('',(1.,0.,0.));
#2020=DIRECTION('',(0.,-0.707106781186548,0.707106781186548));
#2021=DIRECTION('',(-1.,0.,0.));
#2022=DIRECTION('',(0.577350269189625,0.577350269189627,0.577350269189625));
#2023=DIRECTION('',(1.,0.,0.));
#2024=DIRECTION('',(-1.,0.,0.));
#2025=DIRECTION('',(0.707106781186548,-0.707106781186548,0.));
#2026=DIRECTION('',(0.,0.,1.));
#2027=DIRECTION('',(0.,0.,-1.));
#2028=DIRECTION('',(0.,0.,1.));
#2029=DIRECTION('',(1.,0.,0.));
#2030=DIRECTION('',(0.,0.,-1.));
#2031=DIRECTION('',(-1.,0.,0.));
#2032=DIRECTION('',(1.,0.,0.));
#2033=DIRECTION('',(0.,6.75247585872763E-14,1.));
#2034=DIRECTION('',(-1.,0.,0.));
#2035=DIRECTION('',(1.,0.,0.));
#2036=DIRECTION('',(0.,6.75247585872763E-14,1.));
#2037=DIRECTION('',(-1.,0.,0.));
#2038=DIRECTION('',(1.,0.,0.));
#2039=DIRECTION('',(0.,-1.00355047655016E-13,1.));
#2040=DIRECTION('',(-1.,0.,0.));
#2041=DIRECTION('',(1.,0.,0.));
#2042=DIRECTION('',(0.,-2.3095124486139E-14,1.));
#2043=DIRECTION('',(-1.,0.,0.));
#2044=DIRECTION('',(1.,0.,0.));
#2045=DIRECTION('',(0.,-2.3095124486139E-14,1.));
#2046=DIRECTION('',(-1.,0.,0.));
#2047=DIRECTION('',(1.,0.,0.));
#2048=DIRECTION('',(0.,-1.00355047655016E-13,1.));
#2049=DIRECTION('',(0.,-1.,0.));
#2050=DIRECTION('',(0.,0.,-1.));
#2051=DIRECTION('',(0.,-1.,0.));
#2052=DIRECTION('',(0.,0.,-1.));
#2053=DIRECTION('',(-1.,0.,0.));
#2054=DIRECTION('',(0.,0.,1.));
#2055=DIRECTION('',(0.,-1.,0.));
#2056=DIRECTION('',(0.,-1.,0.));
#2057=DIRECTION('',(0.,0.,-1.));
#2058=DIRECTION('',(-1.,0.,0.));
#2059=DIRECTION('',(0.,-1.,0.));
#2060=DIRECTION('',(-1.,0.,0.));
#2061=DIRECTION('',(0.,0.,1.));
#2062=DIRECTION('',(0.,-1.,0.));
#2063=DIRECTION('',(0.,0.,-1.));
#2064=DIRECTION('',(-1.,0.,0.));
#2065=DIRECTION('',(0.,-1.,0.));
#2066=DIRECTION('',(-1.,0.,0.));
#2067=DIRECTION('',(0.,0.,1.));
#2068=DIRECTION('',(0.,-1.,0.));
#2069=DIRECTION('',(0.,0.,-1.));
#2070=DIRECTION('',(-1.,0.,0.));
#2071=DIRECTION('',(0.,-1.,0.));
#2072=DIRECTION('',(-1.,0.,0.));
#2073=DIRECTION('',(0.,0.,1.));
#2074=DIRECTION('',(0.,-1.,0.));
#2075=DIRECTION('',(0.,0.,-1.));
#2076=DIRECTION('',(-1.,0.,0.));
#2077=DIRECTION('',(0.,-1.,0.));
#2078=DIRECTION('',(-1.,0.,0.));
#2079=DIRECTION('',(0.,0.,1.));
#2080=DIRECTION('',(0.,-1.,0.));
#2081=DIRECTION('',(0.,0.,-1.));
#2082=DIRECTION('',(-1.,0.,0.));
#2083=DIRECTION('',(0.,-1.,0.));
#2084=DIRECTION('',(-1.,0.,0.));
#2085=DIRECTION('',(0.,0.,1.));
#2086=DIRECTION('',(0.,-1.,0.));
#2087=DIRECTION('',(0.,0.,-1.));
#2088=DIRECTION('',(-1.,0.,0.));
#2089=DIRECTION('',(1.,0.,0.));
#2090=DIRECTION('',(0.,0.,-1.));
#2091=DIRECTION('',(-1.,0.,0.));
#2092=DIRECTION('',(1.,0.,0.));
#2093=DIRECTION('',(0.,6.75247585872763E-14,1.));
#2094=DIRECTION('',(-1.,0.,0.));
#2095=DIRECTION('',(1.,0.,0.));
#2096=DIRECTION('',(0.,6.75247585872763E-14,1.));
#2097=DIRECTION('',(-1.,0.,0.));
#2098=DIRECTION('',(1.,0.,0.));
#2099=DIRECTION('',(0.,-1.00355047655016E-13,1.));
#2100=DIRECTION('',(-1.,0.,0.));
#2101=DIRECTION('',(1.,0.,0.));
#2102=DIRECTION('',(0.,-2.3095124486139E-14,1.));
#2103=DIRECTION('',(-1.,0.,0.));
#2104=DIRECTION('',(1.,0.,0.));
#2105=DIRECTION('',(0.,-2.3095124486139E-14,1.));
#2106=DIRECTION('',(-1.,0.,0.));
#2107=DIRECTION('',(1.,0.,0.));
#2108=DIRECTION('',(0.,-1.00355047655016E-13,1.));
#2109=DIRECTION('',(0.,-1.,0.));
#2110=DIRECTION('',(0.,0.,-1.));
#2111=DIRECTION('',(0.,-1.,0.));
#2112=DIRECTION('',(0.,0.,-1.));
#2113=DIRECTION('',(-1.,0.,0.));
#2114=DIRECTION('',(0.,0.,1.));
#2115=DIRECTION('',(0.,-1.,0.));
#2116=DIRECTION('',(0.,-1.,0.));
#2117=DIRECTION('',(0.,0.,-1.));
#2118=DIRECTION('',(-1.,0.,0.));
#2119=DIRECTION('',(0.,-1.,0.));
#2120=DIRECTION('',(-1.,0.,0.));
#2121=DIRECTION('',(0.,0.,1.));
#2122=DIRECTION('',(0.,-1.,0.));
#2123=DIRECTION('',(0.,0.,-1.));
#2124=DIRECTION('',(-1.,0.,0.));
#2125=DIRECTION('',(0.,-1.,0.));
#2126=DIRECTION('',(-1.,0.,0.));
#2127=DIRECTION('',(0.,0.,1.));
#2128=DIRECTION('',(0.,-1.,0.));
#2129=DIRECTION('',(0.,0.,-1.));
#2130=DIRECTION('',(-1.,0.,0.));
#2131=DIRECTION('',(0.,-1.,0.));
#2132=DIRECTION('',(-1.,0.,0.));
#2133=DIRECTION('',(0.,0.,1.));
#2134=DIRECTION('',(0.,-1.,0.));
#2135=DIRECTION('',(0.,0.,-1.));
#2136=DIRECTION('',(-1.,0.,0.));
#2137=DIRECTION('',(0.,-1.,0.));
#2138=DIRECTION('',(-1.,0.,0.));
#2139=DIRECTION('',(0.,0.,1.));
#2140=DIRECTION('',(0.,-1.,0.));
#2141=DIRECTION('',(0.,0.,-1.));
#2142=DIRECTION('',(-1.,0.,0.));
#2143=DIRECTION('',(0.,-1.,0.));
#2144=DIRECTION('',(-1.,0.,0.));
#2145=DIRECTION('',(0.,0.,1.));
#2146=DIRECTION('',(0.,-1.,0.));
#2147=DIRECTION('',(0.,0.,-1.));
#2148=DIRECTION('',(-1.,0.,0.));
#2149=DIRECTION('',(1.,0.,0.));
#2150=DIRECTION('',(0.,0.,-1.));
#2151=DIRECTION('',(-1.,0.,0.));
#2152=DIRECTION('',(1.,0.,0.));
#2153=DIRECTION('',(0.,6.75247585872763E-14,1.));
#2154=DIRECTION('',(-1.,0.,0.));
#2155=DIRECTION('',(1.,0.,0.));
#2156=DIRECTION('',(0.,6.75247585872763E-14,1.));
#2157=DIRECTION('',(-1.,0.,0.));
#2158=DIRECTION('',(1.,0.,0.));
#2159=DIRECTION('',(0.,-1.00355047655016E-13,1.));
#2160=DIRECTION('',(-1.,0.,0.));
#2161=DIRECTION('',(1.,0.,0.));
#2162=DIRECTION('',(0.,-2.3095124486139E-14,1.));
#2163=DIRECTION('',(-1.,0.,0.));
#2164=DIRECTION('',(1.,0.,0.));
#2165=DIRECTION('',(0.,-2.3095124486139E-14,1.));
#2166=DIRECTION('',(-1.,0.,0.));
#2167=DIRECTION('',(1.,0.,0.));
#2168=DIRECTION('',(0.,-1.00355047655016E-13,1.));
#2169=DIRECTION('',(0.,-1.,0.));
#2170=DIRECTION('',(0.,0.,-1.));
#2171=DIRECTION('',(0.,-1.,0.));
#2172=DIRECTION('',(0.,0.,-1.));
#2173=DIRECTION('',(-1.,0.,0.));
#2174=DIRECTION('',(0.,0.,1.));
#2175=DIRECTION('',(0.,-1.,0.));
#2176=DIRECTION('',(0.,-1.,0.));
#2177=DIRECTION('',(0.,0.,-1.));
#2178=DIRECTION('',(-1.,0.,0.));
#2179=DIRECTION('',(0.,-1.,0.));
#2180=DIRECTION('',(-1.,0.,0.));
#2181=DIRECTION('',(0.,0.,1.));
#2182=DIRECTION('',(0.,-1.,0.));
#2183=DIRECTION('',(0.,0.,-1.));
#2184=DIRECTION('',(-1.,0.,0.));
#2185=DIRECTION('',(0.,-1.,0.));
#2186=DIRECTION('',(-1.,0.,0.));
#2187=DIRECTION('',(0.,0.,1.));
#2188=DIRECTION('',(0.,-1.,0.));
#2189=DIRECTION('',(0.,0.,-1.));
#2190=DIRECTION('',(-1.,0.,0.));
#2191=DIRECTION('',(0.,-1.,0.));
#2192=DIRECTION('',(-1.,0.,0.));
#2193=DIRECTION('',(0.,0.,1.));
#2194=DIRECTION('',(0.,-1.,0.));
#2195=DIRECTION('',(0.,0.,-1.));
#2196=DIRECTION('',(-1.,0.,0.));
#2197=DIRECTION('',(0.,-1.,0.));
#2198=DIRECTION('',(-1.,0.,0.));
#2199=DIRECTION('',(0.,0.,1.));
#2200=DIRECTION('',(0.,-1.,0.));
#2201=DIRECTION('',(0.,0.,-1.));
#2202=DIRECTION('',(-1.,0.,0.));
#2203=DIRECTION('',(0.,-1.,0.));
#2204=DIRECTION('',(-1.,0.,0.));
#2205=DIRECTION('',(0.,0.,1.));
#2206=DIRECTION('',(0.,-1.,0.));
#2207=DIRECTION('',(0.,0.,-1.));
#2208=DIRECTION('',(-1.,0.,0.));
#2209=DIRECTION('',(-0.0655111304571349,0.346657025893732,0.935701447142592));
#2210=DIRECTION('',(0.903503769496592,0.418625506825822,-0.0918347621561351));
#2211=DIRECTION('',(1.,0.,0.));
#2212=DIRECTION('',(0.,0.,-1.));
#2213=DIRECTION('',(-1.,0.,0.));
#2214=DIRECTION('',(1.,0.,0.));
#2215=DIRECTION('',(-0.0478621788101255,0.0489670672824197,0.997652964793523));
#2216=DIRECTION('',(-1.42391885318159E-11,0.998797637621568,-0.0490232504182873));
#2217=DIRECTION('',(1.,0.,0.));
#2218=DIRECTION('',(0.,0.,-1.));
#2219=DIRECTION('',(-1.,0.,0.));
#2220=DIRECTION('',(1.,0.,0.));
#2221=DIRECTION('',(0.065511130255815,0.346657025596102,0.935701447266952));
#2222=DIRECTION('',(-0.903503769574356,0.418625506661758,-0.091834762138942));
#2223=DIRECTION('',(1.,0.,0.));
#2224=DIRECTION('',(0.,0.,-1.));
#2225=DIRECTION('',(1.,0.,0.));
#2226=DIRECTION('',(1.,0.,0.));
#2227=DIRECTION('',(0.,0.437612481704393,0.899163675787964));
#2228=DIRECTION('',(0.,-0.899163675787964,0.437612481704393));
#2229=DIRECTION('',(1.,0.,0.));
#2230=DIRECTION('',(0.,0.,1.));
#2231=DIRECTION('',(1.,0.,0.));
#2232=DIRECTION('',(-1.,0.,0.));
#2233=DIRECTION('',(0.,0.,-1.));
#2234=DIRECTION('',(0.,0.,1.));
#2235=DIRECTION('',(1.,0.,0.));
#2236=DIRECTION('',(0.,0.,-1.));
#2237=DIRECTION('',(0.,0.437612481704393,0.899163675787964));
#2238=DIRECTION('',(0.,-0.899163675787964,0.437612481704393));
#2239=DIRECTION('',(1.,0.,0.));
#2240=DIRECTION('',(0.,0.,1.));
#2241=DIRECTION('',(1.,0.,0.));
#2242=DIRECTION('',(-1.,0.,0.));
#2243=DIRECTION('',(0.,-1.,0.));
#2244=DIRECTION('',(0.,0.,-1.));
#2245=DIRECTION('',(0.,-1.,0.));
#2246=DIRECTION('',(0.,0.,-1.));
#2247=DIRECTION('',(0.,-1.,0.));
#2248=DIRECTION('',(0.,0.,-1.));
#2249=DIRECTION('',(0.,-1.,0.));
#2250=DIRECTION('',(0.,0.,-1.));
#2251=CARTESIAN_POINT('',(0.,0.,0.));
#2252=CARTESIAN_POINT('',(0.124200000000009,0.001,0.));
#2253=CARTESIAN_POINT('',(0.126430436044981,-0.00123043604497129,-0.00446087208994258));
#2254=CARTESIAN_POINT('',(0.124200000000009,0.001,-0.00669130813491385));
#2255=CARTESIAN_POINT('',(0.123900000000009,0.0013,-0.00699130813491385));
#2256=CARTESIAN_POINT('',(0.123900000000009,0.0013,0.));
#2257=CARTESIAN_POINT('',(0.123900000000009,0.0013,-0.00849130813491385));
#2258=CARTESIAN_POINT('',(0.101850000000006,0.0233500000000031,-0.0305413081349169));
#2259=CARTESIAN_POINT('',(0.124200000000009,0.001,-0.00819130813491386));
#2260=CARTESIAN_POINT('',(0.124200000000009,0.001,0.));
#2261=CARTESIAN_POINT('',(-0.05715,0.001,-0.00819130813491386));
#2262=CARTESIAN_POINT('',(0.128430436044981,-0.00173043604497128,-0.00546087208994258));
#2263=CARTESIAN_POINT('',(0.125400000000009,0.0013,-0.00849130813491385));
#2264=CARTESIAN_POINT('',(0.125700000000009,0.001,-0.00819130813491385));
#2265=CARTESIAN_POINT('',(0.05715,0.001,-0.00819130813491386));
#2266=CARTESIAN_POINT('',(0.05715,0.0013,-0.00849130813491385));
#2267=CARTESIAN_POINT('',(-0.05715,0.001,-0.00669130813491385));
#2268=CARTESIAN_POINT('',(0.10078333333334,-0.0208166666666698,0.0151253585317559));
#2269=CARTESIAN_POINT('',(0.122600000000009,0.001,-0.00669130813491386));
#2270=CARTESIAN_POINT('',(0.122900000000009,0.0013,-0.00699130813491385));
#2271=CARTESIAN_POINT('',(0.05715,0.0013,-0.00699130813491385));
#2272=CARTESIAN_POINT('',(0.05715,0.001,-0.00669130813491385));
#2273=CARTESIAN_POINT('',(0.125700000000009,0.001,0.));
#2274=CARTESIAN_POINT('',(0.102650000000006,0.0240500000000031,0.0132586918650892));
#2275=CARTESIAN_POINT('',(0.125400000000009,0.0013,-0.00949130813491386));
#2276=CARTESIAN_POINT('',(0.125700000000009,0.001,-0.00979130813491385));
#2277=CARTESIAN_POINT('',(0.125700000000009,0.001,0.));
#2278=CARTESIAN_POINT('',(0.125400000000009,0.0013,0.));
#2279=CARTESIAN_POINT('',(0.122900000000009,0.0013,0.));
#2280=CARTESIAN_POINT('',(0.10078333333334,-0.0208166666666698,0.0136253585317559));
#2281=CARTESIAN_POINT('',(0.122600000000009,0.001,-0.00819130813491386));
#2282=CARTESIAN_POINT('',(0.122900000000009,0.0013,-0.00849130813491385));
#2283=CARTESIAN_POINT('',(0.122900000000009,0.0013,-0.00849130813491385));
#2284=CARTESIAN_POINT('',(0.122600000000009,0.001,-0.00699130813491385));
#2285=CARTESIAN_POINT('',(-0.05715,0.0013,-0.00949130813491385));
#2286=CARTESIAN_POINT('',(0.101650000000006,0.0235500000000031,0.0127586918650892));
#2287=CARTESIAN_POINT('',(0.123900000000009,0.0013,-0.00949130813491386));
#2288=CARTESIAN_POINT('',(0.124200000000009,0.001,-0.00979130813491385));
#2289=CARTESIAN_POINT('',(0.123900000000009,0.001,-0.00979130813491385));
#2290=CARTESIAN_POINT('',(0.125400000000009,0.0013,-0.00949130813491385));
#2291=CARTESIAN_POINT('',(-0.05715,0.001,-0.00819130813491386));
#2292=CARTESIAN_POINT('',(0.0997833333333396,-0.0203166666666698,0.0131253585317559));
#2293=CARTESIAN_POINT('',(0.121100000000009,0.001,-0.00819130813491386));
#2294=CARTESIAN_POINT('',(0.121400000000009,0.0013,-0.00849130813491385));
#2295=CARTESIAN_POINT('',(0.05715,0.0013,-0.00849130813491385));
#2296=CARTESIAN_POINT('',(0.05715,0.001,-0.00819130813491386));
#2297=CARTESIAN_POINT('',(0.124200000000009,0.001,0.));
#2298=CARTESIAN_POINT('',(0.101650000000006,0.0235500000000031,0.0112586918650892));
#2299=CARTESIAN_POINT('',(0.123900000000009,0.0013,-0.0109913081349138));
#2300=CARTESIAN_POINT('',(0.124200000000009,0.001,-0.0112913081349138));
#2301=CARTESIAN_POINT('',(0.124200000000009,0.001,0.));
#2302=CARTESIAN_POINT('',(0.123900000000009,0.0013,0.));
#2303=CARTESIAN_POINT('',(0.121400000000009,0.0013,0.));
#2304=CARTESIAN_POINT('',(0.124563769378314,0.00446376937830461,-0.00632753875660924));
#2305=CARTESIAN_POINT('',(0.121100000000009,0.001,-0.00979130813491385));
#2306=CARTESIAN_POINT('',(0.121400000000009,0.0013,-0.00949130813491385));
#2307=CARTESIAN_POINT('',(0.121400000000009,0.0013,-0.00949130813491385));
#2308=CARTESIAN_POINT('',(0.121100000000009,0.001,-0.00849130813491385));
#2309=CARTESIAN_POINT('',(-0.05715,0.0013,-0.0109913081349138));
#2310=CARTESIAN_POINT('',(0.126563769378314,0.00496376937830462,-0.00732753875660924));
#2311=CARTESIAN_POINT('',(0.122900000000009,0.0013,-0.0109913081349138));
#2312=CARTESIAN_POINT('',(0.122600000000009,0.001,-0.0112913081349138));
#2313=CARTESIAN_POINT('',(0.122900000000009,0.001,-0.0112913081349138));
#2314=CARTESIAN_POINT('',(0.123900000000009,0.0013,-0.0109913081349138));
#2315=CARTESIAN_POINT('',(-0.05715,0.0013,-0.00949130813491385));
#2316=CARTESIAN_POINT('',(0.126063769378314,0.00446376937830461,-0.00632753875660924));
#2317=CARTESIAN_POINT('',(0.122600000000009,0.001,-0.00979130813491385));
#2318=CARTESIAN_POINT('',(0.122900000000009,0.0013,-0.00949130813491385));
#2319=CARTESIAN_POINT('',(0.122900000000009,0.0013,-0.00949130813491385));
#2320=CARTESIAN_POINT('',(0.121400000000009,0.001,-0.00979130813491385));
#2321=CARTESIAN_POINT('',(0.122900000000009,0.0013,0.));
#2322=CARTESIAN_POINT('',(0.122900000000009,0.0013,-0.0109913081349138));
#2323=CARTESIAN_POINT('',(0.122600000000009,0.001,-0.00949130813491385));
#2324=CARTESIAN_POINT('',(0.0670500000000093,0.001,0.));
#2325=CARTESIAN_POINT('',(0.0692804360449806,-0.00123043604497129,-0.00446087208994258));
#2326=CARTESIAN_POINT('',(0.0670500000000093,0.001,-0.00669130813491385));
#2327=CARTESIAN_POINT('',(0.0667500000000093,0.0013,-0.00699130813491385));
#2328=CARTESIAN_POINT('',(0.0667500000000093,0.0013,0.));
#2329=CARTESIAN_POINT('',(0.0667500000000093,0.0013,-0.00849130813491385));
#2330=CARTESIAN_POINT('',(0.0447000000000062,0.0233500000000031,-0.0305413081349169));
#2331=CARTESIAN_POINT('',(0.0670500000000093,0.001,-0.00819130813491385));
#2332=CARTESIAN_POINT('',(0.0670500000000093,0.001,0.));
#2333=CARTESIAN_POINT('',(-0.05715,0.001,-0.00819130813491386));
#2334=CARTESIAN_POINT('',(0.0712804360449806,-0.00173043604497128,-0.00546087208994258));
#2335=CARTESIAN_POINT('',(0.0682500000000093,0.0013,-0.00849130813491385));
#2336=CARTESIAN_POINT('',(0.0685500000000093,0.001,-0.00819130813491385));
#2337=CARTESIAN_POINT('',(0.,0.001,-0.00819130813491386));
#2338=CARTESIAN_POINT('',(0.,0.0013,-0.00849130813491385));
#2339=CARTESIAN_POINT('',(-0.05715,0.001,-0.00669130813491385));
#2340=CARTESIAN_POINT('',(0.0436333333333396,-0.0208166666666698,0.0151253585317559));
#2341=CARTESIAN_POINT('',(0.0654500000000093,0.001,-0.00669130813491386));
#2342=CARTESIAN_POINT('',(0.0657500000000093,0.0013,-0.00699130813491385));
#2343=CARTESIAN_POINT('',(0.,0.0013,-0.00699130813491385));
#2344=CARTESIAN_POINT('',(0.,0.001,-0.00669130813491385));
#2345=CARTESIAN_POINT('',(0.0685500000000093,0.001,0.));
#2346=CARTESIAN_POINT('',(0.0455000000000062,0.0240500000000031,0.0132586918650892));
#2347=CARTESIAN_POINT('',(0.0682500000000093,0.0013,-0.00949130813491385));
#2348=CARTESIAN_POINT('',(0.0685500000000093,0.001,-0.00979130813491385));
#2349=CARTESIAN_POINT('',(0.0685500000000093,0.001,0.));
#2350=CARTESIAN_POINT('',(0.0682500000000093,0.0013,0.));
#2351=CARTESIAN_POINT('',(0.0657500000000093,0.0013,0.));
#2352=CARTESIAN_POINT('',(0.0436333333333396,-0.0208166666666698,0.0136253585317559));
#2353=CARTESIAN_POINT('',(0.0654500000000093,0.001,-0.00819130813491386));
#2354=CARTESIAN_POINT('',(0.0657500000000093,0.0013,-0.00849130813491385));
#2355=CARTESIAN_POINT('',(0.0657500000000093,0.0013,-0.00849130813491385));
#2356=CARTESIAN_POINT('',(0.0654500000000093,0.001,-0.00699130813491385));
#2357=CARTESIAN_POINT('',(-0.05715,0.0013,-0.00949130813491385));
#2358=CARTESIAN_POINT('',(0.0445000000000062,0.0235500000000031,0.0127586918650892));
#2359=CARTESIAN_POINT('',(0.0667500000000093,0.0013,-0.00949130813491385));
#2360=CARTESIAN_POINT('',(0.0670500000000093,0.001,-0.00979130813491385));
#2361=CARTESIAN_POINT('',(0.0667500000000093,0.001,-0.00979130813491385));
#2362=CARTESIAN_POINT('',(0.0682500000000093,0.0013,-0.00949130813491385));
#2363=CARTESIAN_POINT('',(-0.05715,0.001,-0.00819130813491386));
#2364=CARTESIAN_POINT('',(0.0426333333333396,-0.0203166666666698,0.0131253585317559));
#2365=CARTESIAN_POINT('',(0.0639500000000093,0.001,-0.00819130813491386));
#2366=CARTESIAN_POINT('',(0.0642500000000093,0.0013,-0.00849130813491385));
#2367=CARTESIAN_POINT('',(0.,0.0013,-0.00849130813491385));
#2368=CARTESIAN_POINT('',(0.,0.001,-0.00819130813491386));
#2369=CARTESIAN_POINT('',(0.0670500000000093,0.001,0.));
#2370=CARTESIAN_POINT('',(0.0445000000000062,0.0235500000000031,0.0112586918650892));
#2371=CARTESIAN_POINT('',(0.0667500000000093,0.0013,-0.0109913081349138));
#2372=CARTESIAN_POINT('',(0.0670500000000093,0.001,-0.0112913081349138));
#2373=CARTESIAN_POINT('',(0.0670500000000093,0.001,0.));
#2374=CARTESIAN_POINT('',(0.0667500000000093,0.0013,0.));
#2375=CARTESIAN_POINT('',(0.0642500000000093,0.0013,0.));
#2376=CARTESIAN_POINT('',(0.0674137693783139,0.00446376937830461,-0.00632753875660924));
#2377=CARTESIAN_POINT('',(0.0639500000000093,0.001,-0.00979130813491385));
#2378=CARTESIAN_POINT('',(0.0642500000000093,0.0013,-0.00949130813491385));
#2379=CARTESIAN_POINT('',(0.0642500000000093,0.0013,-0.00949130813491385));
#2380=CARTESIAN_POINT('',(0.0639500000000093,0.001,-0.00849130813491385));
#2381=CARTESIAN_POINT('',(-0.05715,0.0013,-0.0109913081349138));
#2382=CARTESIAN_POINT('',(0.0694137693783139,0.00496376937830462,-0.00732753875660924));
#2383=CARTESIAN_POINT('',(0.0657500000000093,0.0013,-0.0109913081349138));
#2384=CARTESIAN_POINT('',(0.0654500000000093,0.001,-0.0112913081349138));
#2385=CARTESIAN_POINT('',(0.0657500000000093,0.001,-0.0112913081349138));
#2386=CARTESIAN_POINT('',(0.0667500000000093,0.0013,-0.0109913081349138));
#2387=CARTESIAN_POINT('',(-0.05715,0.0013,-0.00949130813491385));
#2388=CARTESIAN_POINT('',(0.0689137693783139,0.00446376937830461,-0.00632753875660924));
#2389=CARTESIAN_POINT('',(0.0654500000000093,0.001,-0.00979130813491384));
#2390=CARTESIAN_POINT('',(0.0657500000000093,0.0013,-0.00949130813491385));
#2391=CARTESIAN_POINT('',(0.0657500000000093,0.0013,-0.00949130813491385));
#2392=CARTESIAN_POINT('',(0.0642500000000093,0.001,-0.00979130813491385));
#2393=CARTESIAN_POINT('',(0.0657500000000093,0.0013,0.));
#2394=CARTESIAN_POINT('',(0.0657500000000093,0.0013,-0.0109913081349138));
#2395=CARTESIAN_POINT('',(0.0654500000000093,0.001,-0.00949130813491385));
#2396=CARTESIAN_POINT('',(0.0099000000000093,0.001,0.));
#2397=CARTESIAN_POINT('',(0.0121304360449806,-0.00123043604497129,-0.00446087208994258));
#2398=CARTESIAN_POINT('',(0.0099000000000093,0.001,-0.00669130813491385));
#2399=CARTESIAN_POINT('',(0.00960000000000929,0.0013,-0.00699130813491385));
#2400=CARTESIAN_POINT('',(0.0096000000000093,0.0013,0.));
#2401=CARTESIAN_POINT('',(0.0096000000000093,0.0013,-0.00849130813491385));
#2402=CARTESIAN_POINT('',(-0.0124499999999938,0.0233500000000031,-0.0305413081349169));
#2403=CARTESIAN_POINT('',(0.0099000000000093,0.001,-0.00819130813491385));
#2404=CARTESIAN_POINT('',(0.0099000000000093,0.001,0.));
#2405=CARTESIAN_POINT('',(-0.05715,0.001,-0.00819130813491386));
#2406=CARTESIAN_POINT('',(0.0141304360449806,-0.00173043604497128,-0.00546087208994258));
#2407=CARTESIAN_POINT('',(0.0111000000000093,0.0013,-0.00849130813491385));
#2408=CARTESIAN_POINT('',(0.0114000000000093,0.001,-0.00819130813491385));
#2409=CARTESIAN_POINT('',(-0.05715,0.001,-0.00819130813491386));
#2410=CARTESIAN_POINT('',(-0.05715,0.0013,-0.00849130813491385));
#2411=CARTESIAN_POINT('',(-0.05715,0.001,-0.00669130813491385));
#2412=CARTESIAN_POINT('',(-0.0135166666666604,-0.0208166666666698,0.0151253585317559));
#2413=CARTESIAN_POINT('',(0.00830000000000931,0.001,-0.00669130813491386));
#2414=CARTESIAN_POINT('',(0.0086000000000093,0.0013,-0.00699130813491385));
#2415=CARTESIAN_POINT('',(-0.05715,0.0013,-0.00699130813491385));
#2416=CARTESIAN_POINT('',(-0.05715,0.001,-0.00669130813491385));
#2417=CARTESIAN_POINT('',(0.0114000000000093,0.001,0.));
#2418=CARTESIAN_POINT('',(-0.0116499999999938,0.0240500000000031,0.0132586918650892));
#2419=CARTESIAN_POINT('',(0.0111000000000093,0.0013,-0.00949130813491385));
#2420=CARTESIAN_POINT('',(0.0114000000000093,0.001,-0.00979130813491385));
#2421=CARTESIAN_POINT('',(0.0114000000000093,0.001,0.));
#2422=CARTESIAN_POINT('',(0.0111000000000093,0.0013,0.));
#2423=CARTESIAN_POINT('',(0.0086000000000093,0.0013,0.));
#2424=CARTESIAN_POINT('',(-0.0135166666666604,-0.0208166666666698,0.0136253585317559));
#2425=CARTESIAN_POINT('',(0.00830000000000931,0.001,-0.00819130813491386));
#2426=CARTESIAN_POINT('',(0.0086000000000093,0.0013,-0.00849130813491385));
#2427=CARTESIAN_POINT('',(0.0086000000000093,0.0013,-0.00849130813491385));
#2428=CARTESIAN_POINT('',(0.00830000000000931,0.001,-0.00699130813491385));
#2429=CARTESIAN_POINT('',(-0.05715,0.0013,-0.00949130813491385));
#2430=CARTESIAN_POINT('',(-0.0126499999999938,0.0235500000000031,0.0127586918650892));
#2431=CARTESIAN_POINT('',(0.0096000000000093,0.0013,-0.00949130813491385));
#2432=CARTESIAN_POINT('',(0.0099000000000093,0.001,-0.00979130813491385));
#2433=CARTESIAN_POINT('',(0.0096000000000093,0.001,-0.00979130813491385));
#2434=CARTESIAN_POINT('',(0.0111000000000093,0.0013,-0.00949130813491385));
#2435=CARTESIAN_POINT('',(-0.05715,0.001,-0.00819130813491386));
#2436=CARTESIAN_POINT('',(-0.0145166666666604,-0.0203166666666698,0.0131253585317559));
#2437=CARTESIAN_POINT('',(0.0068000000000093,0.001,-0.00819130813491386));
#2438=CARTESIAN_POINT('',(0.0071000000000093,0.0013,-0.00849130813491385));
#2439=CARTESIAN_POINT('',(-0.05715,0.0013,-0.00849130813491385));
#2440=CARTESIAN_POINT('',(-0.05715,0.001,-0.00819130813491386));
#2441=CARTESIAN_POINT('',(0.0099000000000093,0.001,0.));
#2442=CARTESIAN_POINT('',(-0.0126499999999938,0.0235500000000031,0.0112586918650892));
#2443=CARTESIAN_POINT('',(0.0096000000000093,0.0013,-0.0109913081349138));
#2444=CARTESIAN_POINT('',(0.0099000000000093,0.001,-0.0112913081349138));
#2445=CARTESIAN_POINT('',(0.0099000000000093,0.001,0.));
#2446=CARTESIAN_POINT('',(0.0096000000000093,0.0013,0.));
#2447=CARTESIAN_POINT('',(0.0071000000000093,0.0013,0.));
#2448=CARTESIAN_POINT('',(0.0102637693783139,0.00446376937830461,-0.00632753875660924));
#2449=CARTESIAN_POINT('',(0.00680000000000931,0.001,-0.00979130813491385));
#2450=CARTESIAN_POINT('',(0.0071000000000093,0.0013,-0.00949130813491385));
#2451=CARTESIAN_POINT('',(0.0071000000000093,0.0013,-0.00949130813491385));
#2452=CARTESIAN_POINT('',(0.00680000000000931,0.001,-0.00849130813491385));
#2453=CARTESIAN_POINT('',(-0.05715,0.0013,-0.0109913081349138));
#2454=CARTESIAN_POINT('',(0.0122637693783139,0.00496376937830462,-0.00732753875660924));
#2455=CARTESIAN_POINT('',(0.0086000000000093,0.0013,-0.0109913081349138));
#2456=CARTESIAN_POINT('',(0.00830000000000931,0.001,-0.0112913081349138));
#2457=CARTESIAN_POINT('',(0.0086000000000093,0.001,-0.0112913081349138));
#2458=CARTESIAN_POINT('',(0.0096000000000093,0.0013,-0.0109913081349138));
#2459=CARTESIAN_POINT('',(-0.05715,0.0013,-0.00949130813491385));
#2460=CARTESIAN_POINT('',(0.0117637693783139,0.00446376937830461,-0.00632753875660924));
#2461=CARTESIAN_POINT('',(0.00830000000000931,0.001,-0.00979130813491385));
#2462=CARTESIAN_POINT('',(0.0086000000000093,0.0013,-0.00949130813491385));
#2463=CARTESIAN_POINT('',(0.0086000000000093,0.0013,-0.00949130813491385));
#2464=CARTESIAN_POINT('',(0.0071000000000093,0.001,-0.00979130813491385));
#2465=CARTESIAN_POINT('',(0.0086000000000093,0.0013,0.));
#2466=CARTESIAN_POINT('',(0.0086000000000093,0.0013,-0.0109913081349138));
#2467=CARTESIAN_POINT('',(0.00830000000000931,0.001,-0.00949130813491385));
#2468=CARTESIAN_POINT('',(0.,-0.0262,-0.0042828574404142));
#2469=CARTESIAN_POINT('',(0.,0.00703460459749695,-0.00849130813491385));
#2470=CARTESIAN_POINT('',(0.125400000000009,0.00703460459749695,-0.00849130813491386));
#2471=CARTESIAN_POINT('',(0.123900000000009,0.00703460459749695,-0.00849130813491385));
#2472=CARTESIAN_POINT('',(0.123900000000009,-0.0262,-0.0042828574404142));
#2473=CARTESIAN_POINT('',(0.123900000000009,0.00719033235587008,-0.00699130813491386));
#2474=CARTESIAN_POINT('',(0.,0.00719033235587008,-0.00699130813491385));
#2475=CARTESIAN_POINT('',(0.122900000000009,0.00719033235587008,-0.00699130813491386));
#2476=CARTESIAN_POINT('',(0.122900000000009,-0.0262,-0.0042828574404142));
#2477=CARTESIAN_POINT('',(0.122900000000009,0.00703460459749695,-0.00849130813491385));
#2478=CARTESIAN_POINT('',(0.,0.00703460459749695,-0.00849130813491385));
#2479=CARTESIAN_POINT('',(0.121400000000009,0.00703460459749695,-0.00849130813491386));
#2480=CARTESIAN_POINT('',(0.121400000000009,-0.0262,-0.0042828574404142));
#2481=CARTESIAN_POINT('',(0.121400000000009,0.00689262820271255,-0.00949130813491386));
#2482=CARTESIAN_POINT('',(0.,0.00689262820271255,-0.00949130813491385));
#2483=CARTESIAN_POINT('',(0.122900000000009,0.00689262820271255,-0.00949130813491386));
#2484=CARTESIAN_POINT('',(0.122900000000009,-0.0262,-0.0042828574404142));
#2485=CARTESIAN_POINT('',(0.122900000000009,0.00662143642925256,-0.0109913081349139));
#2486=CARTESIAN_POINT('',(0.,0.00662143642925256,-0.0109913081349138));
#2487=CARTESIAN_POINT('',(0.123900000000009,0.00662143642925256,-0.0109913081349139));
#2488=CARTESIAN_POINT('',(0.123900000000009,-0.0262,-0.0042828574404142));
#2489=CARTESIAN_POINT('',(0.123900000000009,0.00689262820271255,-0.00949130813491386));
#2490=CARTESIAN_POINT('',(0.,0.00689262820271255,-0.00949130813491385));
#2491=CARTESIAN_POINT('',(0.125400000000009,0.00689262820271255,-0.00949130813491386));
#2492=CARTESIAN_POINT('',(0.125400000000009,-0.0262,-0.0042828574404142));
#2493=CARTESIAN_POINT('',(-0.05715,0.001,0.));
#2494=CARTESIAN_POINT('',(0.123400000000009,0.001,-0.00899130813491385));
#2495=CARTESIAN_POINT('',(0.123400000000009,0.001,-0.0119913081349139));
#2496=CARTESIAN_POINT('',(0.125400000000009,0.00929558111399377,0.));
#2497=CARTESIAN_POINT('',(0.125400000000009,0.00929558111399377,-0.00949130813491385));
#2498=CARTESIAN_POINT('',(0.125400000000009,0.00929558111399377,-0.00849130813491385));
#2499=CARTESIAN_POINT('',(-0.05715,0.00929558111399377,-0.00949130813491385));
#2500=CARTESIAN_POINT('',(0.123900000000009,0.00929558111399377,-0.00949130813491385));
#2501=CARTESIAN_POINT('',(0.123900000000009,0.00929558111399377,0.));
#2502=CARTESIAN_POINT('',(0.123900000000009,0.00929558111399377,-0.0109913081349138));
#2503=CARTESIAN_POINT('',(-0.05715,0.00929558111399377,-0.0109913081349138));
#2504=CARTESIAN_POINT('',(0.122900000000009,0.00929558111399377,-0.0109913081349138));
#2505=CARTESIAN_POINT('',(0.122900000000009,0.00929558111399377,0.));
#2506=CARTESIAN_POINT('',(0.122900000000009,0.00929558111399377,-0.00949130813491385));
#2507=CARTESIAN_POINT('',(-0.05715,0.00929558111399377,-0.00949130813491385));
#2508=CARTESIAN_POINT('',(0.121400000000009,0.00929558111399377,-0.00949130813491385));
#2509=CARTESIAN_POINT('',(0.121400000000009,0.00929558111399377,0.));
#2510=CARTESIAN_POINT('',(0.121400000000009,0.00929558111399377,-0.00849130813491385));
#2511=CARTESIAN_POINT('',(-0.05715,0.00929558111399377,-0.00849130813491385));
#2512=CARTESIAN_POINT('',(0.122900000000009,0.00929558111399377,-0.00849130813491385));
#2513=CARTESIAN_POINT('',(0.122900000000009,0.00929558111399377,0.));
#2514=CARTESIAN_POINT('',(0.122900000000009,0.00929558111399377,-0.00699130813491385));
#2515=CARTESIAN_POINT('',(-0.05715,0.00929558111399377,-0.00699130813491385));
#2516=CARTESIAN_POINT('',(0.123900000000009,0.00929558111399377,-0.00699130813491385));
#2517=CARTESIAN_POINT('',(0.123900000000009,0.00929558111399377,0.));
#2518=CARTESIAN_POINT('',(0.123900000000009,0.00929558111399377,-0.00849130813491385));
#2519=CARTESIAN_POINT('',(-0.05715,0.00929558111399377,-0.00849130813491385));
#2520=CARTESIAN_POINT('',(0.,-0.0262,-0.0042828574404142));
#2521=CARTESIAN_POINT('',(0.,0.00703460459749695,-0.00849130813491385));
#2522=CARTESIAN_POINT('',(0.0111000000000093,0.00703460459749695,-0.00849130813491385));
#2523=CARTESIAN_POINT('',(0.0096000000000093,0.00703460459749695,-0.00849130813491385));
#2524=CARTESIAN_POINT('',(0.0096000000000093,-0.0262,-0.0042828574404142));
#2525=CARTESIAN_POINT('',(0.0096000000000093,0.00719033235587008,-0.00699130813491385));
#2526=CARTESIAN_POINT('',(0.,0.00719033235587008,-0.00699130813491385));
#2527=CARTESIAN_POINT('',(0.0086000000000093,0.00719033235587007,-0.00699130813491385));
#2528=CARTESIAN_POINT('',(0.0086000000000093,-0.0262,-0.0042828574404142));
#2529=CARTESIAN_POINT('',(0.0086000000000093,0.00703460459749695,-0.00849130813491385));
#2530=CARTESIAN_POINT('',(0.,0.00703460459749695,-0.00849130813491385));
#2531=CARTESIAN_POINT('',(0.0071000000000093,0.00703460459749695,-0.00849130813491385));
#2532=CARTESIAN_POINT('',(0.0071000000000093,-0.0262,-0.0042828574404142));
#2533=CARTESIAN_POINT('',(0.0071000000000093,0.00689262820271255,-0.00949130813491385));
#2534=CARTESIAN_POINT('',(0.,0.00689262820271255,-0.00949130813491385));
#2535=CARTESIAN_POINT('',(0.0086000000000093,0.00689262820271255,-0.00949130813491385));
#2536=CARTESIAN_POINT('',(0.0086000000000093,-0.0262,-0.0042828574404142));
#2537=CARTESIAN_POINT('',(0.0086000000000093,0.00662143642925256,-0.0109913081349138));
#2538=CARTESIAN_POINT('',(0.,0.00662143642925256,-0.0109913081349138));
#2539=CARTESIAN_POINT('',(0.0096000000000093,0.00662143642925256,-0.0109913081349138));
#2540=CARTESIAN_POINT('',(0.0096000000000093,-0.0262,-0.0042828574404142));
#2541=CARTESIAN_POINT('',(0.0096000000000093,0.00689262820271255,-0.00949130813491385));
#2542=CARTESIAN_POINT('',(0.,0.00689262820271255,-0.00949130813491385));
#2543=CARTESIAN_POINT('',(0.0111000000000093,0.00689262820271255,-0.00949130813491385));
#2544=CARTESIAN_POINT('',(0.0111000000000093,-0.0262,-0.0042828574404142));
#2545=CARTESIAN_POINT('',(-0.05715,0.001,0.));
#2546=CARTESIAN_POINT('',(0.0091000000000093,0.001,-0.00899130813491385));
#2547=CARTESIAN_POINT('',(0.0091000000000093,0.001,-0.0119913081349139));
#2548=CARTESIAN_POINT('',(0.0111000000000093,0.00929558111399377,0.));
#2549=CARTESIAN_POINT('',(0.0111000000000093,0.00929558111399377,-0.00949130813491385));
#2550=CARTESIAN_POINT('',(0.0111000000000093,0.00929558111399377,-0.00849130813491385));
#2551=CARTESIAN_POINT('',(-0.05715,0.00929558111399377,-0.00949130813491385));
#2552=CARTESIAN_POINT('',(0.0096000000000093,0.00929558111399377,-0.00949130813491385));
#2553=CARTESIAN_POINT('',(0.0096000000000093,0.00929558111399377,0.));
#2554=CARTESIAN_POINT('',(0.0096000000000093,0.00929558111399377,-0.0109913081349138));
#2555=CARTESIAN_POINT('',(-0.05715,0.00929558111399377,-0.0109913081349138));
#2556=CARTESIAN_POINT('',(0.0086000000000093,0.00929558111399377,-0.0109913081349138));
#2557=CARTESIAN_POINT('',(0.0086000000000093,0.00929558111399377,0.));
#2558=CARTESIAN_POINT('',(0.0086000000000093,0.00929558111399377,-0.00949130813491385));
#2559=CARTESIAN_POINT('',(-0.05715,0.00929558111399377,-0.00949130813491385));
#2560=CARTESIAN_POINT('',(0.0071000000000093,0.00929558111399377,-0.00949130813491385));
#2561=CARTESIAN_POINT('',(0.0071000000000093,0.00929558111399377,0.));
#2562=CARTESIAN_POINT('',(0.0071000000000093,0.00929558111399377,-0.00849130813491385));
#2563=CARTESIAN_POINT('',(-0.05715,0.00929558111399377,-0.00849130813491385));
#2564=CARTESIAN_POINT('',(0.0086000000000093,0.00929558111399377,-0.00849130813491385));
#2565=CARTESIAN_POINT('',(0.0086000000000093,0.00929558111399377,0.));
#2566=CARTESIAN_POINT('',(0.0086000000000093,0.00929558111399377,-0.00699130813491385));
#2567=CARTESIAN_POINT('',(-0.05715,0.00929558111399377,-0.00699130813491385));
#2568=CARTESIAN_POINT('',(0.0096000000000093,0.00929558111399377,-0.00699130813491385));
#2569=CARTESIAN_POINT('',(0.0096000000000093,0.00929558111399377,0.));
#2570=CARTESIAN_POINT('',(0.0096000000000093,0.00929558111399377,-0.00849130813491385));
#2571=CARTESIAN_POINT('',(-0.05715,0.00929558111399377,-0.00849130813491385));
#2572=CARTESIAN_POINT('',(0.,-0.0262,-0.0042828574404142));
#2573=CARTESIAN_POINT('',(0.,0.00703460459749695,-0.00849130813491385));
#2574=CARTESIAN_POINT('',(0.0682500000000093,0.00703460459749695,-0.00849130813491386));
#2575=CARTESIAN_POINT('',(0.0667500000000093,0.00703460459749695,-0.00849130813491385));
#2576=CARTESIAN_POINT('',(0.0667500000000093,-0.0262,-0.0042828574404142));
#2577=CARTESIAN_POINT('',(0.0667500000000093,0.00719033235587008,-0.00699130813491386));
#2578=CARTESIAN_POINT('',(0.,0.00719033235587008,-0.00699130813491385));
#2579=CARTESIAN_POINT('',(0.0657500000000093,0.00719033235587008,-0.00699130813491386));
#2580=CARTESIAN_POINT('',(0.0657500000000093,-0.0262,-0.0042828574404142));
#2581=CARTESIAN_POINT('',(0.0657500000000093,0.00703460459749695,-0.00849130813491385));
#2582=CARTESIAN_POINT('',(0.,0.00703460459749695,-0.00849130813491385));
#2583=CARTESIAN_POINT('',(0.0642500000000093,0.00703460459749695,-0.00849130813491386));
#2584=CARTESIAN_POINT('',(0.0642500000000093,-0.0262,-0.0042828574404142));
#2585=CARTESIAN_POINT('',(0.0642500000000093,0.00689262820271255,-0.00949130813491386));
#2586=CARTESIAN_POINT('',(0.,0.00689262820271255,-0.00949130813491385));
#2587=CARTESIAN_POINT('',(0.0657500000000093,0.00689262820271255,-0.00949130813491386));
#2588=CARTESIAN_POINT('',(0.0657500000000093,-0.0262,-0.0042828574404142));
#2589=CARTESIAN_POINT('',(0.0657500000000093,0.00662143642925256,-0.0109913081349139));
#2590=CARTESIAN_POINT('',(0.,0.00662143642925256,-0.0109913081349138));
#2591=CARTESIAN_POINT('',(0.0667500000000093,0.00662143642925256,-0.0109913081349139));
#2592=CARTESIAN_POINT('',(0.0667500000000093,-0.0262,-0.0042828574404142));
#2593=CARTESIAN_POINT('',(0.0667500000000093,0.00689262820271255,-0.00949130813491386));
#2594=CARTESIAN_POINT('',(0.,0.00689262820271255,-0.00949130813491385));
#2595=CARTESIAN_POINT('',(0.0682500000000093,0.00689262820271255,-0.00949130813491386));
#2596=CARTESIAN_POINT('',(0.0682500000000093,-0.0262,-0.0042828574404142));
#2597=CARTESIAN_POINT('',(-0.05715,0.001,0.));
#2598=CARTESIAN_POINT('',(0.0662500000000093,0.001,-0.00899130813491385));
#2599=CARTESIAN_POINT('',(0.0662500000000093,0.001,-0.0119913081349139));
#2600=CARTESIAN_POINT('',(0.0682500000000093,0.00929558111399377,0.));
#2601=CARTESIAN_POINT('',(0.0682500000000093,0.00929558111399377,-0.00949130813491385));
#2602=CARTESIAN_POINT('',(0.0682500000000093,0.00929558111399377,-0.00849130813491385));
#2603=CARTESIAN_POINT('',(-0.05715,0.00929558111399377,-0.00949130813491385));
#2604=CARTESIAN_POINT('',(0.0667500000000093,0.00929558111399377,-0.00949130813491385));
#2605=CARTESIAN_POINT('',(0.0667500000000093,0.00929558111399377,0.));
#2606=CARTESIAN_POINT('',(0.0667500000000093,0.00929558111399377,-0.0109913081349138));
#2607=CARTESIAN_POINT('',(-0.05715,0.00929558111399377,-0.0109913081349138));
#2608=CARTESIAN_POINT('',(0.0657500000000093,0.00929558111399377,-0.0109913081349138));
#2609=CARTESIAN_POINT('',(0.0657500000000093,0.00929558111399377,0.));
#2610=CARTESIAN_POINT('',(0.0657500000000093,0.00929558111399377,-0.00949130813491385));
#2611=CARTESIAN_POINT('',(-0.05715,0.00929558111399377,-0.00949130813491385));
#2612=CARTESIAN_POINT('',(0.0642500000000093,0.00929558111399377,-0.00949130813491385));
#2613=CARTESIAN_POINT('',(0.0642500000000093,0.00929558111399377,0.));
#2614=CARTESIAN_POINT('',(0.0642500000000093,0.00929558111399377,-0.00849130813491385));
#2615=CARTESIAN_POINT('',(-0.05715,0.00929558111399377,-0.00849130813491385));
#2616=CARTESIAN_POINT('',(0.0657500000000093,0.00929558111399377,-0.00849130813491385));
#2617=CARTESIAN_POINT('',(0.0657500000000093,0.00929558111399377,0.));
#2618=CARTESIAN_POINT('',(0.0657500000000093,0.00929558111399377,-0.00699130813491385));
#2619=CARTESIAN_POINT('',(-0.05715,0.00929558111399377,-0.00699130813491385));
#2620=CARTESIAN_POINT('',(0.0667500000000093,0.00929558111399377,-0.00699130813491385));
#2621=CARTESIAN_POINT('',(0.0667500000000093,0.00929558111399377,0.));
#2622=CARTESIAN_POINT('',(0.0667500000000093,0.00929558111399377,-0.00849130813491385));
#2623=CARTESIAN_POINT('',(-0.05715,0.00929558111399377,-0.00849130813491385));
#2624=CARTESIAN_POINT('',(0.12918840540726,0.00875791728614214,-0.0059986718287573));
#2625=CARTESIAN_POINT('',(0.129405527185471,0.00875740725185813,-0.00600906324197474));
#2626=CARTESIAN_POINT('',(0.129473155055891,0.008550939059469,-0.00600217376802017));
#2627=CARTESIAN_POINT('',(0.129197572476324,0.00876737699489281,-0.00580594019163876));
#2628=CARTESIAN_POINT('',(0.129405490778615,0.00876797099961505,-0.00579498914045171));
#2629=CARTESIAN_POINT('',(0.12947961752671,0.00857492194621897,-0.00577907068631102));
#2630=CARTESIAN_POINT('',(0.129174534098214,0.00877522539648021,-0.00561237413591565));
#2631=CARTESIAN_POINT('',(0.129371189059436,0.00877667783487332,-0.00557749060992976));
#2632=CARTESIAN_POINT('',(0.129447929386843,0.00859559909754587,-0.00555430366044737));
#2633=CARTESIAN_POINT('',(0.129086423435466,0.00878427618512712,-0.00533591078535924));
#2634=CARTESIAN_POINT('',(0.129260541872985,0.00878635289250939,-0.00526781485950443));
#2635=CARTESIAN_POINT('',(0.129337339097684,0.00861999668870768,-0.00523202469849166));
#2636=CARTESIAN_POINT('',(0.129048762817515,0.00878679283890394,-0.00524791463237723));
#2637=CARTESIAN_POINT('',(0.129215107236517,0.00878897195474835,-0.00516978986798947));
#2638=CARTESIAN_POINT('',(0.129290760344089,0.00862688019298833,-0.0051292273486974));
#2639=CARTESIAN_POINT('',(0.128956284877103,0.00879100914631096,-0.00508053372746466));
#2640=CARTESIAN_POINT('',(0.129105936803966,0.00879323975939031,-0.00498366623204919));
#2641=CARTESIAN_POINT('',(0.129177508584857,0.00863828985643858,-0.00493320351358843));
#2642=CARTESIAN_POINT('',(0.128900563739446,0.00879272372061164,-0.00500018616670067));
#2643=CARTESIAN_POINT('',(0.129041128818894,0.00879491657252932,-0.00489410812136034));
#2644=CARTESIAN_POINT('',(0.129109744319943,0.0086428524860763,-0.0048388406797073));
#2645=CARTESIAN_POINT('',(0.128774511461419,0.00879539917922089,-0.0048549677231379));
#2646=CARTESIAN_POINT('',(0.128896261348206,0.00879742522635961,-0.00473211063836659));
#2647=CARTESIAN_POINT('',(0.128957306423221,0.00864933368784032,-0.00466767740642938));
#2648=CARTESIAN_POINT('',(0.128704577734561,0.00879637162563617,-0.00479004013807433));
#2649=CARTESIAN_POINT('',(0.128816441421584,0.00879827895161522,-0.00465925968910517));
#2650=CARTESIAN_POINT('',(0.128873101465587,0.00865128908337516,-0.0045908207349446));
#2651=CARTESIAN_POINT('',(0.128550641132621,0.0087978403614453,-0.00467583489934573));
#2652=CARTESIAN_POINT('',(0.128642011878921,0.00879948470811658,-0.00453045587024833));
#2653=CARTESIAN_POINT('',(0.128688440074428,0.00865286096873698,-0.00445486371566051));
#2654=CARTESIAN_POINT('',(0.128466203672303,0.00879833226828388,-0.00462671216785849));
#2655=CARTESIAN_POINT('',(0.128546584742899,0.00879983519929955,-0.00447439344430016));
#2656=CARTESIAN_POINT('',(0.128587473901012,0.0086524392130415,-0.0043959316133995));
#2657=CARTESIAN_POINT('',(0.128204286365814,0.00879934449869505,-0.00451061872072785));
#2658=CARTESIAN_POINT('',(0.128251313600573,0.00880048447535927,-0.00433955003179707));
#2659=CARTESIAN_POINT('',(0.128275174232768,0.00864802728275337,-0.00425508025115173));
#2660=CARTESIAN_POINT('',(0.128011378722666,0.00879948963850519,-0.0044718681389694));
#2661=CARTESIAN_POINT('',(0.128033214218999,0.00880046733663628,-0.00429082584507367));
#2662=CARTESIAN_POINT('',(0.128046285131651,0.00864084126562038,-0.00420539673930709));
#2663=CARTESIAN_POINT('',(0.127818803697588,0.00879948963849063,-0.00447186814166538));
#2664=CARTESIAN_POINT('',(0.127818803697588,0.00880050903106299,-0.00428310517990006));
#2665=CARTESIAN_POINT('',(0.127818803697588,0.0086307777575292,-0.004200498947204));
#2666=CARTESIAN_POINT('',(0.12781881971564,0.00863077393323985,-0.0042004970860005));
#2667=CARTESIAN_POINT('',(0.127818814376289,0.00873177491181767,-0.00424965131409436));
#2668=CARTESIAN_POINT('',(0.127818809036938,0.00880009623817509,-0.0043595428646793));
#2669=CARTESIAN_POINT('',(0.127818803697588,0.00879948963849062,-0.0044718681416654));
#2670=CARTESIAN_POINT('',(0.127818803697588,0.00879948963849062,-0.0044718681416654));
#2671=CARTESIAN_POINT('',(0.12781881971564,0.00863077393325306,-0.00420049708597337));
#2672=CARTESIAN_POINT('',(0.12781881971562,0.00863077846614303,-0.00420049929215442));
#2673=CARTESIAN_POINT('',(0.12827378004621,0.00865090509406561,-0.00421029902361804));
#2674=CARTESIAN_POINT('',(0.129187131493052,0.00866728089475222,-0.00462339551531672));
#2675=CARTESIAN_POINT('',(0.129486079921686,0.00859890455151111,-0.00555597022289012));
#2676=CARTESIAN_POINT('',(0.129473155055891,0.008550939059469,-0.00600217376802017));
#2677=CARTESIAN_POINT('',(0.12947315422025,0.00855094050405674,-0.00600217948424868));
#2678=CARTESIAN_POINT('',(0.12947315455978,0.0085509408514204,-0.00600217240723685));
#2679=CARTESIAN_POINT('',(0.129436645052243,0.00866240226328307,-0.00600589166136597));
#2680=CARTESIAN_POINT('',(0.129305618209638,0.00875764200950606,-0.00600428030530107));
#2681=CARTESIAN_POINT('',(0.129188405465421,0.0087579173461602,-0.00599867060595181));
#2682=CARTESIAN_POINT('',(0.129188405407225,0.00875791728614221,-0.00599867182875559));
#2683=CARTESIAN_POINT('',(0.127818803697588,0.00879948963849063,-0.00447186814166539));
#2684=CARTESIAN_POINT('',(0.128210194572958,0.008799488845214,-0.00447201503428633));
#2685=CARTESIAN_POINT('',(0.128970617474641,0.00879960765469024,-0.00482279491619822));
#2686=CARTESIAN_POINT('',(0.129207246559855,0.00877735989659881,-0.00560254904718518));
#2687=CARTESIAN_POINT('',(0.129188405407225,0.00875791728614221,-0.00599867182875564));
#2688=CARTESIAN_POINT('',(0.129473155056035,0.00855093905896584,-0.00600217376777942));
#2689=CARTESIAN_POINT('',(0.129405527185857,0.00875740725186553,-0.0060090632418234));
#2690=CARTESIAN_POINT('',(0.129188405407225,0.00875791728614224,-0.00599867182875487));
#2691=CARTESIAN_POINT('',(0.129430107629583,0.0085092456711091,-0.00688751423193748));
#2692=CARTESIAN_POINT('',(0.129361579927646,0.0087135342413991,-0.00689752799556477));
#2693=CARTESIAN_POINT('',(0.129145970109165,0.00871412734402347,-0.00689084593858589));
#2694=CARTESIAN_POINT('',(0.129394587586919,0.00843403890479107,-0.00776921369840431));
#2695=CARTESIAN_POINT('',(0.12932496565531,0.0086358723787252,-0.00778423531087778));
#2696=CARTESIAN_POINT('',(0.129111149089618,0.00863633369492239,-0.00777931929688846));
#2697=CARTESIAN_POINT('',(0.129341440375921,0.00821700691357388,-0.00952542382238779));
#2698=CARTESIAN_POINT('',(0.129269615728456,0.00841265615013989,-0.00955086197749048));
#2699=CARTESIAN_POINT('',(0.129059638612573,0.00841305124635986,-0.00954898260362768));
#2700=CARTESIAN_POINT('',(0.129323775260408,0.00807478895013646,-0.0104017445863799));
#2701=CARTESIAN_POINT('',(0.129250748188302,0.00826721639106727,-0.0104318690017858));
#2702=CARTESIAN_POINT('',(0.129042913756006,0.00826715964701049,-0.0104319947898992));
#2703=CARTESIAN_POINT('',(0.129305172104187,0.00755006875183239,-0.0130055646258913));
#2704=CARTESIAN_POINT('',(0.1292287614154,0.00773262964400271,-0.013041135771461));
#2705=CARTESIAN_POINT('',(0.129027599329746,0.00772970100008153,-0.0130557319491738));
#2706=CARTESIAN_POINT('',(0.129336104048209,0.00707147342188077,-0.0147047192655661));
#2707=CARTESIAN_POINT('',(0.129256327308419,0.00724692102238994,-0.0147480745813847));
#2708=CARTESIAN_POINT('',(0.129061375457566,0.00724027074514696,-0.0147678738982784));
#2709=CARTESIAN_POINT('',(0.12944863040772,0.00646432633051104,-0.0163653025270276));
#2710=CARTESIAN_POINT('',(0.129367863311051,0.00662439337808502,-0.0164302586202855));
#2711=CARTESIAN_POINT('',(0.129177579276871,0.00662005342208121,-0.01644197308966));
#2712=CARTESIAN_POINT('',(0.129177579276871,0.00633873867846327,-0.0163377520983808));
#2713=CARTESIAN_POINT('',(0.129448630408146,0.00646432633079071,-0.0163653025245566));
#2714=CARTESIAN_POINT('',(0.129177579276168,0.00662005342583217,-0.0164419730795354));
#2715=CARTESIAN_POINT('',(0.129188405407225,0.00875791728614221,-0.00599867182875564));
#2716=CARTESIAN_POINT('',(0.129143661501895,0.00871174503987781,-0.00693938288514588));
#2717=CARTESIAN_POINT('',(0.129100059243542,0.00860847159599143,-0.00807427533175936));
#2718=CARTESIAN_POINT('',(0.129066206797069,0.00843029980043671,-0.00937045839443114));
#2719=CARTESIAN_POINT('',(0.12905520115971,0.00834744083840382,-0.00989975346190008));
#2720=CARTESIAN_POINT('',(0.129048201333352,0.00827666205471236,-0.0103159943717994));
#2721=CARTESIAN_POINT('',(0.129041674535011,0.00819131301424607,-0.0107896256625741));
#2722=CARTESIAN_POINT('',(0.129034738251217,0.00803812700848697,-0.0115706248144652));
#2723=CARTESIAN_POINT('',(0.129036059306103,0.00783819707011862,-0.0124503095096602));
#2724=CARTESIAN_POINT('',(0.129045935048327,0.0076329095782536,-0.0132538059305788));
#2725=CARTESIAN_POINT('',(0.129064495474892,0.00738530844397308,-0.0141527396505387));
#2726=CARTESIAN_POINT('',(0.12910318217979,0.0070525544014364,-0.0152303391916916));
#2727=CARTESIAN_POINT('',(0.129150089444852,0.00676677553398155,-0.0160459387320439));
#2728=CARTESIAN_POINT('',(0.129177579276168,0.00662005342583218,-0.0164419730795354));
#2729=CARTESIAN_POINT('',(0.129473154780681,0.00855093879227244,-0.00600217943088474));
#2730=CARTESIAN_POINT('',(0.129300965295058,0.00838416475809205,-0.00954353933770924));
#2731=CARTESIAN_POINT('',(0.129223577808661,0.00767861986597824,-0.0130441377744327));
#2732=CARTESIAN_POINT('',(0.12944863040772,0.00646432633051104,-0.0163653025270276));
#2733=CARTESIAN_POINT('',(0.,0.00849949401301784,-0.00447024804994039));
#2734=CARTESIAN_POINT('',(0.00468116444157926,0.00879948963848876,-0.00447186814200872));
#2735=CARTESIAN_POINT('',(0.00468116978793532,0.00880009622295772,-0.00435954570631372));
#2736=CARTESIAN_POINT('',(0.00468117513429139,0.00873177862505697,-0.00424965667088171));
#2737=CARTESIAN_POINT('',(0.00468118048064745,0.00863078159801558,-0.0042005008163578));
#2738=CARTESIAN_POINT('',(0.00468116444157926,0.00879948963848877,-0.00447186814200872));
#2739=CARTESIAN_POINT('',(0.00468118048064745,0.00863078159802889,-0.00420050081633045));
#2740=CARTESIAN_POINT('',(0.00474151988243502,0.00863077775752916,-0.004200498947204));
#2741=CARTESIAN_POINT('',(0.,0.00879948963849063,-0.0044718681416654));
#2742=CARTESIAN_POINT('',(0.127780496802386,0.00607776474763162,-0.0178159983506593));
#2743=CARTESIAN_POINT('',(0.127780496802384,0.00600061813392625,-0.0180000000000009));
#2744=CARTESIAN_POINT('',(0.127780496802383,0.00580109819265054,-0.018));
#2745=CARTESIAN_POINT('',(0.127970737209338,0.00607776474713362,-0.017815998351847));
#2746=CARTESIAN_POINT('',(0.127989954258252,0.00600459946144755,-0.0179905041743092));
#2747=CARTESIAN_POINT('',(0.128002051249266,0.00581560534978534,-0.0180000000000023));
#2748=CARTESIAN_POINT('',(0.128161919601737,0.00609059001367334,-0.0177855506598844));
#2749=CARTESIAN_POINT('',(0.128203924494836,0.00602218709572244,-0.0179492016357194));
#2750=CARTESIAN_POINT('',(0.128225692200583,0.00584336567125767,-0.0179637759478323));
#2751=CARTESIAN_POINT('',(0.12842840771173,0.00613101706158668,-0.017688325267609));
#2752=CARTESIAN_POINT('',(0.128501428630241,0.00607155020302521,-0.0178317625623154));
#2753=CARTESIAN_POINT('',(0.128539101654213,0.00590521649293892,-0.0178481055092998));
#2754=CARTESIAN_POINT('',(0.128512483748619,0.0061477318619269,-0.0176479989841203));
#2755=CARTESIAN_POINT('',(0.128595120636975,0.0060913431597025,-0.0177845078150637));
#2756=CARTESIAN_POINT('',(0.12863827969652,0.0059287969426192,-0.0178001287505675));
#2757=CARTESIAN_POINT('',(0.128670710880105,0.00618774544314,-0.0175507400975975));
#2758=CARTESIAN_POINT('',(0.128771487083538,0.00613787188676389,-0.0176725145888518));
#2759=CARTESIAN_POINT('',(0.128825575313911,0.00598195853454939,-0.0176844184711603));
#2760=CARTESIAN_POINT('',(0.128745586372271,0.00621141239205506,-0.0174928956058084));
#2761=CARTESIAN_POINT('',(0.128855383039995,0.00616508153259969,-0.0176066172092408));
#2762=CARTESIAN_POINT('',(0.128914564369215,0.00601197292484369,-0.0176156000509009));
#2763=CARTESIAN_POINT('',(0.128943422068749,0.00628916683084646,-0.017301040299537));
#2764=CARTESIAN_POINT('',(0.129077778099268,0.00625353226932963,-0.0173901603830386));
#2765=CARTESIAN_POINT('',(0.129150844881577,0.00610689824239513,-0.0173873470487544));
#2766=CARTESIAN_POINT('',(0.129044329451614,0.00635191117609448,-0.0171438833827147));
#2767=CARTESIAN_POINT('',(0.129193935735121,0.00632456418286884,-0.0172133832743262));
#2768=CARTESIAN_POINT('',(0.129273112063626,0.00617900613619164,-0.0172003752248934));
#2769=CARTESIAN_POINT('',(0.12916695528601,0.00648347953462549,-0.0168057594608961));
#2770=CARTESIAN_POINT('',(0.129340838204659,0.00647194766613348,-0.0168361867935467));
#2771=CARTESIAN_POINT('',(0.129425894766102,0.00632339023664957,-0.0167981043656847));
#2772=CARTESIAN_POINT('',(0.129190062267696,0.00655342765812898,-0.0166218102749751));
#2773=CARTESIAN_POINT('',(0.129373258729136,0.00655057613426412,-0.0166297016706906));
#2774=CARTESIAN_POINT('',(0.129458111476645,0.00639693214566287,-0.0165792382902256));
#2775=CARTESIAN_POINT('',(0.129177579276776,0.00662005342584598,-0.0164419730794984));
#2776=CARTESIAN_POINT('',(0.129367863310397,0.00662439338056407,-0.0164302586135831));
#2777=CARTESIAN_POINT('',(0.129448630407483,0.00646432633340774,-0.0163653025221616));
#2778=CARTESIAN_POINT('',(0.127780504376802,0.0060777647476383,-0.0178159983506434));
#2779=CARTESIAN_POINT('',(0.127780502891337,0.00603237892693023,-0.0179242476368693));
#2780=CARTESIAN_POINT('',(0.127780501405873,0.00591847698413391,-0.018));
#2781=CARTESIAN_POINT('',(0.127780499920408,0.00580109819265194,-0.018));
#2782=CARTESIAN_POINT('',(0.127780499920408,0.00580109963732885,-0.018));
#2783=CARTESIAN_POINT('',(0.127780504376802,0.0060777647476383,-0.0178159983506434));
#2784=CARTESIAN_POINT('',(0.129177579276168,0.00662005342583218,-0.0164419730795354));
#2785=CARTESIAN_POINT('',(0.129203460109798,0.00648191902471877,-0.0168148273691928));
#2786=CARTESIAN_POINT('',(0.129012793369381,0.00627037388563523,-0.017352108664451));
#2787=CARTESIAN_POINT('',(0.128352259245094,0.0061034106494863,-0.0177550899607575));
#2788=CARTESIAN_POINT('',(0.127979903884511,0.00607776509825878,-0.0178159975143818));
#2789=CARTESIAN_POINT('',(0.127780504376802,0.00607776474763832,-0.0178159983506433));
#2790=CARTESIAN_POINT('',(0.129448630407483,0.00646432633340774,-0.0163653025221617));
#2791=CARTESIAN_POINT('',(0.129467592522992,0.00632953812009614,-0.0167931735434721));
#2792=CARTESIAN_POINT('',(0.129141050891823,0.00600740478008523,-0.017682442813563));
#2793=CARTESIAN_POINT('',(0.128223608402072,0.00583011293661222,-0.0179999993026431));
#2794=CARTESIAN_POINT('',(0.12778050000129,0.00580109840211258,-0.0179999999999975));
#2795=CARTESIAN_POINT('',(0.00468116444163458,0.00879948963848867,-0.00447186814200868));
#2796=CARTESIAN_POINT('',(0.00468116040835108,0.00880050902408274,-0.00428310647276788));
#2797=CARTESIAN_POINT('',(0.00468115866292383,0.00863077942262876,-0.0042004997579981));
#2798=CARTESIAN_POINT('',(0.00449052453115886,0.00879948961629003,-0.00447187225257601));
#2799=CARTESIAN_POINT('',(0.00446888622842875,0.00880046774368159,-0.00429075453825626));
#2800=CARTESIAN_POINT('',(0.00445597238296822,0.00864074107897862,-0.00420535288017957));
#2801=CARTESIAN_POINT('',(0.00429747204985068,0.00879934768689418,-0.00451009095433443));
#2802=CARTESIAN_POINT('',(0.00425066750861649,0.00880048574582906,-0.00433891480897027));
#2803=CARTESIAN_POINT('',(0.00422691627059064,0.00864797609192901,-0.00425442559274325));
#2804=CARTESIAN_POINT('',(0.00403507765389956,0.00879833900178369,-0.0046260199539733));
#2805=CARTESIAN_POINT('',(0.00395486097666584,0.00879983989395603,-0.00447360084561889));
#2806=CARTESIAN_POINT('',(0.00391405694333924,0.00865242828209073,-0.00439509886144453));
#2807=CARTESIAN_POINT('',(0.00395259774020583,0.00879786352428852,-0.00467376244117059));
#2808=CARTESIAN_POINT('',(0.00386164919917331,0.00879950239699219,-0.00452810329363588));
#2809=CARTESIAN_POINT('',(0.00381543733417642,0.00865286258276558,-0.00445238546266107));
#2810=CARTESIAN_POINT('',(0.00379786330934504,0.00879640237637605,-0.00478791060110368));
#2811=CARTESIAN_POINT('',(0.00368633717131178,0.00879830550594369,-0.00465686951438681));
#2812=CARTESIAN_POINT('',(0.00362983443275114,0.00865134433307878,-0.00458829627215935));
#2813=CARTESIAN_POINT('',(0.00372648973437766,0.00879541390607335,-0.00485401367203161));
#2814=CARTESIAN_POINT('',(0.00360488263382482,0.00879743831014351,-0.0047310402898469));
#2815=CARTESIAN_POINT('',(0.00354389965845439,0.00864936425810187,-0.00466654870664212));
#2816=CARTESIAN_POINT('',(0.00360081345971401,0.0087927593527521,-0.00499840392995044));
#2817=CARTESIAN_POINT('',(0.0034604646259695,0.00879495079567621,-0.00489212035682456));
#2818=CARTESIAN_POINT('',(0.00339192575774194,0.00864294381290546,-0.00483674414576747));
#2819=CARTESIAN_POINT('',(0.00354513235168497,0.00879106361086116,-0.00507822119702032));
#2820=CARTESIAN_POINT('',(0.00339571946995148,0.0087932939738255,-0.00498110056480096));
#2821=CARTESIAN_POINT('',(0.003324221164498,0.00863843625376879,-0.0049304919757786));
#2822=CARTESIAN_POINT('',(0.00345153976740483,0.0087868166000496,-0.005247118981257));
#2823=CARTESIAN_POINT('',(0.00328525808920884,0.00878899666290485,-0.00516891157125574));
#2824=CARTESIAN_POINT('',(0.00320961594499593,0.00862694546257007,-0.00512829876006868));
#2825=CARTESIAN_POINT('',(0.0034137907282513,0.00878429042694695,-0.00533541231807008));
#2826=CARTESIAN_POINT('',(0.00323971757015174,0.00878636779109983,-0.00526725680851607));
#2827=CARTESIAN_POINT('',(0.00316292573399059,0.00862003562383897,-0.00523144236711826));
#2828=CARTESIAN_POINT('',(0.00332579039333665,0.00877527414372986,-0.00561101118179381));
#2829=CARTESIAN_POINT('',(0.00312923842549279,0.00877673095355559,-0.00557595448636599));
#2830=CARTESIAN_POINT('',(0.00305248578430887,0.00859572942026085,-0.00555271733675669));
#2831=CARTESIAN_POINT('',(0.00330245072869943,0.00876735304803624,-0.0058064280837071));
#2832=CARTESIAN_POINT('',(0.00309450912876777,0.00876794444809296,-0.00579552720794614));
#2833=CARTESIAN_POINT('',(0.00302039906338327,0.00857486037811514,-0.00577964342699702));
#2834=CARTESIAN_POINT('',(0.00331159459273992,0.00875791728614212,-0.00599867182875742));
#2835=CARTESIAN_POINT('',(0.00309447281452848,0.0087574072518581,-0.00600906324197495));
#2836=CARTESIAN_POINT('',(0.00302684494410893,0.00855093905946889,-0.00600217376802041));
#2837=CARTESIAN_POINT('',(0.00331159456357461,0.00845827802495314,-0.00598396424035808));
#2838=CARTESIAN_POINT('',(0.00331159459277522,0.00875791728614221,-0.00599867182875574));
#2839=CARTESIAN_POINT('',(0.00302684578705569,0.00855094051668608,-0.00600217953422958));
#2840=CARTESIAN_POINT('',(0.00302684494410893,0.00855093905946889,-0.00600217376802041));
#2841=CARTESIAN_POINT('',(0.00301395338219206,0.00859878230594099,-0.00555711310630086));
#2842=CARTESIAN_POINT('',(0.00331345670813723,0.00866756722740948,-0.00461963371989093));
#2843=CARTESIAN_POINT('',(0.00423078648915871,0.00865070505560332,-0.00421020741854984));
#2844=CARTESIAN_POINT('',(0.00468115866295613,0.00863078256318615,-0.00420050128651737));
#2845=CARTESIAN_POINT('',(0.00331159459277522,0.0087579172861422,-0.00599867182875582));
#2846=CARTESIAN_POINT('',(0.00329272807635662,0.00877738607006419,-0.00560201579029915));
#2847=CARTESIAN_POINT('',(0.00353527856143128,0.00879964590495597,-0.00482028053761347));
#2848=CARTESIAN_POINT('',(0.00428284439132993,0.00879948881227541,-0.00447202113358894));
#2849=CARTESIAN_POINT('',(0.00468116444157926,0.00879948963848877,-0.00447186814200874));
#2850=CARTESIAN_POINT('',(0.,0.00580109819265194,-0.0177));
#2851=CARTESIAN_POINT('',(0.00471949882219473,0.00580109819265194,-0.018));
#2852=CARTESIAN_POINT('',(0.00471950028067211,0.00591847698412817,-0.018));
#2853=CARTESIAN_POINT('',(0.00471950173914948,0.00603237892691958,-0.0179242476368773));
#2854=CARTESIAN_POINT('',(0.00471950319762686,0.00607776474763164,-0.0178159983506592));
#2855=CARTESIAN_POINT('',(0.00471949882219473,0.00580109677509906,-0.018));
#2856=CARTESIAN_POINT('',(0.00471950319762686,0.00607776474763165,-0.0178159983506593));
#2857=CARTESIAN_POINT('',(0.,0.00607776474763165,-0.0178159983506593));
#2858=CARTESIAN_POINT('',(0.,0.00580109819265194,-0.018));
#2859=CARTESIAN_POINT('',(0.00305136959294819,0.00646432633411569,-0.0163653025171687));
#2860=CARTESIAN_POINT('',(0.00309681109216357,0.00655438388131698,-0.0164018483679011));
#2861=CARTESIAN_POINT('',(0.00321536237767067,0.00662249518874379,-0.0164353822392482));
#2862=CARTESIAN_POINT('',(0.00332242072381904,0.0066200534257635,-0.0164419730797207));
#2863=CARTESIAN_POINT('',(0.00316388227389446,0.00707139962170107,-0.0147049211137665));
#2864=CARTESIAN_POINT('',(0.00320791958977844,0.0071666570426888,-0.0147364626218138));
#2865=CARTESIAN_POINT('',(0.00332926859787464,0.00724117043898642,-0.014764413549195));
#2866=CARTESIAN_POINT('',(0.0034386117532513,0.00724020248341963,-0.0147680581497224));
#2867=CARTESIAN_POINT('',(0.00319490964196771,0.00755201196323065,-0.0129979417932913));
#2868=CARTESIAN_POINT('',(0.00323726763939711,0.00765178344864746,-0.0130243251975367));
#2869=CARTESIAN_POINT('',(0.00336111887859956,0.00773192346264852,-0.0130467353323106));
#2870=CARTESIAN_POINT('',(0.0034724940208574,0.00773168875799319,-0.0130480506358257));
#2871=CARTESIAN_POINT('',(0.00316983056116635,0.00825087503973576,-0.0095259232390099));
#2872=CARTESIAN_POINT('',(0.0032090782127026,0.00835779167475884,-0.00954134278409039));
#2873=CARTESIAN_POINT('',(0.00333706259608988,0.00844702348147195,-0.00955208461414002));
#2874=CARTESIAN_POINT('',(0.00345179627798077,0.00844752315689638,-0.00954947428977813));
#2875=CARTESIAN_POINT('',(0.00311293231392727,0.00846755892515624,-0.00777270305612327));
#2876=CARTESIAN_POINT('',(0.00315073498455734,0.0085771365174103,-0.0077823856300897));
#2877=CARTESIAN_POINT('',(0.00328037777892032,0.00866985072036618,-0.00778707792348095));
#2878=CARTESIAN_POINT('',(0.00339645834161948,0.00867034384634982,-0.0077828784281182));
#2879=CARTESIAN_POINT('',(0.00302684491288904,0.00855093908906644,-0.00600217312864026));
#2880=CARTESIAN_POINT('',(0.00306335386369931,0.00866240108278552,-0.00600589241368025));
#2881=CARTESIAN_POINT('',(0.00319438122325656,0.00875764197548941,-0.00600428099649058));
#2882=CARTESIAN_POINT('',(0.0033115945621375,0.00875791731775992,-0.00599867118461038));
#2883=CARTESIAN_POINT('',(0.00332242072386497,0.00633873868235714,-0.0163377520878707));
#2884=CARTESIAN_POINT('',(0.00332242072321114,0.00662005342577724,-0.0164419730796837));
#2885=CARTESIAN_POINT('',(0.00305136959259057,0.00646432633345792,-0.0163653025196519));
#2886=CARTESIAN_POINT('',(0.00305136959294819,0.00646432633411569,-0.0163653025171687));
#2887=CARTESIAN_POINT('',(0.00327639473315917,0.00767847171318169,-0.0130445429817817));
#2888=CARTESIAN_POINT('',(0.00319902005419819,0.0083841784326814,-0.00954323996048807));
#2889=CARTESIAN_POINT('',(0.00302684542173807,0.00855093859621946,-0.00600218359396293));
#2890=CARTESIAN_POINT('',(0.00332242072321114,0.00662005342577724,-0.0164419730796837));
#2891=CARTESIAN_POINT('',(0.00351417628109647,0.00764351475888135,-0.0136794320669796));
#2892=CARTESIAN_POINT('',(0.00351056757095117,0.00855259257698888,-0.0101819472740216));
#2893=CARTESIAN_POINT('',(0.00331159459277522,0.0087579172861422,-0.00599867182875582));
#2894=CARTESIAN_POINT('',(0.00332242072322451,0.00662005342584869,-0.0164419730794905));
#2895=CARTESIAN_POINT('',(0.00313213668960354,0.00662439338056653,-0.0164302586135759));
#2896=CARTESIAN_POINT('',(0.0030513695925177,0.00646432633341029,-0.0163653025221549));
#2897=CARTESIAN_POINT('',(0.00330997452564663,0.00655362402225588,-0.0166212802462023));
#2898=CARTESIAN_POINT('',(0.00312675684270491,0.00655078914204735,-0.016629126155506));
#2899=CARTESIAN_POINT('',(0.0030419162924449,0.00639712953413175,-0.0165786117044095));
#2900=CARTESIAN_POINT('',(0.00333261958332155,0.00648417073075677,-0.0168039622928228));
#2901=CARTESIAN_POINT('',(0.00315862308618356,0.00647272464736645,-0.0168341725311021));
#2902=CARTESIAN_POINT('',(0.0030735577059575,0.00632413197418989,-0.0167959662513425));
#2903=CARTESIAN_POINT('',(0.00342449405315125,0.00638524509285656,-0.0170582272201519));
#2904=CARTESIAN_POINT('',(0.00326909712053597,0.0063615367023181,-0.0171187726153902));
#2905=CARTESIAN_POINT('',(0.00318805315081186,0.0062155953190176,-0.0170984688637973));
#2906=CARTESIAN_POINT('',(0.00346414952986693,0.00635350393292665,-0.0171388337860077));
#2907=CARTESIAN_POINT('',(0.00331537865878291,0.00632586410283689,-0.01720888694419));
#2908=CARTESIAN_POINT('',(0.00323664065436113,0.00617999050900284,-0.0171943676435945));
#2909=CARTESIAN_POINT('',(0.00356229491007602,0.00629280733213579,-0.0172914783429631));
#2910=CARTESIAN_POINT('',(0.00342792457986714,0.00625754552497724,-0.0173796168224176));
#2911=CARTESIAN_POINT('',(0.00335553667847046,0.00611019709140094,-0.0173759710578042));
#2912=CARTESIAN_POINT('',(0.00362130795064046,0.00626380881552834,-0.0173636019231967));
#2913=CARTESIAN_POINT('',(0.00349491410475094,0.00622470897812068,-0.0174606867948494));
#2914=CARTESIAN_POINT('',(0.00342645766970577,0.00607592424127808,-0.0174617775097636));
#2915=CARTESIAN_POINT('',(0.00381844659710355,0.00618608346522567,-0.0175554093398611));
#2916=CARTESIAN_POINT('',(0.0037167360984686,0.00613622547472247,-0.0176772535245867));
#2917=CARTESIAN_POINT('',(0.00366192424634236,0.00598108207938526,-0.0176899735296486));
#2918=CARTESIAN_POINT('',(0.00398212507955191,0.00614465716932289,-0.0176555190293432));
#2919=CARTESIAN_POINT('',(0.00390043023979947,0.00608790650201402,-0.0177928465189513));
#2920=CARTESIAN_POINT('',(0.00385567328197057,0.0059260509567539,-0.0178090754624203));
#2921=CARTESIAN_POINT('',(0.00433646177930474,0.00609076832941653,-0.0177851241415647));
#2922=CARTESIAN_POINT('',(0.0042942646345202,0.00602241441773543,-0.0179486638542151));
#2923=CARTESIAN_POINT('',(0.00427240925418821,0.00584367230377685,-0.0179632685093148));
#2924=CARTESIAN_POINT('',(0.0045293674806365,0.00607776474656924,-0.0178159983531931));
#2925=CARTESIAN_POINT('',(0.0045101690231626,0.00600459711754544,-0.0179905097647236));
#2926=CARTESIAN_POINT('',(0.00449808115493527,0.00581559667952305,-0.0180000000000004));
#2927=CARTESIAN_POINT('',(0.00471950319762686,0.00607776474763163,-0.0178159983506593));
#2928=CARTESIAN_POINT('',(0.00471950319762731,0.00600061813392656,-0.0180000000000002));
#2929=CARTESIAN_POINT('',(0.00471950319762748,0.00580109819265165,-0.018));
#2930=CARTESIAN_POINT('',(0.00471949893329804,0.00580109847187719,-0.0179999999999955));
#2931=CARTESIAN_POINT('',(0.00427665544950735,0.00583009574772174,-0.0179999990567903));
#2932=CARTESIAN_POINT('',(0.00335533079785303,0.00600860724319572,-0.0176797231402027));
#2933=CARTESIAN_POINT('',(0.00303246302271533,0.0063299329505418,-0.0167919202019834));
#2934=CARTESIAN_POINT('',(0.0030513695925177,0.00646432633341029,-0.0163653025221549));
#2935=CARTESIAN_POINT('',(0.00471950319762686,0.00607776474763164,-0.0178159983506593));
#2936=CARTESIAN_POINT('',(0.00451969909317284,0.00607776474763164,-0.0178159983506593));
#2937=CARTESIAN_POINT('',(0.00414648369189499,0.00610350447146867,-0.0177548741147405));
#2938=CARTESIAN_POINT('',(0.00348536728813503,0.00627126665269945,-0.017349912366116));
#2939=CARTESIAN_POINT('',(0.00329660699909823,0.00648227720292944,-0.0168138605695981));
#2940=CARTESIAN_POINT('',(0.00332242072321114,0.00662005342577724,-0.0164419730796837));
#2941=CARTESIAN_POINT('',(0.132166496743941,-8.56063682984311E-5,4.16636217515717E-5));
#2942=CARTESIAN_POINT('',(0.131633400414955,0.00145773707337355,-0.000709463644416477));
#2943=CARTESIAN_POINT('',(0.130779637370108,0.00291269726359067,-0.00141757581216397));
#2944=CARTESIAN_POINT('',(0.12950266564793,0.00509614987092232,-0.00248023674910739));
#2945=CARTESIAN_POINT('',(0.129078570812543,0.00582439804219655,-0.00283466664669947));
#2946=CARTESIAN_POINT('',(0.128323873416527,0.00730666304363873,-0.00355606774784633));
#2947=CARTESIAN_POINT('',(0.128019529160728,0.00806791727712977,-0.00392656131125023));
#2948=CARTESIAN_POINT('',(0.127745135083559,0.00883742648086454,-0.00430107247246406));
#2949=CARTESIAN_POINT('',(0.132250418542548,-6.23268089634497E-5,3.03337315346038E-5));
#2950=CARTESIAN_POINT('',(0.131718592898497,0.00148138026896317,-0.000720970512162106));
#2951=CARTESIAN_POINT('',(0.130946879312855,0.00295924314828697,-0.00144022915178252));
#2952=CARTESIAN_POINT('',(0.129789184975696,0.00517725028941321,-0.0025197073775997));
#2953=CARTESIAN_POINT('',(0.129404022502322,0.00591701294465683,-0.0028797412403509));
#2954=CARTESIAN_POINT('',(0.128703459918809,0.00741555662297837,-0.00360906498381027));
#2955=CARTESIAN_POINT('',(0.128407909592315,0.00817967025197396,-0.0039809501816862));
#2956=CARTESIAN_POINT('',(0.128134950914839,0.00894980877839718,-0.00435576762691377));
#2957=CARTESIAN_POINT('',(0.132346076174489,-5.02313149904994E-5,-1.22495484913215E-5));
#2958=CARTESIAN_POINT('',(0.131815864467555,0.00149361480708919,-0.000764438250089595));
#2959=CARTESIAN_POINT('',(0.131137970973975,0.00298335302746931,-0.00152584167209213));
#2960=CARTESIAN_POINT('',(0.130117741616587,0.00521966015375657,-0.00266891642781209));
#2961=CARTESIAN_POINT('',(0.129777607148223,0.005965592939603,-0.00305009502703366));
#2962=CARTESIAN_POINT('',(0.129140196036695,0.00747286779258424,-0.00380971782995869));
#2963=CARTESIAN_POINT('',(0.12885536785078,0.00823848624614347,-0.00418730935357922));
#2964=CARTESIAN_POINT('',(0.128584694956955,0.00900888768048798,-0.00456389318810054));
#2965=CARTESIAN_POINT('',(0.132490025743988,-6.79133035041692E-5,-0.000150061236980429));
#2966=CARTESIAN_POINT('',(0.131961656825155,0.00147518293144254,-0.000905138720399293));
#2967=CARTESIAN_POINT('',(0.131423887837538,0.00294694263892213,-0.0018028781385607));
#2968=CARTESIAN_POINT('',(0.130605196460666,0.00515581380349311,-0.00315076207539254));
#2969=CARTESIAN_POINT('',(0.130330472041193,0.00589261170209927,-0.00359985815001874));
#2970=CARTESIAN_POINT('',(0.129783035352086,0.00738611161173782,-0.00445666607622454));
#2971=CARTESIAN_POINT('',(0.129511846211769,0.00814840423948473,-0.00485246100394929));
#2972=CARTESIAN_POINT('',(0.129242312752438,0.00891693419402854,-0.0052346488624162));
#2973=CARTESIAN_POINT('',(0.132533295690004,-9.72467480122631E-5,-0.000240836914897566));
#2974=CARTESIAN_POINT('',(0.132004980248781,0.00144499923154124,-0.000997713917148644));
#2975=CARTESIAN_POINT('',(0.131508427065228,0.00288739081904944,-0.00198504045332492));
#2976=CARTESIAN_POINT('',(0.130745761529899,0.00505138657181446,-0.00346645286841719));
#2977=CARTESIAN_POINT('',(0.130488692206753,0.00577318378149201,-0.00395965532679571));
#2978=CARTESIAN_POINT('',(0.129963966896778,0.00724469753983318,-0.00487915820705731));
#2979=CARTESIAN_POINT('',(0.129694741924067,0.00800233574448663,-0.00528633644081484));
#2980=CARTESIAN_POINT('',(0.12942357986713,0.00876887240442998,-0.00567168132061691));
#2981=CARTESIAN_POINT('',(0.132545279876303,-0.000131961634216857,-0.000320614283523153));
#2982=CARTESIAN_POINT('',(0.132016379100869,0.00140949542194019,-0.0010787038595622));
#2983=CARTESIAN_POINT('',(0.131530153583661,0.00281747093173948,-0.00214408375455197));
#2984=CARTESIAN_POINT('',(0.130777669568687,0.00492978789713388,-0.00373926348150123));
#2985=CARTESIAN_POINT('',(0.130523152480448,0.00563443684677678,-0.00426964620519963));
#2986=CARTESIAN_POINT('',(0.129999723083713,0.00708137387642683,-0.00524082621587132));
#2987=CARTESIAN_POINT('',(0.129728614374235,0.00783430869925859,-0.00565635571600907));
#2988=CARTESIAN_POINT('',(0.129454798182963,0.00859930573542236,-0.0060429632681468));
#2989=CARTESIAN_POINT('',(0.132500000050425,1.78405385404997E-11,-0.000382661263208488));
#2990=CARTESIAN_POINT('',(0.131983697867456,0.00150471913340659,-0.00113892373357285));
#2991=CARTESIAN_POINT('',(0.131268593643672,0.00357150597523631,-0.00271090798846913));
#2992=CARTESIAN_POINT('',(0.130394560754426,0.00599266813339149,-0.0045197209715236));
#2993=CARTESIAN_POINT('',(0.129875109265422,0.00742683174236752,-0.0054327791979665));
#2994=CARTESIAN_POINT('',(0.12960724645522,0.00817608869495868,-0.00581279159854084));
#2995=CARTESIAN_POINT('',(0.129473153877436,0.00855094235382141,-0.00600217543239525));
#2996=CARTESIAN_POINT('',(0.1325,0.,-0.00038266126431539));
#2997=CARTESIAN_POINT('',(0.132330105321845,-0.000562357266998955,0.000273692727856532));
#2998=CARTESIAN_POINT('',(0.132293076875136,-0.000454420809036496,0.000221161311711479));
#2999=CARTESIAN_POINT('',(0.132256046986086,-0.000346484748616435,0.000168630089045678));
#3000=CARTESIAN_POINT('',(0.132181984264326,-0.000130613439119057,6.35680385851328E-5));
#3001=CARTESIAN_POINT('',(0.132145249837315,-2.25959424503668E-5,1.09971818462294E-5));
#3002=CARTESIAN_POINT('',(0.132029079386556,0.000299811855951493,-0.00014591493613479));
#3003=CARTESIAN_POINT('',(0.131945548959382,0.000513073644247647,-0.000249706963039376));
#3004=CARTESIAN_POINT('',(0.131679309344642,0.00114854596235021,-0.000558983934148787));
#3005=CARTESIAN_POINT('',(0.131480939548894,0.00156644006199796,-0.000762368122101211));
#3006=CARTESIAN_POINT('',(0.130844477004696,0.00280872446303677,-0.00136697346188526));
#3007=CARTESIAN_POINT('',(0.130364823767636,0.00362165972121446,-0.00176261957768765));
#3008=CARTESIAN_POINT('',(0.12941310678272,0.0052496220783109,-0.00255492988380183));
#3009=CARTESIAN_POINT('',(0.12894092404473,0.00606461638084854,-0.00295157811249716));
#3010=CARTESIAN_POINT('',(0.12833300951875,0.00731476928384662,-0.00356001296048134));
#3011=CARTESIAN_POINT('',(0.128147172026486,0.00773611757961709,-0.00376507826542988));
#3012=CARTESIAN_POINT('',(0.127946489038512,0.00827151647383099,-0.00402565066743824));
#3013=CARTESIAN_POINT('',(0.127908452746256,0.00837917514597418,-0.00407804688846241));
#3014=CARTESIAN_POINT('',(0.127831797474601,0.0085943318880373,-0.00418276116728064));
#3015=CARTESIAN_POINT('',(0.127793456220251,0.00870190650549278,-0.00423511647986796));
#3016=CARTESIAN_POINT('',(0.127678390437955,0.00902461877637119,-0.00439217678105484));
#3017=CARTESIAN_POINT('',(0.127601623907175,0.00923974485292363,-0.00449687613532604));
#3018=CARTESIAN_POINT('',(0.127524798075246,0.00945485458448994,-0.00460156753468335));
#3019=CARTESIAN_POINT('',(0.132136700217147,2.06184590614052E-15,-9.98786523051433E-16));
#3020=CARTESIAN_POINT('',(0.132500000056546,3.53667288888028E-20,-0.000382661264315432));
#3021=CARTESIAN_POINT('',(0.132500000202103,3.53667288888028E-20,-0.000184664414505406));
#3022=CARTESIAN_POINT('',(0.132335145761611,-2.19199637571058E-16,-4.25746355632191E-16));
#3023=CARTESIAN_POINT('',(0.13213670021714,-2.19199637571058E-16,6.27113353885771E-17));
#3024=CARTESIAN_POINT('',(0.132519409855875,-3.92426547372619E-5,-0.0175998376636004));
#3025=CARTESIAN_POINT('',(0.132492363486238,1.54368754254545E-5,-0.0176000780642201));
#3026=CARTESIAN_POINT('',(0.132465319403819,7.01151693100764E-5,-0.0176000805565924));
#3027=CARTESIAN_POINT('',(0.132361936106506,0.00027917967107077,-0.0175951738487623));
#3028=CARTESIAN_POINT('',(0.132285661116096,0.000433533480779066,-0.0175837473598326));
#3029=CARTESIAN_POINT('',(0.132057393014183,0.000896600725448375,-0.0175301775305762));
#3030=CARTESIAN_POINT('',(0.131905979978926,0.00120533360325596,-0.017468771010327));
#3031=CARTESIAN_POINT('',(0.131456087954813,0.00213188526655577,-0.0172395458202167));
#3032=CARTESIAN_POINT('',(0.131162536022337,0.00274995350967802,-0.017027194485724));
#3033=CARTESIAN_POINT('',(0.130587938977981,0.0039866142764134,-0.0166435886177041));
#3034=CARTESIAN_POINT('',(0.130306946029795,0.00460518357214107,-0.0164722940538082));
#3035=CARTESIAN_POINT('',(0.129951737601705,0.00538074755375554,-0.0163751969445765));
#3036=CARTESIAN_POINT('',(0.129880451013649,0.00553598225617226,-0.0163615947256713));
#3037=CARTESIAN_POINT('',(0.129772792381767,0.00576904288529965,-0.0163515162076775));
#3038=CARTESIAN_POINT('',(0.129736784134142,0.00584676427949892,-0.0163498769182624));
#3039=CARTESIAN_POINT('',(0.129664456330167,0.00600227611295793,-0.0163502972718209));
#3040=CARTESIAN_POINT('',(0.129628072202494,0.00608007577557117,-0.0163529728738499));
#3041=CARTESIAN_POINT('',(0.129523850656285,0.00630314339801794,-0.0163600593921473));
#3042=CARTESIAN_POINT('',(0.129456031212163,0.0064484244583279,-0.0163647564789258));
#3043=CARTESIAN_POINT('',(0.129388265985697,0.00659371816730371,-0.0163695396421013));
#3044=CARTESIAN_POINT('',(0.132519577739575,-3.91596110607001E-5,-0.0179999999999998));
#3045=CARTESIAN_POINT('',(0.132492307299151,1.53869656532995E-5,-0.0179999999999996));
#3046=CARTESIAN_POINT('',(0.132465029081978,6.99492013176229E-5,-0.0179999999999995));
#3047=CARTESIAN_POINT('',(0.132360796316241,0.000278437879025546,-0.0180000000000015));
#3048=CARTESIAN_POINT('',(0.132283807779945,0.000432434266497661,-0.0180000000000012));
#3049=CARTESIAN_POINT('',(0.132053173206163,0.000893788628701379,-0.0179999999999976));
#3050=CARTESIAN_POINT('',(0.131899436016914,0.00120135165682738,-0.017999999999997));
#3051=CARTESIAN_POINT('',(0.131439943091557,0.00212098374358399,-0.0180000000000059));
#3052=CARTESIAN_POINT('',(0.131134356399209,0.00273312618163441,-0.0180000000000117));
#3053=CARTESIAN_POINT('',(0.130526388589078,0.00395419483284878,-0.0179999999999878));
#3054=CARTESIAN_POINT('',(0.130224307879933,0.00456276580299704,-0.0179999999999459));
#3055=CARTESIAN_POINT('',(0.12984364775455,0.00533005067167819,-0.0180000000000133));
#3056=CARTESIAN_POINT('',(0.129767681569793,0.00548317001237628,-0.0180000000000087));
#3057=CARTESIAN_POINT('',(0.12965339190264,0.00571341973312935,-0.0179999999999957));
#3058=CARTESIAN_POINT('',(0.129615274690343,0.00579019181565413,-0.0179999999999981));
#3059=CARTESIAN_POINT('',(0.129538929767161,0.00594389774497927,-0.018000000000002));
#3060=CARTESIAN_POINT('',(0.129500681864519,0.00602085599689358,-0.0180000000000005));
#3061=CARTESIAN_POINT('',(0.129391108457148,0.00624136939049901,-0.0179999999999992));
#3062=CARTESIAN_POINT('',(0.129319731648209,0.00638504861709084,-0.0180000000000126));
#3063=CARTESIAN_POINT('',(0.129248283607677,0.00652891005845428,-0.0180000000000208));
#3064=CARTESIAN_POINT('',(0.13216089446772,-0.00021657505732265,-0.018));
#3065=CARTESIAN_POINT('',(0.132133827818089,-0.000161898176570899,-0.018));
#3066=CARTESIAN_POINT('',(0.132106548198236,-0.000107327780927786,-0.018));
#3067=CARTESIAN_POINT('',(0.131997830615162,9.9156030966801E-5,-0.018));
#3068=CARTESIAN_POINT('',(0.131910562789173,0.000248154515842172,-0.018));
#3069=CARTESIAN_POINT('',(0.131631508559811,0.000686524594716374,-0.018));
#3070=CARTESIAN_POINT('',(0.131422494474882,0.000967282347992218,-0.018));
#3071=CARTESIAN_POINT('',(0.130755268169977,0.00178946358271314,-0.018));
#3072=CARTESIAN_POINT('',(0.130257303347275,0.00231101076277796,-0.0179999999999997));
#3073=CARTESIAN_POINT('',(0.129298874021127,0.00337285528264821,-0.0179999999999997));
#3074=CARTESIAN_POINT('',(0.128838474177386,0.00391318495209652,-0.018));
#3075=CARTESIAN_POINT('',(0.128367432957389,0.00464082633153082,-0.018));
#3076=CARTESIAN_POINT('',(0.128278409157416,0.00478894682939314,-0.018));
#3077=CARTESIAN_POINT('',(0.128154041180542,0.00501571143772958,-0.018));
#3078=CARTESIAN_POINT('',(0.128114112528549,0.00509206331066591,-0.018));
#3079=CARTESIAN_POINT('',(0.128037533774576,0.00524640633154871,-0.018));
#3080=CARTESIAN_POINT('',(0.128001429056269,0.00532467017132098,-0.018));
#3081=CARTESIAN_POINT('',(0.127897387343181,0.00554880933370242,-0.018));
#3082=CARTESIAN_POINT('',(0.127829702432768,0.00569481069959182,-0.018));
#3083=CARTESIAN_POINT('',(0.127762091198088,0.00584084890290495,-0.018));
#3084=CARTESIAN_POINT('',(0.127530704257087,0.0063414183578301,-0.018));
#3085=CARTESIAN_POINT('',(0.127675172109218,0.00602838749324124,-0.018));
#3086=CARTESIAN_POINT('',(0.127819996161421,0.00571553471855628,-0.018));
#3087=CARTESIAN_POINT('',(0.128001429056269,0.00532467017132098,-0.018));
#3088=CARTESIAN_POINT('',(0.128037533774576,0.00524640633154871,-0.018));
#3089=CARTESIAN_POINT('',(0.128114112528549,0.00509206331066591,-0.018));
#3090=CARTESIAN_POINT('',(0.128154041180542,0.00501571143772958,-0.018));
#3091=CARTESIAN_POINT('',(0.128278409157416,0.00478894682939314,-0.018));
#3092=CARTESIAN_POINT('',(0.128367432957389,0.00464082633153082,-0.018));
#3093=CARTESIAN_POINT('',(0.128838474177386,0.00391318495209652,-0.018));
#3094=CARTESIAN_POINT('',(0.129298874021127,0.00337285528264821,-0.0179999999999997));
#3095=CARTESIAN_POINT('',(0.130257303347275,0.00231101076277796,-0.0179999999999997));
#3096=CARTESIAN_POINT('',(0.130755268169977,0.00178946358271314,-0.018));
#3097=CARTESIAN_POINT('',(0.131422494474882,0.000967282347992218,-0.018));
#3098=CARTESIAN_POINT('',(0.131631508559811,0.000686524594716374,-0.018));
#3099=CARTESIAN_POINT('',(0.131910562789173,0.000248154515842172,-0.018));
#3100=CARTESIAN_POINT('',(0.131997830615162,9.9156030966801E-5,-0.018));
#3101=CARTESIAN_POINT('',(0.132118262602356,-0.000129576572230723,-0.018));
#3102=CARTESIAN_POINT('',(0.132156113687455,-0.000206967228614795,-0.018));
#3103=CARTESIAN_POINT('',(0.132232506223988,-0.000361403358202087,-0.018));
#3104=CARTESIAN_POINT('',(0.13227070515116,-0.000438620093552802,-0.018));
#3105=CARTESIAN_POINT('',(0.13230890667623,-0.000515835529946199,-0.018));
#3106=CARTESIAN_POINT('',(0.132049679158852,8.35047431050652E-16,-0.018));
#3107=CARTESIAN_POINT('',(0.129448630408396,0.00646432633090616,-0.0163653025245819));
#3108=CARTESIAN_POINT('',(0.129575039340481,0.00619343831969232,-0.0163564788922346));
#3109=CARTESIAN_POINT('',(0.129828535173044,0.0056516079770684,-0.0163331429972877));
#3110=CARTESIAN_POINT('',(0.130321751047209,0.0045717143827438,-0.0164750900791545));
#3111=CARTESIAN_POINT('',(0.131181491689066,0.00268753149342228,-0.0170255172851112));
#3112=CARTESIAN_POINT('',(0.131968189624013,0.00107519803671632,-0.0176012648673923));
#3113=CARTESIAN_POINT('',(0.132499999544439,-2.25327490623861E-10,-0.017599955005071));
#3114=CARTESIAN_POINT('',(0.1325,0.,-0.0175999550050704));
#3115=CARTESIAN_POINT('',(0.132049679158852,-1.26648366273463E-17,-0.018));
#3116=CARTESIAN_POINT('',(0.132274553817348,-1.26648366273463E-17,-0.0180000000000002));
#3117=CARTESIAN_POINT('',(0.132499999745951,-2.0844653120662E-16,-0.017825789065472));
#3118=CARTESIAN_POINT('',(0.132499999432989,-2.0844653120662E-16,-0.0175999550050712));
#3119=CARTESIAN_POINT('',(-4.51968028049793E-5,-0.000131719520326378,-0.000320733357265018));
#3120=CARTESIAN_POINT('',(0.000483687714011429,0.00140968999339743,-0.00107881907102972));
#3121=CARTESIAN_POINT('',(0.0009698980623974,0.00281761783464201,-0.00214419510816381));
#3122=CARTESIAN_POINT('',(0.00172236335862309,0.00492987936497051,-0.00373933235058164));
#3123=CARTESIAN_POINT('',(0.00197687423416613,0.005634510748839,-0.00426969876409883));
#3124=CARTESIAN_POINT('',(0.00250029058790741,0.00708141161516704,-0.00524084859372214));
#3125=CARTESIAN_POINT('',(0.00277139233384851,0.007834327436776,-0.00565636518859135));
#3126=CARTESIAN_POINT('',(0.00304520131424781,0.00859930433033762,-0.00604296256014079));
#3127=CARTESIAN_POINT('',(-3.32127083872013E-5,-9.700451004211E-5,-0.000240955797804488));
#3128=CARTESIAN_POINT('',(0.000495087088306797,0.00144519566541737,-0.00099782493435676));
#3129=CARTESIAN_POINT('',(0.000991625454691594,0.00288754133651733,-0.00198514372875595));
#3130=CARTESIAN_POINT('',(0.00175427175542862,0.00505148026732891,-0.00346651689390067));
#3131=CARTESIAN_POINT('',(0.00201133467222543,0.00577325920365565,-0.00395970462881364));
#3132=CARTESIAN_POINT('',(0.00253604671051172,0.00724473565496443,-0.00487917985404156));
#3133=CARTESIAN_POINT('',(0.0028052647187813,0.00800235451996269,-0.00528634588213663));
#3134=CARTESIAN_POINT('',(0.00307641963497747,0.00876887099664767,-0.00567168061464673));
#3135=CARTESIAN_POINT('',(1.00572460624E-5,-6.76709317925215E-5,-0.000150179836818375));
#3136=CARTESIAN_POINT('',(0.000538412699344491,0.00147538096180264,-0.000905244905864889));
#3137=CARTESIAN_POINT('',(0.00107616878791765,0.00294709627392583,-0.00180297202337693));
#3138=CARTESIAN_POINT('',(0.00189483914549054,0.00515590944424601,-0.00315082037065311));
#3139=CARTESIAN_POINT('',(0.0021695563363053,0.00589268846758671,-0.00359990355067594));
#3140=CARTESIAN_POINT('',(0.00271697850778371,0.00738615008058024,-0.00445668678678296));
#3141=CARTESIAN_POINT('',(0.00298816039030404,0.00814842306432327,-0.00485247036746818));
#3142=CARTESIAN_POINT('',(0.00325768675196146,0.0089169327829484,-0.00523464816200957));
#3143=CARTESIAN_POINT('',(0.000154007105613694,-4.99888253542874E-5,-1.23676938719039E-5));
#3144=CARTESIAN_POINT('',(0.000684212569822985,0.00149381382267829,-0.000764537074040129));
#3145=CARTESIAN_POINT('',(0.00136210005064558,0.00298350857504154,-0.00152592120596339));
#3146=CARTESIAN_POINT('',(0.00238230252527283,0.0052197569806232,-0.00266896590722035));
#3147=CARTESIAN_POINT('',(0.00272242693657027,0.00596567053385431,-0.00305013440295892));
#3148=CARTESIAN_POINT('',(0.00335981905826677,0.00747290649612402,-0.00380973706527653));
#3149=CARTESIAN_POINT('',(0.00364463877936733,0.00823850511734437,-0.00418731857854657));
#3150=CARTESIAN_POINT('',(0.00391530454548548,0.00900888626632775,-0.00456389249715251));
#3151=CARTESIAN_POINT('',(0.000249664991514927,-6.20843412128919E-5,3.02157253064746E-5));
#3152=CARTESIAN_POINT('',(0.000781489186870944,0.00148157864582146,-0.000721067059865398));
#3153=CARTESIAN_POINT('',(0.00155320145249067,0.00295939743438716,-0.00144030424102286));
#3154=CARTESIAN_POINT('',(0.00271086502878871,0.00517734631824781,-0.00251975411371715));
#3155=CARTESIAN_POINT('',(0.00309601554308794,0.00591708999510426,-0.00287977873990196));
#3156=CARTESIAN_POINT('',(0.00379655608878948,0.00741559519667293,-0.00360908375717832));
#3157=CARTESIAN_POINT('',(0.00409209709438328,0.00817968911672074,-0.00398095936293444));
#3158=CARTESIAN_POINT('',(0.0043650485837928,0.0089498073647315,-0.00435576693889934));
#3159=CARTESIAN_POINT('',(0.000333586990103978,-8.53639577744629E-5,4.15456433747231E-5));
#3160=CARTESIAN_POINT('',(0.000866686080293476,0.00145793421602413,-0.000709559591446999));
#3161=CARTESIAN_POINT('',(0.00172045187318902,0.00291284914195194,-0.00141764972959234));
#3162=CARTESIAN_POINT('',(0.00299738943048009,0.00509624440568818,-0.00248028275807619));
#3163=CARTESIAN_POINT('',(0.00342147064359263,0.00582447407814749,-0.00283470365251063));
#3164=CARTESIAN_POINT('',(0.00417614335774297,0.00730670137566548,-0.00355608640359701));
#3165=CARTESIAN_POINT('',(0.00448047756152355,0.00806793612632325,-0.0039265704849331));
#3166=CARTESIAN_POINT('',(0.00475486441273377,0.00883742506826846,-0.00430107178497006));
#3167=CARTESIAN_POINT('',(0.00497520192475669,0.00945485458449706,-0.00460156753468676));
#3168=CARTESIAN_POINT('',(0.00489837609283221,0.00923974485293303,-0.00449687613533057));
#3169=CARTESIAN_POINT('',(0.00482160956205128,0.00902461877637126,-0.00439217678105493));
#3170=CARTESIAN_POINT('',(0.00470654377974922,0.00870190650550258,-0.00423511647987278));
#3171=CARTESIAN_POINT('',(0.00466820252540255,0.00859433188804814,-0.00418276116728591));
#3172=CARTESIAN_POINT('',(0.00459154725374495,0.00837917514597613,-0.00407804688846337));
#3173=CARTESIAN_POINT('',(0.00455351096148987,0.00827151647383285,-0.00402565066743905));
#3174=CARTESIAN_POINT('',(0.00435282797351632,0.0077361175796408,-0.00376507826544132));
#3175=CARTESIAN_POINT('',(0.00416699048126096,0.00731476928385771,-0.00356001296048673));
#3176=CARTESIAN_POINT('',(0.00355907595525526,0.00606461638084158,-0.00295157811249377));
#3177=CARTESIAN_POINT('',(0.00308689321729258,0.0052496220783204,-0.00255492988380645));
#3178=CARTESIAN_POINT('',(0.00213517623235519,0.0036216597212113,-0.00176261957768612));
#3179=CARTESIAN_POINT('',(0.00165552299533399,0.00280872446306432,-0.00136697346189868));
#3180=CARTESIAN_POINT('',(0.00101906045109204,0.00156644006198634,-0.00076236812209558));
#3181=CARTESIAN_POINT('',(0.000820690655336768,0.00114854596234194,-0.000558983934144757));
#3182=CARTESIAN_POINT('',(0.00055445104062891,0.000513073644252667,-0.000249706963041813));
#3183=CARTESIAN_POINT('',(0.000470920613442751,0.00029981185594418,-0.000145914936131243));
#3184=CARTESIAN_POINT('',(0.000354750162684926,-2.2595942446524E-5,1.09971818443468E-5));
#3185=CARTESIAN_POINT('',(0.000318015735673316,-0.000130613439118773,6.3568038584993E-5));
#3186=CARTESIAN_POINT('',(0.00024395301391439,-0.000346484748616935,0.00016863008904592));
#3187=CARTESIAN_POINT('',(0.000206923124863275,-0.000454420809036346,0.000221161311711403));
#3188=CARTESIAN_POINT('',(0.000169894678155141,-0.000562357266999292,0.000273692727856694));
#3189=CARTESIAN_POINT('',(0.00036329978286274,4.52205420991076E-15,-2.20190718952791E-15));
#3190=CARTESIAN_POINT('',(0.00302684613286756,0.00855094238262468,-0.00600217544694755));
#3191=CARTESIAN_POINT('',(0.0028927535546442,0.00817608872256794,-0.00581279161248189));
#3192=CARTESIAN_POINT('',(0.00262489074343696,0.00742683176689084,-0.00543277921236444));
#3193=CARTESIAN_POINT('',(0.00210543925246555,0.00599266815241361,-0.00451972098524342));
#3194=CARTESIAN_POINT('',(0.00123140636014444,0.00357150598615181,-0.00271090799739221));
#3195=CARTESIAN_POINT('',(0.000516302134232361,0.00150471913832672,-0.00113892373607224));
#3196=CARTESIAN_POINT('',(-5.03704853714476E-11,1.7998488985622E-11,-0.000382661263287886));
#3197=CARTESIAN_POINT('',(0.,0.,-0.000382661264757552));
#3198=CARTESIAN_POINT('',(0.000363299782878662,-2.14999822775243E-20,-1.07095043364518E-18));
#3199=CARTESIAN_POINT('',(0.00016517725480282,-2.14999822775243E-20,2.00823955502732E-17));
#3200=CARTESIAN_POINT('',(-2.02077870248739E-10,-3.89353865861096E-20,-0.000184699985908827));
#3201=CARTESIAN_POINT('',(-5.65461546055602E-11,-3.89353865861096E-20,-0.000382661264757594));
#3202=CARTESIAN_POINT('',(0.000339105540595913,-0.000216575040522677,-0.018));
#3203=CARTESIAN_POINT('',(0.000366172187499218,-0.000161898165391775,-0.018));
#3204=CARTESIAN_POINT('',(0.000393451804675383,-0.000107327775397297,-0.018));
#3205=CARTESIAN_POINT('',(0.000502169384839784,9.91560309645583E-5,-0.018));
#3206=CARTESIAN_POINT('',(0.000589437210818233,0.000248154515836614,-0.018));
#3207=CARTESIAN_POINT('',(0.000868491440205637,0.000686524594727401,-0.018));
#3208=CARTESIAN_POINT('',(0.00107750552511872,0.000967282347993218,-0.018));
#3209=CARTESIAN_POINT('',(0.00174473183002205,0.001789463582711,-0.018));
#3210=CARTESIAN_POINT('',(0.00224269665274097,0.00231101076279582,-0.0179999999999997));
#3211=CARTESIAN_POINT('',(0.00320112597885747,0.00337285528263019,-0.0179999999999997));
#3212=CARTESIAN_POINT('',(0.00366152582264896,0.00391318495217975,-0.018));
#3213=CARTESIAN_POINT('',(0.00413256704260181,0.00464082633151019,-0.018));
#3214=CARTESIAN_POINT('',(0.00422159084258083,0.00478894682938227,-0.018));
#3215=CARTESIAN_POINT('',(0.00434595881945934,0.00501571143773496,-0.018));
#3216=CARTESIAN_POINT('',(0.00438588747145188,0.00509206331066962,-0.018));
#3217=CARTESIAN_POINT('',(0.00446246622542336,0.00524640633154495,-0.018));
#3218=CARTESIAN_POINT('',(0.00449857094373133,0.00532467017132185,-0.018));
#3219=CARTESIAN_POINT('',(0.0046026122155301,0.00554880838302651,-0.018));
#3220=CARTESIAN_POINT('',(0.00467029668557677,0.00569480879778188,-0.018));
#3221=CARTESIAN_POINT('',(0.00473790748087025,0.00584084604947125,-0.018));
#3222=CARTESIAN_POINT('',(-1.95777311937545E-5,-3.91595942959591E-5,-0.0179999999999995));
#3223=CARTESIAN_POINT('',(7.69270643794764E-6,1.53869768337466E-5,-0.0179999999999994));
#3224=CARTESIAN_POINT('',(3.49709208170972E-5,6.99492069090526E-5,-0.018));
#3225=CARTESIAN_POINT('',(0.000139203683759062,0.00027843787902261,-0.018));
#3226=CARTESIAN_POINT('',(0.000216192220048097,0.000432434266496807,-0.0179999999999994));
#3227=CARTESIAN_POINT('',(0.000446826793850944,0.000893788628704602,-0.0180000000000012));
#3228=CARTESIAN_POINT('',(0.000600563983086813,0.00120135165683183,-0.0179999999999976));
#3229=CARTESIAN_POINT('',(0.00106005690844132,0.00212098374357404,-0.0180000000000048));
#3230=CARTESIAN_POINT('',(0.00136564360081334,0.00273312618164543,-0.0180000000000045));
#3231=CARTESIAN_POINT('',(0.00197361141090085,0.00395419483284094,-0.0179999999999949));
#3232=CARTESIAN_POINT('',(0.00227569212006965,0.00456276580303027,-0.0180000000000048));
#3233=CARTESIAN_POINT('',(0.00265635224544891,0.00533005067166906,-0.0179999999999988));
#3234=CARTESIAN_POINT('',(0.00273231843021002,0.00548317001237364,-0.018));
#3235=CARTESIAN_POINT('',(0.00284660809735767,0.00571341973313065,-0.018));
#3236=CARTESIAN_POINT('',(0.00288472530965571,0.00579019181565567,-0.0179999999999994));
#3237=CARTESIAN_POINT('',(0.00296107023284031,0.0059438977449776,-0.0180000000000006));
#3238=CARTESIAN_POINT('',(0.00299931813548332,0.00602085599689511,-0.0179999999999996));
#3239=CARTESIAN_POINT('',(0.00310889107893879,0.00624136845689314,-0.0180000000000008));
#3240=CARTESIAN_POINT('',(0.00318026742315478,0.0063850467477671,-0.018000000000003));
#3241=CARTESIAN_POINT('',(0.00325171499800806,0.00652890725096569,-0.018000000000004));
#3242=CARTESIAN_POINT('',(-1.94098475652652E-5,-3.92426379367715E-5,-0.017599837663674));
#3243=CARTESIAN_POINT('',(7.6365193016868E-6,1.54368866263615E-5,-0.0176000780642204));
#3244=CARTESIAN_POINT('',(3.46805989501042E-5,7.0115174909746E-5,-0.0176000805564612));
#3245=CARTESIAN_POINT('',(0.000138063893492799,0.000279179671068325,-0.0175951738487616));
#3246=CARTESIAN_POINT('',(0.000214338883901318,0.000433533480773662,-0.0175837473598326));
#3247=CARTESIAN_POINT('',(0.00044260698582254,0.000896600725459173,-0.0175301775305763));
#3248=CARTESIAN_POINT('',(0.000594020021076315,0.00120533360326128,-0.0174687710103276));
#3249=CARTESIAN_POINT('',(0.00104391204518155,0.00213188526654503,-0.0172395458202154));
#3250=CARTESIAN_POINT('',(0.00133746397767371,0.00274995350969988,-0.0170271944857244));
#3251=CARTESIAN_POINT('',(0.00191206102200806,0.00398661427639144,-0.0166435886177038));
#3252=CARTESIAN_POINT('',(0.0021930539702299,0.00460518357218998,-0.0164722940538293));
#3253=CARTESIAN_POINT('',(0.00254826239828825,0.00538074755374331,-0.0163751969445712));
#3254=CARTESIAN_POINT('',(0.00261954898634889,0.0055359822561688,-0.0163615947256694));
#3255=CARTESIAN_POINT('',(0.00272720761823347,0.00576904288530123,-0.0163515162076785));
#3256=CARTESIAN_POINT('',(0.00276321586585876,0.00584676427950051,-0.0163498769182621));
#3257=CARTESIAN_POINT('',(0.00283554366983229,0.00600227611295622,-0.0163502972718211));
#3258=CARTESIAN_POINT('',(0.00287192779750687,0.0060800757755734,-0.0163529728738504));
#3259=CARTESIAN_POINT('',(0.00297614890166222,0.00630314245188418,-0.016360059362089));
#3260=CARTESIAN_POINT('',(0.00304396790442197,0.0064484225659019,-0.0163647564177348));
#3261=CARTESIAN_POINT('',(0.00311173269024255,0.006593715328421,-0.0163695395486332));
#3262=CARTESIAN_POINT('',(4.55560723142393E-10,-2.2532747807083E-10,-0.0175999550050708));
#3263=CARTESIAN_POINT('',(0.000531810376188611,0.00107519803712435,-0.0176012648672986));
#3264=CARTESIAN_POINT('',(0.00131850831141643,0.00268753149443056,-0.017025517284235));
#3265=CARTESIAN_POINT('',(0.00217824895351574,0.00457171438455763,-0.01647509007714));
#3266=CARTESIAN_POINT('',(0.0026714648277911,0.00565160797929834,-0.0163331429949147));
#3267=CARTESIAN_POINT('',(0.0029249606604354,0.0061934383221485,-0.0163564788899085));
#3268=CARTESIAN_POINT('',(0.00305136959254891,0.00646432633347721,-0.0163653025221571));
#3269=CARTESIAN_POINT('',(0.,0.,-0.0175999550050701));
#3270=CARTESIAN_POINT('',(0.000191093323769796,-0.000515835529946171,-0.018));
#3271=CARTESIAN_POINT('',(0.000229294848821036,-0.000438620093540789,-0.018));
#3272=CARTESIAN_POINT('',(0.000267493776010455,-0.00036140335820507,-0.018));
#3273=CARTESIAN_POINT('',(0.000343886312546697,-0.000206967228611802,-0.018));
#3274=CARTESIAN_POINT('',(0.000381737397643683,-0.000129576572229601,-0.018));
#3275=CARTESIAN_POINT('',(0.000502169384839784,9.91560309645583E-5,-0.018));
#3276=CARTESIAN_POINT('',(0.000589437210818233,0.000248154515836614,-0.018));
#3277=CARTESIAN_POINT('',(0.000868491440205637,0.000686524594727401,-0.018));
#3278=CARTESIAN_POINT('',(0.00107750552511872,0.000967282347993218,-0.018));
#3279=CARTESIAN_POINT('',(0.00174473183002205,0.001789463582711,-0.018));
#3280=CARTESIAN_POINT('',(0.00224269665274097,0.00231101076279582,-0.0179999999999997));
#3281=CARTESIAN_POINT('',(0.00320112597885747,0.00337285528263019,-0.0179999999999997));
#3282=CARTESIAN_POINT('',(0.00366152582264896,0.00391318495217975,-0.018));
#3283=CARTESIAN_POINT('',(0.00413256704260181,0.00464082633151019,-0.018));
#3284=CARTESIAN_POINT('',(0.00422159084258083,0.00478894682938227,-0.018));
#3285=CARTESIAN_POINT('',(0.00434595881945934,0.00501571143773496,-0.018));
#3286=CARTESIAN_POINT('',(0.00438588747145188,0.00509206331066962,-0.018));
#3287=CARTESIAN_POINT('',(0.00446246622542336,0.00524640633154495,-0.018));
#3288=CARTESIAN_POINT('',(0.00449857094373133,0.00532467017132185,-0.018));
#3289=CARTESIAN_POINT('',(0.00468000383857636,0.00571553471855286,-0.018));
#3290=CARTESIAN_POINT('',(0.00482482789081094,0.00602838749323106,-0.018));
#3291=CARTESIAN_POINT('',(0.00496929574291327,0.00634141835783008,-0.018));
#3292=CARTESIAN_POINT('',(0.000450320841148835,8.51711957254933E-16,-0.018));
#3293=CARTESIAN_POINT('',(5.67011227445577E-10,-2.69273562903104E-20,-0.017599955005071));
#3294=CARTESIAN_POINT('',(2.54953612026511E-10,-2.69273562903104E-20,-0.0178251362775045));
#3295=CARTESIAN_POINT('',(0.000225823808613188,4.96022493912118E-18,-0.018));
#3296=CARTESIAN_POINT('',(0.000450320841148356,4.96022493912118E-18,-0.018));
#3297=CARTESIAN_POINT('',(0.128294664175344,0.00529271699284584,-0.016773106351517));
#3298=CARTESIAN_POINT('',(0.128209713198516,0.00624875993794864,-0.0129264180171327));
#3299=CARTESIAN_POINT('',(0.128150533097474,0.00717024914240425,-0.00907170468209504));
#3300=CARTESIAN_POINT('',(0.128095400269152,0.00808032461733293,-0.00521438778547279));
#3301=CARTESIAN_POINT('',(0.129193931479601,0.00341338148498382,-0.0167181447641034));
#3302=CARTESIAN_POINT('',(0.129126852406619,0.00408823903412681,-0.0124817003281625));
#3303=CARTESIAN_POINT('',(0.129080811054986,0.0047339221429406,-0.00824181408052417));
#3304=CARTESIAN_POINT('',(0.129038981603116,0.00536883644061084,-0.00400054552795852));
#3305=CARTESIAN_POINT('',(0.130096212435738,0.00153627733114113,-0.0166495884863419));
#3306=CARTESIAN_POINT('',(0.130044920418414,0.00193113534018429,-0.0120278889335578));
#3307=CARTESIAN_POINT('',(0.130011997299439,0.00230073259118743,-0.00740468045061743));
#3308=CARTESIAN_POINT('',(0.129983258757343,0.00266029682137882,-0.0027808500332297));
#3309=CARTESIAN_POINT('',(0.130999063559732,-0.000340168854135428,-0.0165743562032323));
#3310=CARTESIAN_POINT('',(0.130963033859193,-0.000224390382961621,-0.0115689197672909));
#3311=CARTESIAN_POINT('',(0.130943245685307,-0.000130798078961901,-0.00656327554261291));
#3312=CARTESIAN_POINT('',(0.130927578054707,-4.65594467882148E-5,-0.0015575448786805));
#3313=CARTESIAN_POINT('',(0.130911065116803,-2.71906699502399E-11,-0.00166821684248591));
#3314=CARTESIAN_POINT('',(0.130061718016841,0.00243006823517034,-0.00285090274455037));
#3315=CARTESIAN_POINT('',(0.129209376120954,0.00485929034459512,-0.00403317683384226));
#3316=CARTESIAN_POINT('',(0.128351848167196,0.00728703488804131,-0.00521473180899266));
#3317=CARTESIAN_POINT('',(0.130911065112051,-1.35953365304313E-11,-0.00166821684894279));
#3318=CARTESIAN_POINT('',(0.128351850598717,0.00728703643235605,-0.00521473242025791));
#3319=CARTESIAN_POINT('',(0.128351847636026,0.00728703643620912,-0.00521473228179846));
#3320=CARTESIAN_POINT('',(0.128171303346872,0.00717961470442323,-0.00907494535613264));
#3321=CARTESIAN_POINT('',(0.128114596012044,0.00639724655293482,-0.0129141938871082));
#3322=CARTESIAN_POINT('',(0.128461661668265,0.00499281024663202,-0.0165000006792245));
#3323=CARTESIAN_POINT('',(0.128461665310615,0.00499281036634494,-0.0165000003735735));
#3324=CARTESIAN_POINT('',(0.130836133295379,-1.21948990861088E-9,-0.0165));
#3325=CARTESIAN_POINT('',(0.130039188727078,0.00166166945738929,-0.0165));
#3326=CARTESIAN_POINT('',(0.129246694294763,0.00332547413537282,-0.0165));
#3327=CARTESIAN_POINT('',(0.128461663083177,0.00499280736789036,-0.0165));
#3328=CARTESIAN_POINT('',(0.13083613300305,-6.09744954066008E-10,-0.0164999999870523));
#3329=CARTESIAN_POINT('',(0.1309110651073,-3.11062261967301E-18,-0.00166821685539967));
#3330=CARTESIAN_POINT('',(0.130896118685432,-3.11062261967301E-18,-0.00661219119268367));
#3331=CARTESIAN_POINT('',(0.130877069017645,-3.26984780485548E-19,-0.0115561701087851));
#3332=CARTESIAN_POINT('',(0.130836132710721,-3.26984780485548E-19,-0.0164999999741046));
#3333=CARTESIAN_POINT('',(0.00150098000814961,-0.000340078305277914,-0.0165743599223613));
#3334=CARTESIAN_POINT('',(0.00153701044560308,-0.000224286365728841,-0.0115689419747002));
#3335=CARTESIAN_POINT('',(0.00155679925347764,-0.000130680742061789,-0.00656331617550874));
#3336=CARTESIAN_POINT('',(0.00157246751492834,-4.64288231142059E-5,-0.00155760391122038));
#3337=CARTESIAN_POINT('',(0.00240138131426879,0.00153127639885893,-0.0166493878110755));
#3338=CARTESIAN_POINT('',(0.00245263268774378,0.00192539065682502,-0.0120266655957688));
#3339=CARTESIAN_POINT('',(0.00248552080046501,0.00229425232257101,-0.00740243788057187));
#3340=CARTESIAN_POINT('',(0.00251422450961291,0.0026530827774371,-0.00277758965003442));
#3341=CARTESIAN_POINT('',(0.00330121068446718,0.00340328830062072,-0.0167177679190009));
#3342=CARTESIAN_POINT('',(0.00336820829306243,0.00407663922906338,-0.012479256006564));
#3343=CARTESIAN_POINT('',(0.00341417911635867,0.00472083680066621,-0.00823730895634039));
#3344=CARTESIAN_POINT('',(0.00345593856250062,0.00535426976479865,-0.00399398356027146));
#3345=CARTESIAN_POINT('',(0.00419805891955336,0.00527750970757025,-0.0167726612603293));
#3346=CARTESIAN_POINT('',(0.00428286537706133,0.00623127735558601,-0.0129228192106376));
#3347=CARTESIAN_POINT('',(0.00434193916214201,0.00715053476007504,-0.00906498913322918));
#3348=CARTESIAN_POINT('',(0.00439696435215026,0.00805838365920476,-0.00520456536457302));
#3349=CARTESIAN_POINT('',(0.0016638666508663,-1.19370825108474E-9,-0.0165));
#3350=CARTESIAN_POINT('',(0.00246081021331035,0.00166166864377181,-0.0165));
#3351=CARTESIAN_POINT('',(0.0032533028514915,0.00332547748903389,-0.0165));
#3352=CARTESIAN_POINT('',(0.00403833616332203,0.00499280772264883,-0.0165));
#3353=CARTESIAN_POINT('',(0.00166386693701499,-5.96854125540793E-10,-0.016499999987326));
#3354=CARTESIAN_POINT('',(0.00403833679097347,0.0049928089996454,-0.0165000003013016));
#3355=CARTESIAN_POINT('',(0.00403833741862484,0.00499281027664177,-0.0165000006026029));
#3356=CARTESIAN_POINT('',(0.00438544684443232,0.00639741664355704,-0.0129137595857872));
#3357=CARTESIAN_POINT('',(0.00432870572333034,0.0071796091932824,-0.00907514334027707));
#3358=CARTESIAN_POINT('',(0.00414815205752464,0.00728703643581055,-0.00521473229612));
#3359=CARTESIAN_POINT('',(0.00414814924805774,0.00728703643215678,-0.00521473242741869));
#3360=CARTESIAN_POINT('',(0.00158893488294732,-2.71203835804011E-11,-0.00166821684252012));
#3361=CARTESIAN_POINT('',(0.00243828196512789,0.00243006824553509,-0.00285090274959478));
#3362=CARTESIAN_POINT('',(0.00329062285002543,0.00485929063280571,-0.00403317697411099));
#3363=CARTESIAN_POINT('',(0.00414815155382462,0.0072870349677099,-0.00521473184776643));
#3364=CARTESIAN_POINT('',(0.0015889348349612,-1.35601918723026E-11,-0.00166821684911971));
#3365=CARTESIAN_POINT('',(0.0016638672231637,3.10157462732722E-18,-0.0164999999746521));
#3366=CARTESIAN_POINT('',(0.00162293102067021,3.10157462732722E-18,-0.0115561704341962));
#3367=CARTESIAN_POINT('',(0.00160388131315356,2.15993401549847E-20,-0.00661219110400089));
#3368=CARTESIAN_POINT('',(0.00158893489242536,2.15993401549847E-20,-0.00166821685540013));
#3369=CARTESIAN_POINT('',(0.,-0.0262,-0.0042828574404142));
#3370=CARTESIAN_POINT('',(0.00414814643859085,0.00728703642850301,-0.00521473255871741));
#3371=CARTESIAN_POINT('',(0.00403833023762294,0.00499281051266072,-0.0165));
#3372=CARTESIAN_POINT('',(0.0638932349014783,0.00656611969209866,-0.0113319517426727));
#3373=CARTESIAN_POINT('',(0.0662503039874687,0.00631856598893941,-0.0123209710526131));
#3374=CARTESIAN_POINT('',(0.0686055491487029,0.00656603844522541,-0.0113320128563582));
#3375=CARTESIAN_POINT('',(0.0695691890503859,0.00699858416077679,-0.00901296591326636));
#3376=CARTESIAN_POINT('',(0.0686174818757215,0.00723194895436714,-0.00665149270845095));
#3377=CARTESIAN_POINT('',(0.0662488868191036,0.00726864362945386,-0.00566135627017193));
#3378=CARTESIAN_POINT('',(0.0638847661225437,0.0072319209307582,-0.00665093115536704));
#3379=CARTESIAN_POINT('',(0.0629305334775801,0.00699920521738461,-0.00900866562794488));
#3380=CARTESIAN_POINT('',(0.0638932349014783,0.00656611969209866,-0.0113319517426727));
#3381=CARTESIAN_POINT('',(0.0662503039874687,0.00631856598893941,-0.0123209710526131));
#3382=CARTESIAN_POINT('',(0.0686055491487029,0.00656603844522541,-0.0113320128563582));
#3383=CARTESIAN_POINT('',(0.0662500000000093,0.00640107034884695,-0.0119913081349139));
#3384=CARTESIAN_POINT('',(0.0067432349014783,0.00656611969209866,-0.0113319517426728));
#3385=CARTESIAN_POINT('',(0.00910030398746867,0.00631856598893941,-0.0123209710526131));
#3386=CARTESIAN_POINT('',(0.0114555491487028,0.00656603844522541,-0.0113320128563582));
#3387=CARTESIAN_POINT('',(0.0124191890503859,0.00699858416077679,-0.00901296591326635));
#3388=CARTESIAN_POINT('',(0.0114674818757215,0.00723194895436713,-0.00665149270845096));
#3389=CARTESIAN_POINT('',(0.00909888681910358,0.00726864362945386,-0.00566135627017193));
#3390=CARTESIAN_POINT('',(0.00673476612254368,0.0072319209307582,-0.00665093115536704));
#3391=CARTESIAN_POINT('',(0.00578053347758003,0.00699920521738461,-0.00900866562794487));
#3392=CARTESIAN_POINT('',(0.0067432349014783,0.00656611969209866,-0.0113319517426728));
#3393=CARTESIAN_POINT('',(0.00910030398746867,0.00631856598893941,-0.0123209710526131));
#3394=CARTESIAN_POINT('',(0.0114555491487028,0.00656603844522541,-0.0113320128563582));
#3395=CARTESIAN_POINT('',(0.0091000000000093,0.00640107034884695,-0.0119913081349139));
#3396=CARTESIAN_POINT('',(0.121043234901478,0.00656611969209866,-0.0113319517426728));
#3397=CARTESIAN_POINT('',(0.123400303987469,0.00631856598893941,-0.0123209710526131));
#3398=CARTESIAN_POINT('',(0.125755549148703,0.00656603844522541,-0.0113320128563582));
#3399=CARTESIAN_POINT('',(0.126719189050386,0.00699858416077679,-0.00901296591326633));
#3400=CARTESIAN_POINT('',(0.125767481875721,0.00723194895436713,-0.00665149270845095));
#3401=CARTESIAN_POINT('',(0.123398886819103,0.00726864362945386,-0.00566135627017192));
#3402=CARTESIAN_POINT('',(0.121034766122544,0.0072319209307582,-0.00665093115536707));
#3403=CARTESIAN_POINT('',(0.12008053347758,0.0069992052173846,-0.00900866562794486));
#3404=CARTESIAN_POINT('',(0.121043234901478,0.00656611969209866,-0.0113319517426728));
#3405=CARTESIAN_POINT('',(0.123400303987469,0.00631856598893941,-0.0123209710526131));
#3406=CARTESIAN_POINT('',(0.125755549148703,0.00656603844522541,-0.0113320128563582));
#3407=CARTESIAN_POINT('',(0.123400000000009,0.00640107034884695,-0.0119913081349139));
#3408=CARTESIAN_POINT('',(0.,-0.00065641872255659,-0.00134874551368194));
#3409=CARTESIAN_POINT('',(0.,0.,-0.0016682168557193));
#3410=CARTESIAN_POINT('',(0.,0.0088,-0.0165));
#3411=CARTESIAN_POINT('',(0.,0.,-0.0165));
#3412=CARTESIAN_POINT('',(0.129349189308273,0.00635253545329268,-0.0177811365185274));
#3413=CARTESIAN_POINT('',(0.129297294416668,0.00745284075103779,-0.0134974315320909));
#3414=CARTESIAN_POINT('',(0.129245399525063,0.00855314604878291,-0.00921372654565438));
#3415=CARTESIAN_POINT('',(0.129193504633458,0.00965345134652802,-0.00493002155921785));
#3416=CARTESIAN_POINT('',(0.129385182289224,0.00627996787944231,-0.017780246889577));
#3417=CARTESIAN_POINT('',(0.12933388021389,0.00736770394612384,-0.0134791296425595));
#3418=CARTESIAN_POINT('',(0.129282578138556,0.00845544001280537,-0.00917801239554209));
#3419=CARTESIAN_POINT('',(0.129231276063222,0.00954317607948689,-0.00487689514852465));
#3420=CARTESIAN_POINT('',(0.129928313894988,0.00518492818363502,-0.017766822449933));
#3421=CARTESIAN_POINT('',(0.12988595737639,0.00608299541849389,-0.0132029553889399));
#3422=CARTESIAN_POINT('',(0.129843600857792,0.00698106265335278,-0.0086390883279467));
#3423=CARTESIAN_POINT('',(0.129801244339194,0.00787912988821166,-0.00407522126695355));
#3424=CARTESIAN_POINT('',(0.130978584125563,0.00306741636587078,-0.0177408631995955));
#3425=CARTESIAN_POINT('',(0.130953525904167,0.00359871516814797,-0.0126689087712318));
#3426=CARTESIAN_POINT('',(0.130928467682771,0.00413001397042514,-0.0075969543428682));
#3427=CARTESIAN_POINT('',(0.130903409461375,0.00466131277270232,-0.00252499991450455));
#3428=CARTESIAN_POINT('',(0.131992861375188,0.00102247212195693,-0.0177157935782084));
#3429=CARTESIAN_POINT('',(0.131984508634722,0.00119957172271599,-0.0121531640430552));
#3430=CARTESIAN_POINT('',(0.131976155894257,0.00137667132347505,-0.00659053450790198));
#3431=CARTESIAN_POINT('',(0.131967803153792,0.00155377092423411,-0.00102790497274876));
#3432=CARTESIAN_POINT('',(0.1325,0.,-0.0177032587675149));
#3433=CARTESIAN_POINT('',(0.1325,0.,-0.0118952916789669));
#3434=CARTESIAN_POINT('',(0.1325,0.,-0.00608732459041887));
#3435=CARTESIAN_POINT('',(0.1325,0.,-0.00027935750187086));
#3436=CARTESIAN_POINT('',(0.1325,0.,0.));
#3437=CARTESIAN_POINT('',(0.,0.,-0.017703258767512));
#3438=CARTESIAN_POINT('',(0.,0.,-0.0118952916791132));
#3439=CARTESIAN_POINT('',(0.,0.,-0.00608732459071446));
#3440=CARTESIAN_POINT('',(0.,0.,-0.000279357502315672));
#3441=CARTESIAN_POINT('',(0.000507138624812286,0.00102247212195702,-0.0177157935782057));
#3442=CARTESIAN_POINT('',(0.000515491365277442,0.00119957172271152,-0.0121531640431954));
#3443=CARTESIAN_POINT('',(0.000523844105742598,0.00137667132346603,-0.00659053450818508));
#3444=CARTESIAN_POINT('',(0.000532196846207754,0.00155377092422054,-0.00102790497317478));
#3445=CARTESIAN_POINT('',(0.00152141587443686,0.00306741636587104,-0.017740863199593));
#3446=CARTESIAN_POINT('',(0.00154647409583232,0.00359871516813457,-0.0126689087713597));
#3447=CARTESIAN_POINT('',(0.00157153231722779,0.00413001397039809,-0.00759695434312633));
#3448=CARTESIAN_POINT('',(0.00159659053862326,0.00466131277266162,-0.00252499991489299));
#3449=CARTESIAN_POINT('',(0.00257169049609983,0.00518493703676616,-0.0177668225584641));
#3450=CARTESIAN_POINT('',(0.00261404708701929,0.00608300580502853,-0.0132029576218568));
#3451=CARTESIAN_POINT('',(0.00265640367793874,0.00698107457329091,-0.00863909268524953));
#3452=CARTESIAN_POINT('',(0.00269876026885819,0.00787914334155328,-0.00407522774864223));
#3453=CARTESIAN_POINT('',(0.00311482649295051,0.00627998558570426,-0.0177802471066415));
#3454=CARTESIAN_POINT('',(0.0031661287129288,0.00736772471921096,-0.0134791341082718));
#3455=CARTESIAN_POINT('',(0.00321743093290709,0.00845546385271767,-0.0091780211099021));
#3456=CARTESIAN_POINT('',(0.00326873315288537,0.00954320298622438,-0.00487690811153237));
#3457=CARTESIAN_POINT('',(0.0031508238649889,0.00635256201268533,-0.0177811368441253));
#3458=CARTESIAN_POINT('',(0.00320271897356087,0.00745287191068186,-0.0134974382306047));
#3459=CARTESIAN_POINT('',(0.00325461408213284,0.00855318180867841,-0.00921373961708405));
#3460=CARTESIAN_POINT('',(0.0033065091907048,0.00965349170667495,-0.00493004100356339));
#3461=CARTESIAN_POINT('',(0.,0.,0.));
#3462=CARTESIAN_POINT('',(0.,-0.0262,-0.0042828574404142));
#3463=CARTESIAN_POINT('',(0.,0.,0.));
#3464=CARTESIAN_POINT('',(0.,0.,0.));
#3465=CARTESIAN_POINT('',(0.,0.0088,-0.018));
#3466=CARTESIAN_POINT('',(0.,0.,-0.018));
#3467=CARTESIAN_POINT('',(0.,0.,0.));
#3468=CARTESIAN_POINT('',(0.0662500000000093,0.00929558111399377,-0.00899130813491385));
#3469=CARTESIAN_POINT('',(0.0091000000000093,0.00929558111399377,-0.00899130813491385));
#3470=CARTESIAN_POINT('',(0.123400000000009,0.00929558111399377,-0.00899130813491385));
#3471=MECHANICAL_DESIGN_GEOMETRIC_PRESENTATION_REPRESENTATION('',(#1721),
#3472);
#3472=(
GEOMETRIC_REPRESENTATION_CONTEXT(3)
GLOBAL_UNCERTAINTY_ASSIGNED_CONTEXT((#3473))
GLOBAL_UNIT_ASSIGNED_CONTEXT((#3476,#3475,#3474))
REPRESENTATION_CONTEXT('r4_700','TOP_LEVEL_ASSEMBLY_PART')
);
#3473=UNCERTAINTY_MEASURE_WITH_UNIT(LENGTH_MEASURE(2.E-5),#3476,
'DISTANCE_ACCURACY_VALUE','Maximum Tolerance applied to model');
#3474=(
NAMED_UNIT(*)
SI_UNIT($,.STERADIAN.)
SOLID_ANGLE_UNIT()
);
#3475=(
NAMED_UNIT(*)
PLANE_ANGLE_UNIT()
SI_UNIT($,.RADIAN.)
);
#3476=(
LENGTH_UNIT()
NAMED_UNIT(*)
SI_UNIT($,.METRE.)
);
#3477=PRODUCT_DEFINITION_SHAPE('','',#3478);
#3478=PRODUCT_DEFINITION('','',#3480,#3479);
#3479=PRODUCT_DEFINITION_CONTEXT('',#3486,'design');
#3480=PRODUCT_DEFINITION_FORMATION_WITH_SPECIFIED_SOURCE('','',#3482,
 .NOT_KNOWN.);
#3481=PRODUCT_RELATED_PRODUCT_CATEGORY('','',(#3482));
#3482=PRODUCT('r4_700','r4_700','r4_700',(#3484));
#3483=PRODUCT_CATEGORY('','');
#3484=PRODUCT_CONTEXT('',#3486,'mechanical');
#3485=APPLICATION_PROTOCOL_DEFINITION('international standard',
'ap242_managed_model_based_3d_engineering',2020,#3486);
#3486=APPLICATION_CONTEXT('managed model based 3d engineering');
ENDSEC;
END-ISO-10303-21;
